"STATION","DATE","SOURCE","LATITUDE","LONGITUDE","ELEVATION","NAME","REPORT_TYPE","CALL_SIGN","QUALITY_CONTROL","WND","CIG","VIS","TMP","DEW","SLP","AA1","GA1","GA2","GA3","GE1","GF1","KA1","KA2","MA1","MD1","ME1","REM","EQD"
"43272099999","2022-01-04T03:00:00","4","13.2","78.0666666","857.0","CHINTAMANI, IN","FM-12","99999","V020","999,9,C,0000,1","99999,9,9,N","004000,1,9,9","+0182,1","+0163,1","99999,9",,"02,1,+00800,1,06,1","99,9,+99999,9,03,1","99,9,+99999,9,00,1","9,AGL   ,+99999,+99999","05,99,1,02,1,99,9,00800,1,99,9,99,9","240,M,+0269,1","240,N,+0147,1","99999,9,09213,1",,"3,1545,9","SYN08643272 32596 51400 10182 20163 39213 48545 82532 333 10269 20147 56299 58000 555 10001=",
"43272099999","2022-01-05T03:00:00","4","13.2","78.0666666","857.0","CHINTAMANI, IN","FM-12","99999","V020","140,1,N,0005,1","99999,9,9,N","010000,1,9,9","+0178,1","+0148,1","99999,9",,,,,,,"240,M,+0261,1","240,N,+0151,1","99999,9,09213,1","9,9,999,9,+000,1","3,1542,9","SYN07443272 32997 01401 10178 20148 39213 48542 333 10261 20151 58000 555 10001=",
"43272099999","2022-01-06T03:00:00","4","13.2","78.0666666","857.0","CHINTAMANI, IN","FM-12","99999","V020","999,9,C,0000,1","99999,9,9,N","004000,1,9,9","+0184,1","+0161,1","99999,9",,"03,1,+00800,1,07,1","99,9,+99999,9,03,1","99,9,+99999,9,00,1","9,AGL   ,+99999,+99999","06,99,1,03,1,99,9,00800,1,99,9,99,9","240,M,+0279,1","240,N,+0158,1","99999,9,09212,1",,"3,1544,9","SYN08643272 32596 61400 10184 20161 39212 48544 83632 333 10279 20158 56299 59001 555 10001=",
"43272099999","2022-01-10T03:00:00","4","13.2","78.0666666","857.0","CHINTAMANI, IN","FM-12","99999","V020","140,1,N,0010,1","99999,9,9,N","002000,1,9,9","+0200,1","+0175,1","99999,9",,"03,1,+00800,1,07,1","99,9,+99999,9,03,1","99,9,+99999,9,00,1","9,AGL   ,+99999,+99999","07,99,1,03,1,99,9,00800,1,99,9,99,9","240,M,+0286,1","240,N,+0158,1","99999,9,09191,1",,"3,1526,9","SYN08643272 32595 71402 10200 20175 39191 48526 83642 333 10286 20158 56299 59007 555 10001=",
"43272099999","2022-01-14T03:00:00","4","13.2","78.0666666","857.0","CHINTAMANI, IN","FM-12","99999","V020","140,1,N,0010,1","99999,9,9,N","010000,1,9,9","+0196,1","+0157,1","99999,9",,,,,,,"240,M,+0297,1","240,N,+0143,1","99999,9,09187,1","9,9,999,9,+009,1","3,1522,9","SYN07443272 32997 01402 10196 20157 39187 48522 333 10297 20143 58009 555 10001=",
"43272099999","2022-01-17T03:00:00","4","13.2","78.0666666","857.0","CHINTAMANI, IN","FM-12","99999","V020","140,1,N,0010,1","99999,9,9,N","002000,1,9,9","+0198,1","+0191,1","99999,9",,"02,1,+00800,1,06,1","99,9,+99999,9,03,1","99,9,+99999,9,00,1","9,AGL   ,+99999,+99999","05,99,1,02,1,99,9,00800,1,99,9,99,9","240,M,+0301,1","240,N,+0158,1","99999,9,09196,1",,"3,1531,9","SYN08643272 32595 51402 10198 20191 39196 48531 82532 333 10301 20158 56299 58014 555 10001=",
"43272099999","2022-01-18T03:00:00","4","13.2","78.0666666","857.0","CHINTAMANI, IN","FM-12","99999","V020","140,1,N,0005,1","99999,9,9,N","004000,1,9,9","+0188,1","+0159,1","99999,9",,"03,1,+00800,1,07,1","99,9,+99999,9,03,1","99,9,+99999,9,00,1","9,AGL   ,+99999,+99999","06,99,1,03,1,99,9,00800,1,99,9,99,9","240,M,+0276,1","240,N,+0138,1","99999,9,09172,1",,"3,1506,9","SYN08643272 32596 61401 10188 20159 39172 48506 83632 333 10276 20138 56299 59024 555 10001=",
"43272099999","2022-01-19T03:00:00","4","13.2","78.0666666","857.0","CHINTAMANI, IN","FM-12","99999","V020","140,1,N,0010,1","99999,9,9,N","010000,1,9,9","+0196,1","+0161,1","99999,9",,,,,,,"240,M,+0277,1","240,N,+0158,1","99999,9,09197,1","9,9,999,9,+025,1","3,1532,9","SYN07443272 32997 01402 10196 20161 39197 48532 333 10277 20158 58025 555 10001=",
"43272099999","2022-01-20T03:00:00","4","13.2","78.0666666","857.0","CHINTAMANI, IN","FM-12","99999","V020","050,1,N,0010,1","99999,9,9,N","010000,1,9,9","+0190,1","+0140,1","99999,9",,,,,,,"240,M,+0276,1","240,N,+0121,1","99999,9,09193,1","9,9,999,9,-004,1","3,1526,9","SYN07443272 32997 00502 10190 20140 39193 48526 333 10276 20121 59004 555 10001=",
"43272099999","2022-01-22T03:00:00","4","13.2","78.0666666","857.0","CHINTAMANI, IN","FM-12","99999","V020","230,1,N,0005,1","99999,9,9,N","010000,1,9,9","+0214,1","+0122,1","99999,9",,,,,,,"240,M,+0316,1","240,N,+0135,1","99999,9,09172,1","9,9,999,9,-010,1","3,1513,9","SYN07443272 32997 02301 10214 20122 39172 48513 333 10316 20135 59010 555 10001=",
"43272099999","2022-01-25T03:00:00","4","13.2","78.0666666","857.0","CHINTAMANI, IN","FM-12","99999","V020","140,1,N,0005,1","99999,9,9,N","010000,1,9,9","+0202,1","+0174,1","99999,9",,,,,,,"240,M,+0317,1","240,N,+0157,1","99999,9,09169,1","9,9,999,9,-005,1","3,1508,9","SYN07443272 32997 01401 10202 20174 39169 48508 333 10317 20157 59005 555 10001=",
"43272099999","2022-01-26T03:00:00","4","13.2","78.0666666","857.0","CHINTAMANI, IN","FM-12","99999","V020","999,9,C,0000,1","99999,9,9,N","010000,1,9,9","+0210,1","+0176,1","99999,9",,,,,,,"240,M,+0299,1","240,N,+0163,1","99999,9,09161,1","9,9,999,9,-008,1","3,1500,9","SYN08043272 32997 01400 10210 20176 39161 48500 8//// 333 10299 20163 59008 555 10001=",
"43272099999","2022-01-27T03:00:00","4","13.2","78.0666666","857.0","CHINTAMANI, IN","FM-12","99999","V020","140,1,N,0005,1","99999,9,9,N","002000,1,9,9","+0200,1","+0168,1","99999,9","24,0004,3,1","03,1,+00800,1,07,1","99,9,+99999,9,03,1","99,9,+99999,9,00,1","9,AGL   ,+99999,+99999","07,99,1,03,1,99,9,00800,1,99,9,99,9","240,M,+0311,1","240,N,+0181,1","99999,9,09180,1",,"3,1516,9","SYN09843272 22595 71401 10200 20168 39180 48516 83742 333 10311 20181 56299 58019 6994/ 555 00004 10001=",
"43272099999","2022-01-28T03:00:00","4","13.2","78.0666666","857.0","CHINTAMANI, IN","FM-12","99999","V020","999,9,C,0000,1","99999,9,9,N","002000,1,9,9","+0246,1","+0198,1","99999,9",,"03,1,+00800,1,07,1","99,9,+99999,9,03,1","99,9,+99999,9,00,1","9,AGL   ,+99999,+99999","06,99,1,03,1,99,9,00800,1,99,9,99,9","240,M,+0256,1",,"99999,9,09156,1",,"3,1505,9","SYN07043272 32595 61400 10246 20198 39156 48505 83632 333 10256 56299 58011=",
"43272099999","2022-01-29T03:00:00","4","13.2","78.0666666","857.0","CHINTAMANI, IN","FM-12","99999","V020","999,9,C,0000,1","99999,9,9,N","004000,1,9,9","+0180,1","+0150,1","99999,9",,"03,1,+00800,1,07,1","99,9,+99999,9,03,1","99,9,+99999,9,00,1","9,AGL   ,+99999,+99999","08,99,1,03,1,99,9,00800,1,99,9,99,9","240,M,+0257,1","240,N,+0148,1","99999,9,09193,1",,"3,1523,9","SYN08643272 32596 80500 10180 20150 39193 48523 83632 333 10257 20148 56299 58001 555 10001=",
"43272099999","2022-01-31T03:00:00","4","13.2","78.0666666","857.0","CHINTAMANI, IN","FM-12","99999","V020","140,1,N,0005,1","99999,9,9,N","010000,1,9,9","+0230,1","+0194,1","99999,9",,,,,,,"240,M,+0311,1","240,N,+0175,1","99999,9,09189,1","9,9,999,9,-004,1","3,1531,9","SYN07443272 32997 01401 10230 20194 39189 48531 333 10311 20175 59004 555 10001=",
"43272099999","2022-02-01T03:00:00","4","13.2","78.0666666","857.0","CHINTAMANI, IN","FM-12","99999","V020","999,9,C,0000,1","99999,9,9,N","004000,1,9,9","+0200,1","+0181,1","99999,9",,"03,1,+00800,1,07,1","99,9,+99999,9,03,1","99,9,+99999,9,00,1","9,AGL   ,+99999,+99999","06,99,1,03,1,99,9,00800,1,99,9,99,9","240,M,+0307,1","240,N,+0183,1","99999,9,09179,1",,"3,1516,9","SYN07643272 32596 61400 10200 20181 39179 48516 83632 333 10307 20183 56299 59010=",
"43272099999","2022-02-03T03:00:00","4","13.2","78.0666666","857.0","CHINTAMANI, IN","FM-12","99999","V020","140,1,N,0010,1","99999,9,9,N","010000,1,9,9","+0316,1","+0170,1","99999,9",,,,,,,"240,M,+0316,1","240,N,+0171,1","99999,9,09181,1","9,9,999,9,+000,1","3,1514,9","SYN07443272 32997 01402 10316 20170 39181 48514 333 10316 20171 58000 555 10001=",
"43272099999","2022-02-04T03:00:00","4","13.2","78.0666666","857.0","CHINTAMANI, IN","FM-12","99999","V020","230,1,N,0005,1","99999,9,9,N","010000,1,9,9","+0210,1","+0162,1","99999,9",,,,,,,"240,M,+0306,1","240,N,+0161,1","99999,9,09161,1","9,9,999,9,-020,1","3,1500,9","SYN07443272 32997 02301 10210 20162 39161 48500 333 10306 20161 59020 555 10001=",
"43272099999","2022-02-05T03:00:00","4","13.2","78.0666666","857.0","CHINTAMANI, IN","FM-12","99999","V020","140,1,N,0010,1","99999,9,9,N","004000,1,9,9","+0210,1","+0185,1","99999,9",,"05,1,+00800,1,08,1","99,9,+99999,9,03,1","99,9,+99999,9,00,1","9,AGL   ,+99999,+99999","05,99,1,05,1,99,9,00800,1,99,9,99,9","240,M,+0316,1","240,N,+0171,1","99999,9,09168,1",,"3,1507,9","SYN08643272 32596 51402 10210 20185 39168 48507 85232 333 10316 20171 56299 58007 555 10001=",
"43272099999","2022-02-06T03:00:00","4","13.2","78.0666666","857.0","CHINTAMANI, IN","FM-12","99999","V020","140,1,N,0005,1","99999,9,9,N","004000,1,9,9","+0206,1","+0184,1","99999,9",,"03,1,+00800,1,07,1","99,9,+99999,9,03,1","99,9,+99999,9,00,1","9,AGL   ,+99999,+99999","06,99,1,03,1,99,9,00800,1,99,9,99,9","240,M,+0311,1","240,N,+0168,1","99999,9,09166,1",,"3,1505,9","SYN07643272 32596 61401 10206 20184 39166 48505 83632 333 10311 20168 56299 59002=",
"43272099999","2022-02-10T03:00:00","4","13.2","78.0666666","857.0","CHINTAMANI, IN","FM-12","99999","V020","140,1,N,0010,1","99999,9,9,N","010000,1,9,9","+0188,1","+0145,1","99999,9",,,,,,,"240,M,+0291,1","240,N,+0133,1","99999,9,09187,1","9,9,999,9,-004,1","3,1520,9","SYN08043272 32997 01402 10188 20145 39187 48520 8//// 333 10291 20133 59004 555 10001=",
"43272099999","2022-02-11T03:00:00","4","13.2","78.0666666","857.0","CHINTAMANI, IN","FM-12","99999","V020","999,9,C,0000,1","99999,9,9,N","010000,1,9,9","+0210,1","+0109,1","99999,9",,,,,,,"240,M,+0291,1","240,N,+0118,1","99999,9,09174,1","9,9,999,9,-013,1","3,1513,9","SYN08043272 32997 00500 10210 20109 39174 48513 8//// 333 10291 20118 59013 555 10001=",
"43272099999","2022-02-12T03:00:00","4","13.2","78.0666666","857.0","CHINTAMANI, IN","FM-12","99999","V020","140,1,N,0005,1","99999,9,9,N","010000,1,9,9","+0208,1","+0180,1","99999,9",,,,,,,"240,M,+0296,1","240,N,+0128,1","99999,9,09186,1","9,9,999,9,+012,1","3,1523,9","SYN08043272 32997 01401 10208 20180 39186 48523 8//// 333 10296 20128 58012 555 10001=",
"43272099999","2022-02-13T03:00:00","4","13.2","78.0666666","857.0","CHINTAMANI, IN","FM-12","99999","V020","140,1,N,0005,1","99999,9,9,N","010000,1,9,9","+0210,1","+0162,1","99999,9",,,,,,,"240,M,+0295,1","240,N,+0139,1","99999,9,09194,1","9,9,999,9,+008,1","3,1531,9","SYN08043272 32997 01401 10210 20162 39194 48531 8//// 333 10295 20139 58008 555 10001=",
"43272099999","2022-02-15T03:00:00","4","13.2","78.0666666","857.0","CHINTAMANI, IN","FM-12","99999","V020","140,1,N,0005,1","99999,9,9,N","004000,1,9,9","+0194,1","+0165,1","99999,9",,"03,1,+00800,1,07,1","99,9,+99999,9,03,1","99,9,+99999,9,00,1","9,AGL   ,+99999,+99999","06,99,1,03,1,99,9,00800,1,99,9,99,9","240,M,+0289,1","240,N,+0169,1","99999,9,09180,1",,"3,1516,9","SYN08643272 32596 61401 10194 20165 39180 48516 83632 333 10289 20169 56299 58016 555 10001=",
"43272099999","2022-02-17T03:00:00","4","13.2","78.0666666","857.0","CHINTAMANI, IN","FM-12","99999","V020","140,1,N,0005,1","99999,9,9,N","010000,1,9,9","+0198,1","+0111,1","99999,9",,,,,,,"240,M,+0287,1","240,N,+0143,1","99999,9,09152,1","9,9,999,9,-009,1","3,1490,9","SYN08043272 32997 01401 10198 20111 39152 48490 8//// 333 10287 20143 59009 555 10001=",
"43272099999","2022-02-18T03:00:00","4","13.2","78.0666666","857.0","CHINTAMANI, IN","FM-12","99999","V020","140,1,N,0005,1","99999,9,9,N","010000,1,9,9","+0188,1","+0152,1","99999,9",,,,,,,"240,M,+0301,1","240,N,+0153,1","99999,9,09162,1","9,9,999,9,+010,1","3,1497,9","SYN08043272 32997 01401 10188 20152 39162 48497 8//// 333 10301 20153 58010 555 10001=",
"43272099999","2022-02-19T12:00:00","4","13.2","78.0666666","857.0","CHINTAMANI, IN","FM-12","99999","V020","140,1,N,0010,1","99999,9,9,N","010000,1,9,9","+0286,1","+0184,1","99999,9",,,,,,,"240,M,+0301,1",,"99999,9,09128,1","9,9,999,9,-005,1","3,1486,9","SYN06443272 32997 01402 10286 20184 39128 48486 8//// 333 10301 59005=",
"43272099999","2022-02-20T03:00:00","4","13.2","78.0666666","857.0","CHINTAMANI, IN","FM-12","99999","V020","140,1,N,0005,1","99999,9,9,N","010000,1,9,9","+0188,1","+0159,1","99999,9",,,,,,,"240,M,+0301,1","240,N,+0153,1","99999,9,09163,1","9,9,999,9,-009,1","3,1498,9","SYN08043272 32997 01401 10188 20159 39163 48498 8//// 333 10301 20153 59009 555 10001=",
"43272099999","2022-02-26T03:00:00","4","13.2","78.0666666","857.0","CHINTAMANI, IN","FM-12","99999","V020","140,1,N,0005,1","99999,9,9,N","010000,1,9,9","+0188,1","+0152,1","99999,9",,,,,,,"240,M,+0319,1","240,N,+0133,1","99999,9,09207,1","9,9,999,9,-004,1","3,1539,9","SYN07443272 32997 01401 10188 20152 39207 48539 333 10319 20133 59004 555 10001=",
"43272099999","2022-02-27T03:00:00","4","13.2","78.0666666","857.0","CHINTAMANI, IN","FM-12","99999","V020","140,1,N,0005,1","99999,9,9,N","010000,1,9,9","+0194,1","+0152,1","99999,9",,,,,,,"240,M,+0321,1","240,N,+0143,1","99999,9,09209,1","9,9,999,9,-002,1","3,1544,9","SYN07443272 32997 01401 10194 20152 39209 48544 333 10321 20143 59002 555 10001=",
"43272099999","2022-02-28T03:00:00","4","13.2","78.0666666","857.0","CHINTAMANI, IN","FM-12","99999","V020","140,1,N,0005,1","99999,9,9,N","010000,1,9,9","+0210,1","+0144,1","99999,9",,,,,,,"240,M,+0306,1","240,N,+0128,1","99999,9,09202,1","9,9,999,9,-007,1","3,1538,9","SYN07443272 32997 01401 10210 20144 39202 48538 333 10306 20128 59007 555 10001=",
"43272099999","2022-03-01T03:00:00","4","13.2","78.0666666","857.0","CHINTAMANI, IN","FM-12","99999","V020","140,1,N,0005,1","99999,9,9,N","010000,1,9,9","+0216,1","+0155,1","99999,9",,,,,,,"240,M,+0309,1","240,N,+0143,1","99999,9,09205,1","9,9,999,9,+003,1","3,1543,9","SYN07443272 32997 01401 10216 20155 39205 48543 333 10309 20143 58003 555 10000=",
"43272099999","2022-03-02T03:00:00","4","13.2","78.0666666","857.0","CHINTAMANI, IN","FM-12","99999","V020","140,1,N,0005,1","99999,9,9,N","010000,1,9,9","+0210,1","+0105,1","99999,9",,,,,,,"240,M,+0313,1","240,N,+0123,1","99999,9,09202,1","9,9,999,9,-003,1","3,1538,9","SYN07443272 32997 01401 10210 20105 39202 48538 333 10313 20123 59003 555 10000=",
"43272099999","2022-03-04T03:00:00","4","13.2","78.0666666","857.0","CHINTAMANI, IN","FM-12","99999","V020","360,1,N,0005,1","99999,9,9,N","010000,1,9,9","+0212,1","+0116,1","99999,9",,,,,,,"240,M,+0309,1","240,N,+0118,1","99999,9,09187,1","9,9,999,9,-005,1","3,1527,9","SYN07443272 32997 03601 10212 20116 39187 48527 333 10309 20118 59005 555 10001=",
"43272099999","2022-03-05T03:00:00","4","13.2","78.0666666","857.0","CHINTAMANI, IN","FM-12","99999","V020","050,1,N,0005,1","99999,9,9,N","010000,1,9,9","+0208,1","+0168,1","99999,9",,,,,,,"240,M,+0307,1","240,N,+0147,1","99999,9,09190,1","9,9,999,9,+003,1","3,1527,9","SYN07443272 32997 00501 10208 20168 39190 48527 333 10307 20147 58003 555 10001=",
"43272099999","2022-03-06T03:00:00","4","13.2","78.0666666","857.0","CHINTAMANI, IN","FM-12","99999","V020","050,1,N,0005,1","99999,9,9,N","010000,1,9,9","+0210,1","+0152,1","99999,9",,,,,,,"240,M,+0309,1","240,N,+0153,1","99999,9,09189,1","9,9,999,9,-001,1","3,1526,9","SYN07443272 32997 00501 10210 20152 39189 48526 333 10309 20153 59001 555 10001=",
"43272099999","2022-03-07T03:00:00","4","13.2","78.0666666","857.0","CHINTAMANI, IN","FM-12","99999","V020","140,1,N,0015,1","99999,9,9,N","002000,1,9,9","+0212,1","+0143,1","99999,9",,"03,1,+00800,1,07,1","99,9,+99999,9,03,1","99,9,+99999,9,00,1","9,AGL   ,+99999,+99999","06,99,1,03,1,99,9,00800,1,99,9,99,9","240,M,+0311,1","240,N,+0143,1","99999,9,09180,1",,"3,1521,9","SYN08643272 32595 61403 10212 20143 39180 48521 83632 333 10311 20143 56299 59009 555 10001=",
"43272099999","2022-03-08T03:00:00","4","13.2","78.0666666","857.0","CHINTAMANI, IN","FM-12","99999","V020","140,1,N,0005,1","99999,9,9,N","010000,1,9,9","+0206,1","+0165,1","99999,9",,,,,,,"240,M,+0273,1","240,N,+0163,1","99999,9,09191,1","9,9,999,9,+011,1","3,1528,9","SYN07443272 32997 01401 10206 20165 39191 48528 333 10273 20163 58011 555 10001=",
"43272099999","2022-03-09T03:00:00","4","13.2","78.0666666","857.0","CHINTAMANI, IN","FM-12","99999","V020","999,9,C,0000,1","99999,9,9,N","010000,1,9,9","+0220,1","+0145,1","99999,9",,,,,,,"240,M,+0319,1","240,N,+0151,1","99999,9,09184,1","9,9,999,9,-007,1","3,1524,9","SYN07443272 32997 00500 10220 20145 39184 48524 333 10319 20151 59007 555 10001=",
"43272099999","2022-03-10T03:00:00","4","13.2","78.0666666","857.0","CHINTAMANI, IN","FM-12","99999","V020","140,1,N,0005,1","99999,9,9,N","010000,1,9,9","+0222,1","+0112,1","99999,9",,,,,,,"240,M,+0323,1","240,N,+0141,1","99999,9,09179,1","9,9,999,9,-005,1","3,1522,9","SYN08043272 32997 01401 10222 20112 39179 48522 8//// 333 10323 20141 59005 555 10001=",
"43272099999","2022-03-12T03:00:00","4","13.2","78.0666666","857.0","CHINTAMANI, IN","FM-12","99999","V020","140,1,N,0005,1","99999,9,9,N","010000,1,9,9","+0258,1","+0040,1","99999,9",,,,,,,"240,M,+0329,1","240,N,+0138,1","99999,9,09169,1","9,9,999,9,+000,1","3,1519,9","SYN07443272 32997 01401 10258 20040 39169 48519 333 10329 20138 58000 555 10001=",
"43272099999","2022-03-13T03:00:00","4","13.2","78.0666666","857.0","CHINTAMANI, IN","FM-12","99999","V020","140,1,N,0005,1","99999,9,9,N","010000,1,9,9","+0250,1","+0072,1","99999,9",,,,,,,"240,M,+0325,1","240,N,+0143,1","99999,9,09167,1","9,9,999,9,-002,1","3,1515,9","SYN07443272 32997 01401 10250 20072 39167 48515 333 10325 20143 59002 555 10001=",
"43272099999","2022-03-15T03:00:00","4","13.2","78.0666666","857.0","CHINTAMANI, IN","FM-12","99999","V020","999,9,C,0000,1","99999,9,9,N","010000,1,9,9","+0236,1","+0138,1","99999,9",,,,,,,"240,M,+0341,1","240,N,+0163,1","99999,9,09168,1","9,9,999,9,-010,1","3,1514,9","SYN07443272 32997 01400 10236 20138 39168 48514 333 10341 20163 59010 555 10001=",
"43272099999","2022-03-18T03:00:00","4","13.2","78.0666666","857.0","CHINTAMANI, IN","FM-12","99999","V020","230,1,N,0010,1","99999,9,9,N","010000,1,9,9","+0248,1","+0152,1","99999,9",,,,,,,"240,M,+0346,1","240,N,+0153,1","99999,9,09157,1","9,9,999,9,+005,1","3,1506,9","SYN07443272 32997 02302 10248 20152 39157 48506 333 10346 20153 58005 555 10001=",
"43272099999","2022-03-19T03:00:00","4","13.2","78.0666666","857.0","CHINTAMANI, IN","FM-12","99999","V020","230,1,N,0005,1","99999,9,9,N","010000,1,9,9","+0244,1","+0183,1","99999,9",,,,,,,"240,M,+0351,1","240,N,+0168,1","99999,9,09141,1","9,9,999,9,-016,1","3,1490,9","SYN07443272 32997 02301 10244 20183 39141 48490 333 10351 20168 59016 555 10001=",
"43272099999","2022-03-20T03:00:00","4","13.2","78.0666666","857.0","CHINTAMANI, IN","FM-12","99999","V020","230,1,N,0005,1","99999,9,9,N","002000,1,9,9","+0238,1","+0173,1","99999,9","24,0000,9,1","03,1,+00800,1,07,1","99,9,+99999,9,03,1","99,9,+99999,9,00,1","9,AGL   ,+99999,+99999","06,99,1,03,1,99,9,00800,1,99,9,99,9","240,M,+0347,1","240,N,+0163,1","99999,9,09150,1",,"3,1497,9","SYN09243272 22595 62301 10238 20173 39150 48497 83632 333 10347 20163 56299 58009 6990/ 555 10001=","Q01  00002PRCP24"
"43272099999","2022-03-21T03:00:00","4","13.2","78.0666666","857.0","CHINTAMANI, IN","FM-12","99999","V020","320,1,N,0005,1","99999,9,9,N","010000,1,9,9","+0250,1","+0199,1","99999,9","24,0000,9,1",,,,,,"240,M,+0349,1","240,N,+0221,1","99999,9,09145,1","9,9,999,9,-005,1","3,1494,9","SYN08043272 22997 03201 10250 20199 39145 48494 333 10349 20221 59005 6990/ 555 10001=","Q01  00002PRCP24"
"43272099999","2022-03-22T03:00:00","4","13.2","78.0666666","857.0","CHINTAMANI, IN","FM-12","99999","V020","230,1,N,0010,1","99999,9,9,N","002000,1,9,9","+0238,1","+0190,1","99999,9","24,0110,3,1","03,1,+00800,1,07,1","99,9,+99999,9,03,1","99,9,+99999,9,00,1","9,AGL   ,+99999,+99999","06,99,1,03,1,99,9,00800,1,99,9,99,9","240,M,+0331,1","240,N,+0198,1","99999,9,09156,1",,"3,1503,9","SYN09843272 22595 62302 10238 20190 39156 48503 83632 333 10331 20198 56299 58011 6011/ 555 00108 10011=",
"43272099999","2022-03-23T03:00:00","4","13.2","78.0666666","857.0","CHINTAMANI, IN","FM-12","99999","V020","140,1,N,0010,1","99999,9,9,N","010000,1,9,9","+0250,1","+0206,1","99999,9",,,,,,,"240,M,+0331,1","240,N,+0208,1","99999,9,09147,1","9,9,999,9,-009,1","3,1496,9","SYN08043272 32997 01402 10250 20206 39147 48496 8//// 333 10331 20208 59009 555 10011=",
"43272099999","2022-03-24T03:00:00","4","13.2","78.0666666","857.0","CHINTAMANI, IN","FM-12","99999","V020","320,1,N,0005,1","99999,9,9,N","002000,1,9,9","+0246,1","+0214,1","99999,9",,"03,1,+00800,1,07,1","99,9,+99999,9,03,1","99,9,+99999,9,00,1","9,AGL   ,+99999,+99999","06,99,1,03,1,99,9,00800,1,99,9,99,9","240,M,+0333,1","240,N,+0225,1","99999,9,09154,1",,"3,1503,9","SYN08643272 32595 63201 10246 20214 39154 48503 83632 333 10333 20225 56299 58007 555 10011=",
"43272099999","2022-03-25T03:00:00","4","13.2","78.0666666","857.0","CHINTAMANI, IN","FM-12","99999","V020","140,1,N,0005,1","99999,9,9,N","002000,1,9,9","+0246,1","+0208,1","99999,9",,"03,1,+00800,1,07,1","99,9,+99999,9,03,1","99,9,+99999,9,00,1","9,AGL   ,+99999,+99999","06,99,1,03,1,99,9,00800,1,99,9,99,9","240,M,+0246,1","240,N,+0208,1","99999,9,09165,1",,"3,1513,9","SYN08643272 32595 61401 10246 20208 39165 48513 83632 333 10246 20208 56299 58011 555 10011=",
"43272099999","2022-03-27T03:00:00","4","13.2","78.0666666","857.0","CHINTAMANI, IN","FM-12","99999","V020","230,1,N,0010,1","99999,9,9,N","010000,1,9,9","+0246,1","+0208,1","99999,9",,,,,,,"240,M,+0331,1","240,N,+0213,1","99999,9,09170,1","9,9,999,9,-005,1","3,1518,9","SYN08043272 32997 02302 10246 20208 39170 48518 8//// 333 10331 20213 59005 555 10011=",
"43272099999","2022-03-29T03:00:00","4","13.2","78.0666666","857.0","CHINTAMANI, IN","FM-12","99999","V020","230,1,N,0010,1","99999,9,9,N","010000,1,9,9","+0211,1","+0211,1","99999,9",,"00,1,+99999,9,99,9",,,"9,AGL   ,+99999,+99999","99,99,9,00,1,99,9,99999,9,99,9,99,9","240,M,+0349,1","240,N,+0213,1","99999,9,09163,1","9,9,999,9,-022,1","3,1515,9","SYN08043272 32997 02302 10211 20211 39163 48515 80000 333 10349 20213 59022 555 10011=",
"43272099999","2022-03-30T03:00:00","4","13.2","78.0666666","857.0","CHINTAMANI, IN","FM-12","99999","V020","230,1,N,0010,1","99999,9,9,N","010000,1,9,9","+0262,1","+0219,1","99999,9",,,,,,,"240,M,+0356,1","240,N,+0223,1","99999,9,09162,1","9,9,999,9,-001,1","3,1514,9","SYN07443272 32997 02302 10262 20219 39162 48514 333 10356 20223 59001 555 10011=",
"43272099999","2022-03-31T03:00:00","4","13.2","78.0666666","857.0","CHINTAMANI, IN","FM-12","99999","V020","230,1,N,0010,1","99999,9,9,N","010000,1,9,9","+0266,1","+0211,1","99999,9",,,,,,,"240,M,+0351,1","240,N,+0228,1","99999,9,09172,1","9,9,999,9,+010,1","3,1524,9","SYN08043272 32997 02302 10266 20211 39172 48524 8//// 333 10351 20228 58010 555 10011=",
"43272099999","2022-04-01T03:00:00","4","13.2","78.0666666","857.0","CHINTAMANI, IN","FM-12","99999","V020","230,1,N,0010,1","99999,9,9,N","010000,1,9,9","+0260,1","+0216,1","99999,9",,"00,1,+99999,9,99,9",,,"9,AGL   ,+99999,+99999","99,99,9,00,1,99,9,99999,9,99,9,99,9","240,M,+0353,1","240,N,+0218,1","99999,9,09169,1","9,9,999,9,-005,1","3,1519,9","SYN08043272 32997 02302 10260 20216 39169 48519 80000 333 10353 20218 59005 555 10011=",
"43272099999","2022-04-02T03:00:00","4","13.2","78.0666666","857.0","CHINTAMANI, IN","FM-12","99999","V020","230,1,N,0005,1","99999,9,9,N","010000,1,9,9","+0250,1","+0218,1","99999,9",,,,,,,"240,M,+0351,1","240,N,+0218,1","99999,9,09169,1","9,9,999,9,+000,1","3,1517,9","SYN07443272 32997 02301 10250 20218 39169 48517 333 10351 20218 58000 555 10011=",
"43272099999","2022-04-03T03:00:00","4","13.2","78.0666666","857.0","CHINTAMANI, IN","FM-12","99999","V020","230,1,N,0005,1","99999,9,9,N","010000,1,9,9","+0254,1","+0219,1","99999,9",,,,,,,"240,M,+0354,1","240,N,+0213,1","99999,9,09172,1","9,9,999,9,+003,1","3,1522,9","SYN07443272 32997 02301 10254 20219 39172 48522 333 10354 20213 58003 555 10011=",
"43272099999","2022-04-04T03:00:00","4","13.2","78.0666666","857.0","CHINTAMANI, IN","FM-12","99999","V020","230,1,N,0010,1","99999,9,9,N","010000,1,9,9","+0250,1","+0206,1","99999,9",,,,,,,"240,M,+0351,1","240,N,+0193,1","99999,9,09175,1","9,9,999,9,+003,1","3,1523,9","SYN08043272 32997 02302 10250 20206 39175 48523 8//// 333 10351 20193 58003 555 10011=",
"43272099999","2022-04-11T03:00:00","4","13.2","78.0666666","857.0","CHINTAMANI, IN","FM-12","99999","V020","050,1,N,0005,1","99999,9,9,N","004000,1,9,9","+0256,1","+0215,1","99999,9",,"03,1,+00800,1,07,1","99,9,+99999,9,03,1","99,9,+99999,9,00,1","9,AGL   ,+99999,+99999","06,99,1,03,1,99,9,00800,1,99,9,99,9","240,M,+0343,1","240,N,+0207,1","99999,9,09165,1",,"3,1515,9","SYN08643272 32596 60501 10256 20215 39165 48515 83632 333 10343 20207 56299 59013 555 10011=",
"43272099999","2022-04-12T03:00:00","4","13.2","78.0666666","857.0","CHINTAMANI, IN","FM-12","99999","V020","140,1,N,0005,1","99999,9,9,N","010000,1,9,9","+0250,1","+0215,1","99999,9",,,,,,,"240,M,+0346,1","240,N,+0206,1","99999,9,09153,1","9,9,999,9,-002,1","3,1502,9","SYN07443272 32997 01401 10250 20215 39153 48502 333 10346 20206 59002 555 10011=",
"43272099999","2022-04-13T03:00:00","4","13.2","78.0666666","857.0","CHINTAMANI, IN","FM-12","99999","V020","140,1,N,0010,1","99999,9,9,N","010000,1,9,9","+0262,1","+0216,1","99999,9",,,,,,,"240,M,+0346,1","240,N,+0219,1","99999,9,09143,1","9,9,999,9,-010,1","3,1496,9","SYN06443272 32997 01402 10262 20216 39143 48496 333 10346 20219 59010=",
"43272099999","2022-04-18T03:00:00","4","13.2","78.0666666","857.0","CHINTAMANI, IN","FM-12","99999","V020","320,1,N,0005,1","99999,9,9,N","010000,1,9,9","+0256,1","+0203,1","99999,9",,,,,,,"240,M,+0353,1","240,N,+0204,1","99999,9,09166,1","9,9,999,9,+019,1","3,1516,9","SYN07443272 32997 03201 10256 20203 39166 48516 333 10353 20204 58019 555 10026=",
"43272099999","2022-04-19T03:00:00","4","13.2","78.0666666","857.0","CHINTAMANI, IN","FM-12","99999","V020","230,1,N,0005,1","99999,9,9,N","010000,1,9,9","+0242,1","+0210,1","99999,9","24,0320,3,1",,,,,,"240,M,+0333,1","240,N,+0198,1","99999,9,09176,1","9,9,999,9,+010,1","3,1524,9","SYN08643272 22997 02301 10242 20210 39176 48524 333 10333 20198 58010 6032/ 555 00323 10058=",
"43272099999","2022-04-20T03:00:00","4","13.2","78.0666666","857.0","CHINTAMANI, IN","FM-12","99999","V020","320,1,N,0005,1","99999,9,9,N","010000,1,9,9","+0250,1","+0193,1","99999,9",,,,,,,"240,M,+0333,1","240,N,+0203,1","99999,9,09156,1","9,9,999,9,-020,1","3,1505,9","SYN07443272 32997 03201 10250 20193 39156 48505 333 10333 20203 59020 555 10058=",
"43272099999","2022-04-21T03:00:00","4","13.2","78.0666666","857.0","CHINTAMANI, IN","FM-12","99999","V020","140,1,N,0010,1","99999,9,9,N","010000,1,9,9","+0240,1","+0214,1","99999,9",,,,,,,"240,M,+0351,1","240,N,+0221,1","99999,9,09155,1","9,9,999,9,-001,1","3,1502,9","SYN07443272 32997 01402 10240 20214 39155 48502 333 10351 20221 59001 555 10058=",
"43272099999","2022-04-22T03:00:00","4","13.2","78.0666666","857.0","CHINTAMANI, IN","FM-12","99999","V020","140,1,N,0005,1","99999,9,9,N","010000,1,9,9","+0240,1","+0211,1","99999,9",,,,,,,"240,M,+0351,1","240,N,+0225,1","99999,9,09164,1","9,9,999,9,+009,1","3,1510,9","SYN07443272 32997 01401 10240 20211 39164 48510 333 10351 20225 58009 555 10058=",
"43272099999","2022-04-23T03:00:00","4","13.2","78.0666666","857.0","CHINTAMANI, IN","FM-12","99999","V020","140,1,N,0005,1","99999,9,9,N","002000,1,9,9","+0242,1","+0212,1","99999,9",,"99,9,+00800,1,99,9",,,"9,AGL   ,+99999,+99999","06,99,1,99,9,99,9,00800,1,99,9,99,9","240,M,+0341,1","240,N,+0215,1","99999,9,09165,1",,"3,1513,9","SYN07043272 32595 61401 10242 20212 39165 48513 333 10341 20215 56299 58001=",
"43272099999","2022-04-25T03:00:00","4","13.2","78.0666666","857.0","CHINTAMANI, IN","FM-12","99999","V020","999,9,C,0000,1","99999,9,9,N","010000,1,9,9","+0240,1","+0211,1","99999,9",,,,,,,"240,M,+0351,1","240,N,+0209,1","99999,9,09153,1","9,9,999,9,-013,1","3,1500,9","SYN07443272 32997 00000 10240 20211 39153 48500 333 10351 20209 59013 555 10058=",
"43272099999","2022-04-26T03:00:00","4","13.2","78.0666666","857.0","CHINTAMANI, IN","FM-12","99999","V020","050,1,N,0005,1","99999,9,9,N","010000,1,9,9","+0268,1","+0209,1","99999,9",,,,,,,"240,M,+0351,1","240,N,+0209,1","99999,9,09163,1","9,9,999,9,+010,1","3,1515,9","SYN07443272 32997 00501 10268 20209 39163 48515 333 10351 20209 58010 555 10058=",
"43272099999","2022-04-27T03:00:00","4","13.2","78.0666666","857.0","CHINTAMANI, IN","FM-12","99999","V020","999,9,C,0000,1","99999,9,9,N","010000,1,9,9","+0262,1","+0216,1","99999,9","24,0002,3,1",,,,,,"240,M,+0351,1","240,N,+0208,1","99999,9,09154,1","9,9,999,9,-009,1","3,1507,9","SYN08643272 22997 00000 10262 20216 39154 48507 333 10351 20208 59009 6992/ 555 00002 10058=",
"43272099999","2022-04-28T03:00:00","4","13.2","78.0666666","857.0","CHINTAMANI, IN","FM-12","99999","V020","230,1,N,0005,1","99999,9,9,N","010000,1,9,9","+0262,1","+0216,1","99999,9",,,,,,,"240,M,+0359,1","240,N,+0208,1","99999,9,09163,1","9,9,999,9,+009,1","3,1515,9","SYN07443272 32997 02301 10262 20216 39163 48515 333 10359 20208 58009 555 10058=",
"43272099999","2022-04-29T03:00:00","4","13.2","78.0666666","857.0","CHINTAMANI, IN","FM-12","99999","V020","050,1,N,0005,1","99999,9,9,N","010000,1,9,9","+0244,1","+0230,1","99999,9",,,,,,,"240,M,+0356,1","240,N,+0223,1","99999,9,09162,1","9,9,999,9,-001,1","3,1510,9","SYN07443272 32997 00501 10244 20230 39162 48510 333 10356 20223 59001 555 10058=",
"43272099999","2022-05-01T03:00:00","4","13.2","78.0666666","857.0","CHINTAMANI, IN","FM-12","99999","V020","230,1,N,0005,1","99999,9,9,N","010000,1,9,9","+0284,1","+0211,1","99999,9",,,,,,,"240,M,+0371,1","240,N,+0239,1","99999,9,09159,1","9,9,999,9,-002,1","3,1516,9","SYN07443272 32997 02301 10284 20211 39159 48516 333 10371 20239 59002 555 10058=",
"43272099999","2022-05-03T03:00:00","4","13.2","78.0666666","857.0","CHINTAMANI, IN","FM-12","99999","V020","230,1,N,0005,1","99999,9,9,N","027000,1,9,9","+0262,1","+0222,1","99999,9",,,,,,,"240,M,+0346,1","240,N,+0221,1","99999,9,09149,1","9,9,999,9,+005,1","3,1502,9","SYN07443272 32977 02301 10262 20222 39149 48502 333 10346 20221 58005 555 10065=",
"43272099999","2022-05-04T03:00:00","4","13.2","78.0666666","857.0","CHINTAMANI, IN","FM-12","99999","V020","320,1,N,0005,1","99999,9,9,N","010000,1,9,9","+0272,1","+0211,1","99999,9",,,,,,,"240,M,+0351,1","240,N,+0218,1","99999,9,09153,1","9,9,999,9,+004,1","3,1508,9","SYN07443272 32997 03201 10272 20211 39153 48508 333 10351 20218 58004 555 10065=",
"43272099999","2022-05-10T03:00:00","4","13.2","78.0666666","857.0","CHINTAMANI, IN","FM-12","99999","V020","230,1,N,0026,1","99999,9,9,N","002000,1,9,9","+0242,1","+0219,1","99999,9",,"03,1,+00800,1,07,1","99,9,+99999,9,03,1","99,9,+99999,9,00,1","9,AGL   ,+99999,+99999","08,99,1,03,1,99,9,00800,1,99,9,99,9","240,M,+0326,1","240,N,+0225,1","99999,9,09095,1",,"3,1447,9","SYN08643272 32595 82305 10242 20219 39095 48447 83742 333 10326 20225 56999 59031 555 10102=",
"43272099999","2022-05-11T03:00:00","4","13.2","78.0666666","857.0","CHINTAMANI, IN","FM-12","99999","V020","230,1,N,0026,1","99999,9,9,N","002000,1,9,9","+0240,1","+0208,1","99999,9","24,0003,3,1","03,1,+00800,1,07,1","99,9,+99999,9,03,1","99,9,+99999,9,00,1","9,AGL   ,+99999,+99999","08,99,1,03,1,99,9,00800,1,99,9,99,9","240,M,+0361,1","240,N,+0233,1","99999,9,09092,1",,"3,1432,9","SYN09843272 22595 82305 10240 20208 39092 48432 83742 333 10361 20233 56999 58002 6993/ 555 00003 10102=",
"43272099999","2022-05-14T03:00:00","4","13.2","78.0666666","857.0","CHINTAMANI, IN","FM-12","99999","V020","320,1,N,0015,1","99999,9,9,N","010000,1,9,9","+0252,1","+0220,1","99999,9",,,,,,,"240,M,+0296,1","240,N,+0226,1","99999,9,09117,1","9,9,999,9,-001,1","3,1470,9","SYN07043272 32997 03203 10252 20220 39117 48470 8//// 333 10296 20226 59001=",
"43272099999","2022-05-16T03:00:00","4","13.2","78.0666666","857.0","CHINTAMANI, IN","FM-12","99999","V020","320,1,N,0005,1","99999,9,9,N","004000,1,9,9","+0250,1","+0221,1","99999,9","24,0000,9,1","03,1,+00800,1,07,1","99,9,+99999,9,03,1","99,9,+99999,9,00,1","9,AGL   ,+99999,+99999","06,99,1,03,1,99,9,00800,1,99,9,99,9","240,M,+0316,1","240,N,+0208,1","99999,9,09125,1",,"3,1475,9","SYN09243272 22596 63201 10250 20221 39125 48475 83632 333 10316 20208 56299 58003 6990/ 555 10146=","Q01  00002PRCP24"
"43272099999","2022-05-17T03:00:00","4","13.2","78.0666666","857.0","CHINTAMANI, IN","FM-12","99999","V020","999,9,C,0000,1","99999,9,9,N","010000,1,9,9","+0250,1","+0215,1","99999,9","24,0140,3,1",,,,,,"240,M,+0306,1","240,N,+0208,1","99999,9,09117,1","9,9,999,9,-008,1","3,1468,9","SYN08643272 22997 00000 10250 20215 39117 48468 333 10306 20208 59008 6014/ 555 00139 10160=",
"43272099999","2022-05-18T03:00:00","4","13.2","78.0666666","857.0","CHINTAMANI, IN","FM-12","99999","V020","999,9,C,0000,1","99999,9,9,N","002000,1,9,9","+0230,1","+0212,1","99999,9","24,0190,3,1","03,1,+00800,1,07,1","99,9,+99999,9,03,1","99,9,+99999,9,00,1","9,AGL   ,+99999,+99999","08,99,1,03,1,99,9,00800,1,99,9,99,9","240,M,+0305,1","240,N,+0209,1","99999,9,09118,1","9,9,999,9,+001,1","3,1465,9","SYN09243272 22595 80000 10230 20212 39118 48465 83742 333 10305 20209 58001 6019/ 555 00191 10179=",
"43272099999","2022-05-19T03:00:00","4","13.2","78.0666666","857.0","CHINTAMANI, IN","FM-12","99999","V020","140,1,N,0010,1","99999,9,9,N","002000,1,9,9","+0232,1","+0214,1","99999,9","24,0000,9,1","03,1,+00800,1,07,1","99,9,+99999,9,03,1","99,9,+99999,9,00,1","9,AGL   ,+99999,+99999","08,99,1,03,1,99,9,00800,1,99,9,99,9","240,M,+0301,1","240,N,+0224,1","99999,9,09122,1",,"3,1470,9","SYN08243272 22595 81402 10232 20214 39122 48470 83742 333 10301 20224 56999 58004 6990/=","Q01  00002PRCP24"
"43272099999","2022-05-21T03:00:00","4","13.2","78.0666666","857.0","CHINTAMANI, IN","FM-12","99999","V020","320,1,N,0015,1","99999,9,9,N","002000,1,9,9","+0234,1","+0192,1","99999,9","24,0010,3,1","03,1,+00800,1,07,1","99,9,+99999,9,03,1","99,9,+99999,9,00,1","9,AGL   ,+99999,+99999","06,99,1,03,1,99,9,00800,1,99,9,99,9","240,M,+0281,1","240,N,+0193,1","99999,9,09140,1",,"3,1488,9","SYN09843272 22595 63203 10234 20192 39140 48488 83632 333 10281 20193 56299 58009 6001/ 555 00010 10186=",
"43272099999","2022-05-23T03:00:00","4","13.2","78.0666666","857.0","CHINTAMANI, IN","FM-12","99999","V020","320,1,N,0031,1","99999,9,9,N","010000,1,9,9","+0250,1","+0212,1","99999,9",,,,,,,"240,M,+0306,1","240,N,+0205,1","99999,9,09118,1","9,9,999,9,-021,1","3,1469,9","SYN07443272 32997 03206 10250 20212 39118 48469 333 10306 20205 59021 555 10186=",
"43272099999","2022-05-25T03:00:00","4","13.2","78.0666666","857.0","CHINTAMANI, IN","FM-12","99999","V020","320,1,N,0010,1","99999,9,9,N","004000,1,9,9","+0256,1","+0224,1","99999,9",,"02,1,+00800,1,06,1","99,9,+99999,9,03,1","99,9,+99999,9,00,1","9,AGL   ,+99999,+99999","05,99,1,02,1,99,9,00800,1,99,9,99,9","240,M,+0321,1","240,N,+0219,1","99999,9,09165,1",,"3,1515,9","SYN08643272 32596 53202 10256 20224 39165 48515 82532 333 10321 20219 56299 58029 555 10186=",
"43272099999","2022-05-27T03:00:00","4","13.2","78.0666666","857.0","CHINTAMANI, IN","FM-12","99999","V020","230,1,N,0010,1","99999,9,9,N","010000,1,9,9","+0242,1","+0225,1","99999,9","24,0070,3,1",,,,,,"240,M,+0321,1","240,N,+0202,1","99999,9,09158,1","9,9,999,9,-010,1","3,1507,9","SYN08643272 22997 02302 10242 20225 39158 48507 333 10321 20202 59010 6007/ 555 00068 10193=",
"43272099999","2022-05-28T03:00:00","4","13.2","78.0666666","857.0","CHINTAMANI, IN","FM-12","99999","V020","320,1,N,0010,1","99999,9,9,N","010000,1,9,9","+0250,1","+0196,1","99999,9",,,,,,,"240,M,+0311,1","240,N,+0209,1","99999,9,09148,1","9,9,999,9,-010,1","3,1497,9","SYN07443272 32997 03202 10250 20196 39148 48497 333 10311 20209 59010 555 10193=",
"43272099999","2022-05-31T03:00:00","4","13.2","78.0666666","857.0","CHINTAMANI, IN","FM-12","99999","V020","320,1,N,0010,1","99999,9,9,N","002000,1,9,9","+0250,1","+0221,1","99999,9",,"03,1,+00250,1,07,1","99,9,+99999,9,03,1","99,9,+99999,9,00,1","9,AGL   ,+99999,+99999","06,99,1,03,1,99,9,00250,1,99,9,99,9","240,M,+0313,1","240,N,+0218,1","99999,9,09485,1",,"3,1485,9","SYN08643272 32395 63202 10250 20221 39485 48485 83632 333 10313 20218 56299 59001 555 10193=",
"43272099999","2022-06-01T03:00:00","4","13.2","78.0666666","857.0","CHINTAMANI, IN","FM-12","99999","V020","320,1,N,0005,1","99999,9,9,N","002000,1,9,9","+0250,1","+0212,1","99999,9",,"03,1,+00800,1,07,1","99,9,+99999,9,03,1","99,9,+99999,9,00,1","9,AGL   ,+99999,+99999","07,99,1,03,1,99,9,00800,1,99,9,99,9","240,M,+0313,1","240,N,+0213,1","99999,9,09135,1",,"3,1485,9","SYN08643272 32595 73201 10250 20212 39135 48485 83642 333 10313 20213 56299 58000 555 10000=",
"43272099999","2022-06-04T03:00:00","4","13.2","78.0666666","857.0","CHINTAMANI, IN","FM-12","99999","V020","320,1,N,0010,1","99999,9,9,N","010000,1,9,9","+0250,1","+0236,1","99999,9","24,0230,3,1",,,,,,"240,M,+0336,1","240,N,+0193,1","99999,9,09127,1","9,9,999,9,+007,1","3,1477,9","SYN09243272 22997 03202 10250 20236 39127 48477 8//// 333 10336 20193 58007 6023/ 555 00232 10023=",
"43272099999","2022-06-09T03:00:00","4","13.2","78.0666666","857.0","CHINTAMANI, IN","FM-12","99999","V020","230,1,N,0015,1","99999,9,9,N","010000,1,9,9","+0242,1","+0210,1","99999,9",,,,,,,"240,M,+0311,1","240,N,+0213,1","99999,9,09129,1","9,9,999,9,-009,1","3,1479,9","SYN06443272 32997 02303 10242 20210 39129 48479 333 10311 20213 59009=",
"43272099999","2022-06-10T03:00:00","4","13.2","78.0666666","857.0","CHINTAMANI, IN","FM-12","99999","V020","230,1,N,0010,1","99999,9,9,N","010000,1,9,9","+0238,1","+0212,1","99999,9",,"00,1,+99999,9,99,9",,,"9,AGL   ,+99999,+99999","99,99,9,00,1,99,9,99999,9,99,9,99,9","240,M,+0311,1","240,N,+0211,1","99999,9,09136,1","9,9,999,9,+007,1","3,1484,9","SYN08043272 32997 02302 10238 20212 39136 48484 80000 333 10311 20211 58007 555 10081=",
"43272099999","2022-06-11T06:00:00","4","13.2","78.0666666","857.0","CHINTAMANI, IN","FM-12","99999","V020","230,1,N,0010,1","99999,9,9,N","010000,1,9,9","+0240,1","+0211,1","99999,9",,,,,,,"240,M,+0307,1","240,N,+0203,1","99999,9,09151,1","9,9,999,9,+015,1","3,1498,9","SYN07443272 32997 02302 10240 20211 39151 48498 333 10307 20203 58015 555 10081=",
"43272099999","2022-06-23T03:00:00","4","13.2","78.0666666","857.0","CHINTAMANI, IN","FM-12","99999","V020","270,1,N,0010,1","99999,9,9,N","002000,1,9,9","+0226,1","+0199,1","99999,9",,"03,1,+00800,1,07,1","99,9,+99999,9,03,1","99,9,+99999,9,00,1","9,AGL   ,+99999,+99999","08,99,1,03,1,99,9,00800,1,99,9,99,9","240,M,+0296,1","240,N,+0208,1","99999,9,09139,1",,"3,1485,9","SYN07643272 32595 82702 10226 20199 39139 48485 83742 333 10296 20208 56299 58009=",
"43272099999","2022-06-24T03:00:00","4","13.2","78.0666666","857.0","CHINTAMANI, IN","FM-12","99999","V020","230,1,N,0010,1","99999,9,9,N","002000,1,9,9","+0230,1","+0197,1","99999,9",,"02,1,+00800,1,06,1","99,9,+99999,9,03,1","99,9,+99999,9,00,1","9,AGL   ,+99999,+99999","05,99,1,02,1,99,9,00800,1,99,9,99,9","240,M,+0281,1","240,N,+0210,1","99999,9,09138,1",,"3,1484,9","SYN08643272 32595 52302 10230 20197 39138 48484 82532 333 10281 20210 56299 59001 555 10146=",
"43272099999","2022-06-25T03:00:00","4","13.2","78.0666666","857.0","CHINTAMANI, IN","FM-12","99999","V020","230,1,N,0015,1","99999,9,9,N","010000,1,9,9","+0242,1","+0197,1","99999,9",,,,,,,"240,M,+0303,1","240,N,+0203,1","99999,9,09918,1","9,9,999,9,-020,1","3,1469,9","SYN06443272 32997 02303 10242 20197 39918 48469 333 10303 20203 59020=",
"43272099999","2022-07-05T03:00:00","4","13.2","78.0666666","857.0","CHINTAMANI, IN","FM-12","99999","V020","230,1,N,0015,1","99999,9,9,N","002000,1,9,9","+0226,1","+0202,1","99999,9","24,0020,3,1","03,1,+00800,1,07,1","99,9,+99999,9,03,1","99,9,+99999,9,00,1","9,AGL   ,+99999,+99999","06,99,1,03,1,99,9,00800,1,99,9,99,9","240,M,+0269,1","240,N,+0204,1","99999,9,09109,1",,"3,1456,9","SYN09843272 22595 62303 10226 20202 39109 48456 83632 333 10269 20204 56299 59005 6002/ 555 00024 10173=",
"43272099999","2022-07-06T03:00:00","4","13.2","78.0666666","857.0","CHINTAMANI, IN","FM-12","99999","V020","230,1,N,0015,1","99999,9,9,N","002000,1,9,9","+0220,1","+0199,1","99999,9","24,0040,3,1","03,1,+00800,1,07,1","99,9,+99999,9,03,1","99,9,+99999,9,00,1","9,AGL   ,+99999,+99999","08,99,1,03,1,99,9,00800,1,99,9,99,9","240,M,+0283,1","240,N,+0208,1","99999,9,09117,1",,"3,1462,9","SYN09843272 22595 82303 10220 20199 39117 48462 83742 333 10283 20208 56999 58008 6004/ 555 00044 10177=",
"43272099999","2022-07-07T03:00:00","4","13.2","78.0666666","857.0","CHINTAMANI, IN","FM-12","99999","V020","230,1,N,0015,1","99999,9,9,N","002000,1,9,9","+0228,1","+0201,1","99999,9","24,0020,3,1","03,1,+00800,1,07,1","99,9,+99999,9,03,1","99,9,+99999,9,00,1","9,AGL   ,+99999,+99999","08,99,1,03,1,99,9,00800,1,99,9,99,9","240,M,+0271,1","240,N,+0207,1","99999,9,09100,1",,"3,1448,9","SYN09843272 22595 82303 10228 20201 39100 48448 83742 333 10271 20207 56999 59017 6002/ 555 00016 10179=",
"43272099999","2022-07-10T03:00:00","4","13.2","78.0666666","857.0","CHINTAMANI, IN","FM-12","99999","V020","230,1,N,0015,1","99999,9,9,N","002000,1,9,9","+0220,1","+0202,1","99999,9","24,0090,3,1","03,1,+00800,1,07,1","99,9,+99999,9,03,1","99,9,+99999,9,00,1","9,AGL   ,+99999,+99999","08,99,1,03,1,99,9,00800,1,99,9,99,9","240,M,+0261,1","240,N,+0203,1","99999,9,09118,1",,"3,1463,9","SYN09843272 22595 82303 10220 20202 39118 48463 83742 333 10261 20203 56999 58008 6009/ 555 00091 10193=",
"43272099999","2022-07-11T03:00:00","4","13.2","78.0666666","857.0","CHINTAMANI, IN","FM-12","99999","V020","230,1,N,0031,1","99999,9,9,N","002000,1,9,9","+0238,1","+0212,1","99999,9",,"03,1,+00800,1,07,1","99,9,+99999,9,03,1","99,9,+99999,9,00,1","9,AGL   ,+99999,+99999","07,99,1,03,1,99,9,00800,1,99,9,99,9","240,M,+0273,1","240,N,+0208,1","99999,9,09130,1",,"3,1478,9","SYN08643272 32595 72306 10238 20212 39130 48478 83642 333 10273 20208 56299 58012 555 10193=",
"43272099999","2022-07-12T03:00:00","4","13.2","78.0666666","857.0","CHINTAMANI, IN","FM-12","99999","V020","230,1,N,0026,1","99999,9,9,N","002000,1,9,9","+0228,1","+0198,1","99999,9","24,0010,3,1","03,1,+00800,1,07,1","99,9,+99999,9,03,1","99,9,+99999,9,00,1","9,AGL   ,+99999,+99999","06,99,1,03,1,99,9,00800,1,99,9,99,9","240,M,+0276,1","240,N,+0208,1","99999,9,09129,1",,"3,1475,9","SYN09843272 22595 62305 10228 20198 39129 48475 83632 333 10276 20208 56299 59001 6001/ 555 00005 10194=",
"43272099999","2022-07-13T03:00:00","4","13.2","78.0666666","857.0","CHINTAMANI, IN","FM-12","99999","V020","230,1,N,0031,1","99999,9,9,N","002000,1,9,9","+0224,1","+0197,1","99999,9","24,0040,3,1","03,1,+00800,1,07,1","99,9,+99999,9,03,1","99,9,+99999,9,00,1","9,AGL   ,+99999,+99999","08,99,1,03,1,99,9,00800,1,99,9,99,9","240,M,+0295,1","240,N,+0204,1","99999,9,09119,1",,"3,1466,9","SYN09843272 22595 82306 10224 20197 39119 48466 83742 333 10295 20204 56999 59010 6004/ 555 00042 10198=",
"43272099999","2022-07-15T03:00:00","4","13.2","78.0666666","857.0","CHINTAMANI, IN","FM-12","99999","V020","230,1,N,0031,1","99999,9,9,N","002000,1,9,9","+0234,1","+0201,1","99999,9","24,0020,3,1","03,1,+00800,1,07,1","99,9,+99999,9,03,1","99,9,+99999,9,00,1","9,AGL   ,+99999,+99999","06,99,1,03,1,99,9,00800,1,99,9,99,9","240,M,+0279,1","240,N,+0205,1","99999,9,09105,1",,"3,1454,9","SYN09843272 22595 62306 10234 20201 39105 48454 83632 333 10279 20205 56299 58018 6002/ 555 00015 10204=",
"43272099999","2022-07-16T03:00:00","4","13.2","78.0666666","857.0","CHINTAMANI, IN","FM-12","99999","V020","230,1,N,0021,1","99999,9,9,N","004000,1,9,9","+0230,1","+0200,1","99999,9",,"02,1,+00800,1,06,1","99,9,+99999,9,03,1","99,9,+99999,9,00,1","9,AGL   ,+99999,+99999","05,99,1,02,1,99,9,00800,1,99,9,99,9","240,M,+0291,1","240,N,+0206,1","99999,9,09116,1",,"3,1463,9","SYN07643272 32596 52304 10230 20200 39116 48463 82532 333 10291 20206 56299 58011=",
"43272099999","2022-07-17T03:00:00","4","13.2","78.0666666","857.0","CHINTAMANI, IN","FM-12","99999","V020","230,1,N,0010,1","99999,9,9,N","004000,1,9,9","+0228,1","+0195,1","99999,9","24,0220,3,1","03,1,+00800,1,07,1","99,9,+99999,9,03,1","99,9,+99999,9,00,1","9,AGL   ,+99999,+99999","06,99,1,03,1,99,9,00800,1,99,9,99,9","240,M,+0283,1","240,N,+0203,1","99999,9,09120,1",,"3,1467,9","SYN09843272 22596 62302 10228 20195 39120 48467 83672 333 10283 20203 56299 58004 6022/ 555 00220 10226=",
"43272099999","2022-07-18T03:00:00","4","13.2","78.0666666","857.0","CHINTAMANI, IN","FM-12","99999","V020","230,1,N,0010,1","99999,9,9,N","002000,1,9,9","+0228,1","+0201,1","99999,9","24,0020,3,1","03,1,+00800,1,07,1","99,9,+99999,9,03,1","99,9,+99999,9,00,1","9,AGL   ,+99999,+99999","08,99,1,03,1,99,9,00800,1,99,9,99,9","240,M,+0308,1","240,N,+0203,1","99999,9,09130,1",,"3,1476,9","SYN09843272 22595 82302 10228 20201 39130 48476 83742 333 10308 20203 56299 58010 6002/ 555 00023 10228=",
"43272099999","2022-07-19T03:00:00","4","13.2","78.0666666","857.0","CHINTAMANI, IN","FM-12","99999","V020","230,1,N,0010,1","99999,9,9,N","004000,1,9,9","+0224,1","+0197,1","99999,9",,"03,1,+00800,1,07,1","99,9,+99999,9,03,1","99,9,+99999,9,00,1","9,AGL   ,+99999,+99999","06,99,1,03,1,99,9,00800,1,99,9,99,9","240,M,+0273,1","240,N,+0207,1","99999,9,09139,1",,"3,1485,9","SYN08643272 32596 62302 10224 20197 39139 48485 83632 333 10273 20207 56299 58009 555 10228=",
"43272099999","2022-07-20T03:00:00","4","13.2","78.0666666","857.0","CHINTAMANI, IN","FM-12","99999","V020","320,1,N,0005,1","99999,9,9,N","010000,1,9,9","+0234,1","+0210,1","99999,9",,,,,,,"240,M,+0303,1","240,N,+0214,1","99999,9,09138,1","9,9,999,9,-001,1","3,1486,9","SYN08043272 32997 03201 10234 20210 39138 48486 8//// 333 10303 20214 59001 555 10228=",
"43272099999","2022-07-21T03:00:00","4","13.2","78.0666666","857.0","CHINTAMANI, IN","FM-12","99999","V020","320,1,N,0005,1","99999,9,9,N","002000,1,9,9","+0238,1","+0212,1","99999,9","24,0030,3,1","03,1,+00800,1,07,1","99,9,+99999,9,03,1","99,9,+99999,9,00,1","9,AGL   ,+99999,+99999","06,99,1,03,1,99,9,00800,1,99,9,99,9","240,M,+0316,1","240,N,+0208,1","99999,9,09128,1",,"3,1476,9","SYN08243272 22595 63201 10238 20212 39128 48476 83632 333 10316 20208 56299 59010 6003/=",
"43272099999","2022-07-22T03:00:00","4","13.2","78.0666666","857.0","CHINTAMANI, IN","FM-12","99999","V020","320,1,N,0010,1","99999,9,9,N","002000,1,9,9","+0224,1","+0200,1","99999,9",,"03,1,+00800,1,07,1","99,9,+99999,9,03,1","99,9,+99999,9,00,1","9,AGL   ,+99999,+99999","07,99,1,03,1,99,9,00800,1,99,9,99,9","240,M,+0292,1","240,N,+0212,1","99999,9,09138,1",,"3,1484,9","SYN08643272 32595 73202 10224 20200 39138 48484 83642 333 10292 20212 56299 58010 555 10231=",
"43272099999","2022-07-23T03:00:00","4","13.2","78.0666666","857.0","CHINTAMANI, IN","FM-12","99999","V020","320,1,N,0010,1","99999,9,9,N","002000,1,9,9","+0230,1","+0191,1","99999,9",,"03,1,+00800,1,07,1","99,9,+99999,9,03,1","99,9,+99999,9,00,1","9,AGL   ,+99999,+99999","08,99,1,03,1,99,9,00800,1,99,9,99,9","240,M,+0273,1","240,N,+0209,1","99999,9,09128,1",,"3,1474,9","SYN08643272 32595 83202 10230 20191 39128 48474 83642 333 10273 20209 56999 59010 555 10231=",
"43272099999","2022-07-26T03:00:00","4","13.2","78.0666666","857.0","CHINTAMANI, IN","FM-12","99999","V020","320,1,N,0010,1","99999,9,9,N","002000,1,9,9","+0236,1","+0197,1","99999,9",,"03,1,+00800,1,07,1","99,9,+99999,9,03,1","99,9,+99999,9,00,1","9,AGL   ,+99999,+99999","06,99,1,03,1,99,9,00800,1,99,9,99,9","240,M,+0303,1","240,N,+0208,1","99999,9,09139,1",,"3,1487,9","SYN08643272 32595 63202 10236 20197 39139 48487 83632 333 10303 20208 56299 59004 555 10231=",
"43272099999","2022-07-27T03:00:00","4","13.2","78.0666666","857.0","CHINTAMANI, IN","FM-12","99999","V020","320,1,N,0005,1","99999,9,9,N","004000,1,9,9","+0236,1","+0209,1","99999,9",,"03,1,+00800,1,07,1","99,9,+99999,9,03,1","99,9,+99999,9,00,1","9,AGL   ,+99999,+99999","06,99,1,03,1,99,9,00800,1,99,9,99,9","240,M,+0302,1","240,N,+0209,1","99999,9,09147,1",,"3,1494,9","SYN08643272 32596 63201 10236 20209 39147 48494 83632 333 10302 20209 56299 58008 555 10231=",
"43272099999","2022-07-28T03:00:00","4","13.2","78.0666666","857.0","CHINTAMANI, IN","FM-12","99999","V020","140,1,N,0005,1","99999,9,9,N","004000,1,9,9","+0250,1","+0218,1","99999,9","24,0020,3,1","02,1,+00800,1,06,1","99,9,+99999,9,03,1","99,9,+99999,9,00,1","9,AGL   ,+99999,+99999","05,99,1,02,1,99,9,00800,1,99,9,99,9","240,M,+0305,1","240,N,+0208,1","99999,9,09155,1",,"3,1506,9","SYN09843272 32596 51401 10250 20218 39155 48506 82532 333 10305 20208 56299 58008 6002/ 555 00020 10233=",
"43272099999","2022-08-02T03:00:00","4","13.2","78.0666666","857.0","CHINTAMANI, IN","FM-12","99999","V020","320,1,N,0005,1","99999,9,9,N","010000,1,9,9","+0242,1","+0194,1","99999,9","24,1020,3,1",,,,,,"240,M,+0303,1","240,N,+0194,1","99999,9,09103,1","9,9,999,9,-035,1","3,1459,9","SYN09243272 22997 03201 10242 20194 39103 48459 8//// 333 10303 20194 59035 6102/ 555 01020 10393=",
"43272099999","2022-08-03T03:00:00","4","13.2","78.0666666","857.0","CHINTAMANI, IN","FM-12","99999","V020","320,1,N,0005,1","99999,9,9,N","002000,1,9,9","+0244,1","+0209,1","99999,9","24,0020,3,1","03,1,+00800,1,07,1","99,9,+99999,9,03,1","99,9,+99999,9,00,1","9,AGL   ,+99999,+99999","07,99,1,03,1,99,9,00800,1,99,9,99,9","240,M,+0291,1","240,N,+0203,1","99999,9,09116,1",,"3,1467,9","SYN09843272 22595 73201 10244 20209 39116 48467 83642 333 10291 20203 56299 58008 6002/ 555 00020 10395=",
"43272099999","2022-08-04T03:00:00","4","13.2","78.0666666","857.0","CHINTAMANI, IN","FM-12","99999","V020","320,1,N,0005,1","99999,9,9,N","002000,1,9,9","+0236,1","+0212,1","99999,9","24,0030,3,1","03,1,+00800,1,07,1","99,9,+99999,9,03,1","99,9,+99999,9,00,1","9,AGL   ,+99999,+99999","07,99,1,03,1,99,9,00800,1,99,9,99,9","240,M,+0279,1","240,N,+0209,1","99999,9,09118,1",,"3,1467,9","SYN09843272 22595 73201 10236 20212 39118 48467 83742 333 10279 20209 56299 58002 6003/ 555 00026 10398=",
"43272099999","2022-08-05T03:00:00","4","13.2","78.0666666","857.0","CHINTAMANI, IN","FM-12","99999","V020","230,1,N,0021,1","99999,9,9,N","002000,1,9,9","+0230,1","+0194,1","99999,9","24,0010,3,1","03,1,+00800,1,07,1","99,9,+99999,9,03,1","99,9,+99999,9,00,1","9,AGL   ,+99999,+99999","08,99,1,03,1,99,9,00800,1,99,9,99,9","240,M,+0273,1","240,N,+0201,1","99999,9,09110,1",,"3,1457,9","SYN08243272 22595 82304 10230 20194 39110 48457 83742 333 10273 20201 56999 58008 6001/=",
"43272099999","2022-08-07T03:00:00","4","13.2","78.0666666","857.0","CHINTAMANI, IN","FM-12","99999","V020","230,1,N,0005,1","99999,9,9,N","002000,1,9,9","+0216,1","+0192,1","99999,9","24,0080,3,1","03,1,+00800,1,07,1","99,9,+99999,9,03,1","99,9,+99999,9,00,1","9,AGL   ,+99999,+99999","07,99,1,03,1,99,9,00800,1,99,9,99,9","240,M,+0255,1","240,N,+0196,1","99999,9,09111,1",,"3,1456,9","SYN09843272 22595 72301 10216 20192 39111 48456 83642 333 10255 20196 56299 59002 6008/ 555 00079 10419=",
"43272099999","2022-08-08T03:00:00","4","13.2","78.0666666","857.0","CHINTAMANI, IN","FM-12","99999","V020","230,1,N,0036,1","99999,9,9,N","002000,1,9,9","+0220,1","+0205,1","99999,9","24,0060,3,1","03,1,+00800,1,07,1","99,9,+99999,9,03,1","99,9,+99999,9,00,1","9,AGL   ,+99999,+99999","08,99,1,03,1,99,9,00800,1,99,9,99,9","240,M,+0271,1","240,N,+0215,1","99999,9,09103,1",,"3,1448,9","SYN09843272 22595 82307 10220 20205 39103 48448 83742 333 10271 20215 56999 59008 6006/ 555 00056 10425=",
"43272099999","2022-08-09T03:00:00","4","13.2","78.0666666","857.0","CHINTAMANI, IN","FM-12","99999","V020","230,1,N,0021,1","99999,9,9,N","002000,1,9,9","+0226,1","+0208,1","99999,9","24,0020,3,1","03,1,+00800,1,07,1","99,9,+99999,9,03,1","99,9,+99999,9,00,1","9,AGL   ,+99999,+99999","07,99,1,03,1,99,9,00800,1,99,9,99,9","240,M,+0268,1","240,N,+0208,1","99999,9,09099,1",,"3,1447,9","SYN09843272 22595 72304 10226 20208 39099 48447 83742 333 10268 20208 56299 59004 6002/ 555 00020 10427=",
"43272099999","2022-08-10T03:00:00","4","13.2","78.0666666","857.0","CHINTAMANI, IN","FM-12","99999","V020","230,1,N,0036,1","99999,9,9,N","002000,1,9,9","+0230,1","+0197,1","99999,9",,"03,1,+00800,1,07,1","99,9,+99999,9,03,1","99,9,+99999,9,00,1","9,AGL   ,+99999,+99999","06,99,1,03,1,99,9,00800,1,99,9,99,9","240,M,+0286,1","240,N,+0201,1","99999,9,09100,1",,"3,1448,9","SYN08643272 32595 62307 10230 20197 39100 48448 83632 333 10286 20201 56299 58001 555 10427=",
"43272099999","2022-08-11T03:00:00","4","13.2","78.0666666","857.0","CHINTAMANI, IN","FM-12","99999","V020","230,1,N,0026,1","99999,9,9,N","004000,1,9,9","+0230,1","+0191,1","99999,9",,"02,1,+00800,1,06,1","99,9,+99999,9,03,1","99,9,+99999,9,00,1","9,AGL   ,+99999,+99999","05,99,1,02,1,99,9,00800,1,99,9,99,9","240,M,+0295,1","240,N,+0199,1","99999,9,09109,1",,"3,1456,9","SYN07643272 32596 52305 10230 20191 39109 48456 82532 333 10295 20199 56299 58009=",
"43272099999","2022-08-18T03:00:00","4","13.2","78.0666666","857.0","CHINTAMANI, IN","FM-12","99999","V020","320,1,N,0010,1","99999,9,9,N","002000,1,9,9","+0240,1","+0195,1","99999,9",,"03,1,+00800,1,07,1","99,9,+99999,9,03,1","99,9,+99999,9,00,1","9,AGL   ,+99999,+99999","07,99,1,03,1,99,9,00800,1,99,9,99,9","240,M,+0321,1","240,N,+0215,1","99999,9,09156,1",,"3,1503,9","SYN08643272 32595 73202 10240 20195 39156 48503 83642 333 10321 20215 56299 58000 555 10423=",
"43272099999","2022-08-22T03:00:00","4","13.2","78.0666666","857.0","CHINTAMANI, IN","FM-12","99999","V020","230,1,N,0015,1","99999,9,9,N","002000,1,9,9","+0234,1","+0192,1","99999,9",,"03,1,+00800,1,07,1","99,9,+99999,9,03,1","99,9,+99999,9,00,1","9,AGL   ,+99999,+99999","08,99,1,03,1,99,9,00800,1,99,9,99,9","240,M,+0307,1","240,N,+0206,1","99999,9,09127,1",,"3,1475,9","SYN08643272 32595 82303 10234 20192 39127 48475 83742 333 10307 20206 56299 59027 555 10423=",
"43272099999","2022-08-27T03:00:00","4","13.2","78.0666666","857.0","CHINTAMANI, IN","FM-12","99999","V020","320,1,N,0005,1","99999,9,9,N","002000,1,9,9","+0228,1","+0204,1","99999,9","24,0360,3,1","03,1,+00800,1,07,1","99,9,+99999,9,03,1","99,9,+99999,9,00,1","9,AGL   ,+99999,+99999","06,99,1,03,1,99,9,00800,1,99,9,99,9","240,M,+0283,1","240,N,+0193,1","99999,9,09113,1",,"3,1460,9","SYN09843272 22595 63201 10228 20204 39113 48460 83632 333 10283 20193 56299 59005 6036/ 555 00360 10466=",
"43272099999","2022-08-29T03:00:00","4","13.2","78.0666666","857.0","CHINTAMANI, IN","FM-12","99999","V020","320,1,N,0010,1","99999,9,9,N","002000,1,9,9","+0238,1","+0215,1","99999,9","24,0003,3,1","03,1,+00800,1,07,1","99,9,+99999,9,03,1","99,9,+99999,9,00,1","9,AGL   ,+99999,+99999","06,99,1,03,1,99,9,00800,1,99,9,99,9","240,M,+0286,1","240,N,+0198,1","99999,9,09148,1",,"3,1495,9","SYN09843272 22595 63202 10238 20215 39148 48495 83632 333 10286 20198 56299 58033 6993/ 555 00003 10499=",
"43272099999","2022-08-30T03:00:00","4","13.2","78.0666666","857.0","CHINTAMANI, IN","FM-12","99999","V020","999,9,C,0000,1","99999,9,9,N","004000,1,9,9","+0240,1","+0211,1","99999,9","24,0220,3,1","03,1,+00800,1,07,1","99,9,+99999,9,03,1","99,9,+99999,9,00,1","9,AGL   ,+99999,+99999","06,99,1,03,1,99,9,00800,1,99,9,99,9","240,M,+0292,1","240,N,+0209,1","99999,9,09148,1",,"3,1495,9","SYN09843272 22596 61400 10240 20211 39148 48495 83632 333 10292 20209 56299 58000 6022/ 555 00218 10521=",
"43272099999","2022-09-02T03:00:00","4","13.2","78.0666666","857.0","CHINTAMANI, IN","FM-12","99999","V020","140,1,N,0010,1","99999,9,9,N","010000,1,9,9","+0230,1","+0200,1","99999,9","24,0010,3,1",,,,,,"240,M,+0282,1","240,N,+0193,1","99999,9,09139,1","9,9,999,9,-005,1","3,1485,9","SYN08643272 22997 01402 10230 20200 39139 48485 333 10282 20193 59005 6001/ 555 00012 10537=",
"43272099999","2022-09-03T03:00:00","4","13.2","78.0666666","857.0","CHINTAMANI, IN","FM-12","99999","V020","999,9,C,0000,1","99999,9,9,N","002000,1,9,9","+0226,1","+0205,1","99999,9",,"03,1,+99999,9,07,1","99,9,+99999,9,03,1","99,9,+99999,9,00,1","9,AGL   ,+99999,+99999","99,99,9,03,1,99,9,99999,9,99,9,99,9","240,M,+0301,1","240,N,+0203,1","99999,9,09153,1",,"3,1498,9","SYN08643272 32595 00000 10226 20205 39153 48498 83632 333 10301 20203 56299 58014 555 10537=",
"43272099999","2022-09-06T03:00:00","4","13.2","78.0666666","857.0","CHINTAMANI, IN","FM-12","99999","V020","140,1,N,0010,1","99999,9,9,N","002000,1,9,9","+0232,1","+0214,1","99999,9","24,0020,3,1","03,1,+00800,1,07,1","99,9,+99999,9,03,1","99,9,+99999,9,00,1","9,AGL   ,+99999,+99999","06,99,1,03,1,99,9,00800,1,99,9,99,9","240,M,+0316,1","240,N,+0204,1","99999,9,09138,1",,"3,1486,9","SYN09843272 22595 61402 10232 20214 39138 48486 83632 333 10316 20204 56299 59012 6002/ 555 00020 10565=",
"43272099999","2022-09-07T03:00:00","4","13.2","78.0666666","857.0","CHINTAMANI, IN","FM-12","99999","V020","230,1,N,0010,1","99999,9,9,N","002000,1,9,9","+0222,1","+0204,1","99999,9","24,0440,3,1","03,1,+00800,1,07,1","99,9,+99999,9,03,1","99,9,+99999,9,00,1","9,AGL   ,+99999,+99999","08,99,1,03,1,99,9,00800,1,99,9,99,9","240,M,+0311,1","240,N,+0203,1","99999,9,09139,1",,"3,1485,9","SYN08243272 22595 82302 10222 20204 39139 48485 83742 333 10311 20203 56999 58001 6044/=",
"43272099999","2022-09-08T03:00:00","4","13.2","78.0666666","857.0","CHINTAMANI, IN","FM-12","99999","V020","230,1,N,0010,1","99999,9,9,N","002000,1,9,9","+0222,1","+0204,1","99999,9","24,0020,3,1","03,1,+00800,1,07,1","99,9,+99999,9,03,1","99,9,+99999,9,00,1","9,AGL   ,+99999,+99999","08,99,1,03,1,99,9,00800,1,99,9,99,9","240,M,+0266,1","240,N,+0205,1","99999,9,09129,1",,"3,1475,9","SYN08243272 22595 82302 10222 20204 39129 48475 83742 333 10266 20205 56299 59010 6002/=",
"43272099999","2022-09-09T03:00:00","4","13.2","78.0666666","857.0","CHINTAMANI, IN","FM-12","99999","V020","230,1,N,0010,1","99999,9,9,N","002000,1,9,9","+0228,1","+0201,1","99999,9","24,0110,3,1","03,1,+00800,1,07,1","99,9,+99999,9,03,1","99,9,+99999,9,00,1","9,AGL   ,+99999,+99999","08,99,1,03,1,99,9,00800,1,99,9,99,9","240,M,+0266,1","240,N,+0206,1","99999,9,09140,1",,"3,1486,9","SYN09843272 22595 82302 10228 20201 39140 48486 83742 333 10266 20206 56999 58011 6011/ 555 00110 10622=",
"43272099999","2022-09-11T03:00:00","4","13.2","78.0666666","857.0","CHINTAMANI, IN","FM-12","99999","V020","230,1,N,0010,1","99999,9,9,N","002000,1,9,9","+0228,1","+0188,1","99999,9","24,0000,9,1","03,1,+00800,1,07,1","99,9,+99999,9,03,1","99,9,+99999,9,00,1","9,AGL   ,+99999,+99999","07,99,1,03,1,99,9,00800,1,99,9,99,9","240,M,+0276,1","240,N,+0208,1","99999,9,09133,1",,"3,1479,9","SYN09243272 22595 72302 10228 20188 39133 48479 83742 333 10276 20208 56299 58003 6990/ 555 10622=","Q01  00002PRCP24"
"43272099999","2022-09-12T03:00:00","4","13.2","78.0666666","857.0","CHINTAMANI, IN","FM-12","99999","V020","230,1,N,0051,1","99999,9,9,N","002000,1,9,9","+0230,1","+0191,1","99999,9",,"03,1,+00800,1,07,1","99,9,+99999,9,03,1","99,9,+99999,9,00,1","9,AGL   ,+99999,+99999","06,99,1,03,1,99,9,00800,1,99,9,99,9","240,M,+0291,1","240,N,+0203,1","99999,9,09119,1",,"3,1466,9","SYN08643272 32595 62310 10230 20191 39119 48466 83632 333 10291 20203 56299 59021 555 10622=",
"43272099999","2022-09-14T03:00:00","4","13.2","78.0666666","857.0","CHINTAMANI, IN","FM-12","99999","V020","230,1,N,0010,1","99999,9,9,N","010000,1,9,9","+0222,1","+0175,1","99999,9",,,,,,,"240,M,+0286,1","240,N,+0203,1","99999,9,09153,1","9,9,999,9,+004,1","3,1497,9","SYN06443272 32997 02302 10222 20175 39153 48497 333 10286 20203 58004=",
"43272099999","2022-09-15T03:00:00","4","13.2","78.0666666","857.0","CHINTAMANI, IN","FM-12","99999","V020","230,1,N,0015,1","99999,9,9,N","002000,1,9,9","+0223,1","+0220,1","99999,9",,"03,1,+00800,1,07,1","99,9,+99999,9,03,1","99,9,+99999,9,00,1","9,AGL   ,+99999,+99999","06,99,1,03,1,99,9,00800,1,99,9,99,9","240,M,+0293,1","240,N,+0199,1","99999,9,09178,1",,"3,1519,9","SYN08643272 32595 62303 10223 20220 39178 48519 83632 333 10293 20199 56299 58025 555 10622=",
"43272099999","2022-09-19T03:00:00","4","13.2","78.0666666","857.0","CHINTAMANI, IN","FM-12","99999","V020","320,1,N,0010,1","99999,9,9,N","004000,1,9,9","+0238,1","+0190,1","99999,9",,"03,1,+00800,1,07,1","99,9,+99999,9,03,1","99,9,+99999,9,00,1","9,AGL   ,+99999,+99999","06,99,1,03,1,99,9,00800,1,99,9,99,9","240,M,+0306,1","240,N,+0203,1","99999,9,09157,1",,"3,1504,9","SYN07643272 32596 63202 10238 20190 39157 48504 83632 333 10306 20203 56299 59003=",
"43272099999","2022-09-21T03:00:00","4","13.2","78.0666666","857.0","CHINTAMANI, IN","FM-12","99999","V020","230,1,N,0010,1","99999,9,9,N","010000,1,9,9","+0240,1","+0185,1","99999,9",,,,,,,"240,M,+0292,1","240,N,+0193,1","99999,9,09158,1","9,9,999,9,+000,1","3,1505,9","SYN08043272 32997 02302 10240 20185 39158 48505 8//// 333 10292 20193 58000 555 10624=",
"43272099999","2022-09-22T03:00:00","4","13.2","78.0666666","857.0","CHINTAMANI, IN","FM-12","99999","V020","230,1,N,0010,1","99999,9,9,N","010000,1,9,9","+0220,1","+0180,1","99999,9",,,,,,,"240,M,+0293,1","240,N,+0188,1","99999,9,09158,1","9,9,999,9,+000,1","3,1500,9","SYN08043272 32997 02302 10220 20180 39158 48500 8//// 333 10293 20188 58000 555 10624=",
"43272099999","2022-09-24T03:00:00","4","13.2","78.0666666","857.0","CHINTAMANI, IN","FM-12","99999","V020","230,1,N,0015,1","99999,9,9,N","010000,1,9,9","+0301,1","+0199,1","99999,9",,,,,,,"240,M,+0301,1","240,N,+0199,1","99999,9,09167,1","9,9,999,9,-001,1","3,1513,9","SYN08043272 32997 02303 10301 20199 39167 48513 8//// 333 10301 20199 59001 555 10624=",
"43272099999","2022-09-29T03:00:00","4","13.2","78.0666666","857.0","CHINTAMANI, IN","FM-12","99999","V020","320,1,N,0010,1","99999,9,9,N","002000,1,9,9","+0220,1","+0183,1","99999,9",,"03,1,+00800,1,07,1","99,9,+99999,9,03,1","99,9,+99999,9,00,1","9,AGL   ,+99999,+99999","08,99,1,03,1,99,9,00800,1,99,9,99,9","240,M,+0281,1","240,N,+0208,1","99999,9,09138,1",,"3,1481,9","SYN08643272 32595 83202 10220 20183 39138 48481 83742 333 10281 20208 56599 59005 555 10624=",
"43272099999","2022-09-30T03:00:00","4","13.2","78.0666666","857.0","CHINTAMANI, IN","FM-12","99999","V020","320,1,N,0010,1","99999,9,9,N","002000,1,9,9","+0218,1","+0191,1","99999,9","24,0060,3,1","03,1,+00800,1,06,1","99,9,+99999,9,03,1","99,9,+99999,9,00,1","9,AGL   ,+99999,+99999","08,99,1,03,1,99,9,00800,1,99,9,99,9","240,M,+0270,1","240,N,+0197,1","99999,9,09143,1",,"3,1485,9","SYN09843272 22595 83202 10218 20191 39143 48485 83574 333 10270 20197 56999 58003 6006/ 555 00060 10630=",
"43272099999","2022-10-03T03:00:00","4","13.2","78.0666666","857.0","CHINTAMANI, IN","FM-12","99999","V020","320,1,N,0026,1","99999,9,9,N","002000,1,9,9","+0226,1","+0205,1","99999,9",,"03,1,+00800,1,07,1","99,9,+99999,9,03,1","99,9,+99999,9,00,1","9,AGL   ,+99999,+99999","06,99,1,03,1,99,9,00800,1,99,9,99,9","240,M,+0271,1","240,N,+0206,1","99999,9,09138,1",,"3,1484,9","SYN08643272 32595 63205 10226 20205 39138 48484 83632 333 10271 20206 56299 59002 555 10008=",
"43272099999","2022-10-05T03:00:00","4","13.2","78.0666666","857.0","CHINTAMANI, IN","FM-12","99999","V020","320,1,N,0010,1","99999,9,9,N","002000,1,9,9","+0236,1","+0209,1","99999,9",,"03,1,+00800,1,07,1","99,9,+99999,9,03,1","99,9,+99999,9,00,1","9,AGL   ,+99999,+99999","06,99,1,03,1,99,9,00800,1,99,9,99,9","240,M,+0286,1","240,N,+0208,1","99999,9,09144,1",,"3,1491,9","SYN07643272 32595 63202 10236 20209 39144 48491 83632 333 10286 20208 56299 59002=",
"43272099999","2022-10-09T03:00:00","4","13.2","78.0666666","857.0","CHINTAMANI, IN","FM-12","99999","V020","230,1,N,0005,1","99999,9,9,N","004000,1,9,9","+0202,1","+0183,1","99999,9",,"03,1,+00800,1,07,1","99,9,+99999,9,03,1","99,9,+99999,9,00,1","9,AGL   ,+99999,+99999","06,99,1,03,1,99,9,00800,1,99,9,99,9","240,M,+0279,1","240,N,+0184,1","99999,9,09159,1",,"3,1499,9","SYN08643272 32596 62301 10202 20183 39159 48499 83632 333 10279 20184 56299 59001 555 10024=",
"43272099999","2022-10-10T03:00:00","4","13.2","78.0666666","857.0","CHINTAMANI, IN","FM-12","99999","V020","140,1,N,0005,1","99999,9,9,N","002000,1,9,9","+0222,1","+0210,1","99999,9","24,0340,3,1","03,1,+00800,1,07,1","99,9,+99999,9,03,1","99,9,+99999,9,00,1","9,AGL   ,+99999,+99999","06,99,1,03,1,99,9,00800,1,99,9,99,9","240,M,+0222,1","240,N,+0210,1","99999,9,09169,1",,"3,1512,9","SYN09843272 22595 61401 10222 20210 39169 48512 83632 333 10222 20210 56299 58010 6034/ 555 00340 10058=",
"43272099999","2022-10-14T03:00:00","4","13.2","78.0666666","857.0","CHINTAMANI, IN","FM-12","99999","V020","999,9,C,0000,1","99999,9,9,N","004000,1,9,9","+0236,1","+0209,1","99999,9","24,0130,3,1","03,1,+00800,1,07,1","99,9,+99999,9,03,1","99,9,+99999,9,00,1","9,AGL   ,+99999,+99999","06,99,1,03,1,99,9,00800,1,99,9,99,9","240,M,+0297,1","240,N,+0185,1","99999,9,09161,1",,"3,1507,9","SYN08243272 22596 60000 10236 20209 39161 48507 83632 333 10297 20185 56299 58002 6013/=",
"43272099999","2022-10-16T03:00:00","4","13.2","78.0666666","857.0","CHINTAMANI, IN","FM-12","99999","V020","050,1,N,0005,1","99999,9,9,N","002000,1,9,9","+0234,1","+0207,1","99999,9",,"03,1,+00800,1,07,1","99,9,+99999,9,03,1","99,9,+99999,9,00,1","9,AGL   ,+99999,+99999","06,99,1,03,1,99,9,00800,1,99,9,99,9","240,M,+0288,1","240,N,+0200,1","99999,9,09146,1",,"3,1493,9","SYN08643272 32595 60501 10234 20207 39146 48493 83642 333 10288 20200 56299 59003 555 10115=",
"43272099999","2022-10-17T03:00:00","4","13.2","78.0666666","857.0","CHINTAMANI, IN","FM-12","99999","V020","140,1,N,0010,1","99999,9,9,N","002000,1,9,9","+0226,1","+0205,1","99999,9","24,0020,3,1","03,1,+00800,1,07,1","99,9,+99999,9,03,1","99,9,+99999,9,00,1","9,AGL   ,+99999,+99999","07,99,1,03,1,99,9,00800,1,99,9,99,9","240,M,+0301,1","240,N,+0203,1","99999,9,09161,1",,"3,1504,9","SYN09843272 22595 71402 10226 20205 39161 48504 83742 333 10301 20203 56299 58015 6002/ 555 00020 10117=",
"43272099999","2022-10-18T03:00:00","4","13.2","78.0666666","857.0","CHINTAMANI, IN","FM-12","99999","V020","999,9,C,0000,1","99999,9,9,N","010000,1,9,9","+0236,1","+0209,1","99999,9",,,,,,,"240,M,+0293,1","240,N,+0209,1","99999,9,09183,1","9,9,999,9,+022,1","3,1527,9","SYN07443272 32997 00000 10236 20209 39183 48527 333 10293 20209 58022 555 10117=",
"43272099999","2022-10-22T03:00:00","4","13.2","78.0666666","857.0","CHINTAMANI, IN","FM-12","99999","V020","999,9,C,0000,1","99999,9,9,N","004000,1,9,9","+0220,1","+0199,1","99999,9","24,0004,3,1","03,1,+00800,1,07,1","99,9,+99999,9,03,1","99,9,+99999,9,00,1","9,AGL   ,+99999,+99999","06,99,1,03,1,99,9,00800,1,99,9,99,9","240,M,+0286,1","240,N,+0173,1","99999,9,09196,1",,"3,1536,9","SYN09843272 22596 60000 10220 20199 39196 48536 83632 333 10286 20173 56299 58004 6994/ 555 00004 10153=",
"43272099999","2022-10-23T03:00:00","4","13.2","78.0666666","857.0","CHINTAMANI, IN","FM-12","99999","V020","050,1,N,0005,1","99999,9,9,N","010000,1,9,9","+0224,1","+0200,1","99999,9",,,,,,,"240,M,+0289,1","240,N,+0178,1","99999,9,09190,1","9,9,999,9,-006,1","3,1532,9","SYN07443272 32997 00501 10224 20200 39190 48532 333 10289 20178 59006 555 10153=",
"43272099999","2022-10-25T03:00:00","4","13.2","78.0666666","857.0","CHINTAMANI, IN","FM-12","99999","V020","320,1,N,0015,1","99999,9,9,N","010000,1,9,9","+0214,1","+0142,1","99999,9",,,,,,,"240,M,+0282,1","240,N,+0169,1","99999,9,09173,1","9,9,999,9,-017,1","3,1514,9","SYN07443272 32997 03203 10214 20142 39173 48514 333 10282 20169 59017 555 10153=",
"43272099999","2022-10-26T03:00:00","4","13.2","78.0666666","857.0","CHINTAMANI, IN","FM-12","99999","V020","320,1,N,0005,1","99999,9,9,N","010000,1,9,9","+0208,1","+0142,1","99999,9",,,,,,,"240,M,+0281,1","240,N,+0169,1","99999,9,09169,1","9,9,999,9,-004,1","3,1508,9","SYN06443272 32997 03201 10208 20142 39169 48508 333 10281 20169 59004=",
"43272099999","2022-10-29T03:00:00","4","13.2","78.0666666","857.0","CHINTAMANI, IN","FM-12","99999","V020","050,1,N,0010,1","99999,9,9,N","002000,1,9,9","+0222,1","+0182,1","99999,9","24,0009,3,1","03,1,+00800,1,07,1","99,9,+99999,9,03,1","99,9,+99999,9,00,1","9,AGL   ,+99999,+99999","06,99,1,03,1,99,9,00800,1,99,9,99,9","240,M,+0271,1","240,N,+0184,1","99999,9,09175,1",,"3,1518,9","SYN09843272 22595 60502 10222 20182 39175 48518 83632 333 10271 20184 56299 59005 6999/ 555 00002 10153=",
"43272099999","2022-10-30T03:00:00","4","13.2","78.0666666","857.0","CHINTAMANI, IN","FM-12","99999","V020","050,1,N,0005,1","99999,9,9,N","002000,1,9,9","+0220,1","+0173,1","99999,9","24,0120,3,1","03,1,+00800,1,07,1","99,9,+99999,9,03,1","99,9,+99999,9,00,1","9,AGL   ,+99999,+99999","07,99,1,03,1,99,9,00800,1,99,9,99,9","240,M,+0276,1","240,N,+0181,1","99999,9,09171,1",,"3,1512,9","SYN09843272 22595 70501 10220 20173 39171 48512 83742 333 10276 20181 56299 59006 6012/ 555 00120 10165=",
"43272099999","2022-11-01T03:00:00","4","13.2","78.0666666","857.0","CHINTAMANI, IN","FM-12","99999","V020","050,1,N,0005,1","99999,9,9,N","002000,1,9,9","+0210,1","+0159,1","99999,9",,"03,1,+00800,1,07,1","99,9,+99999,9,03,1","99,9,+99999,9,00,1","9,AGL   ,+99999,+99999","07,99,1,03,1,99,9,00800,1,99,9,99,9","240,M,+0272,1","240,N,+0165,1","99999,9,09171,1","9,9,999,9,+003,1","3,1510,9","SYN08043272 32595 70501 10210 20159 39171 48510 83742 333 10272 20165 58003 555 10165=",
"43272099999","2022-11-03T03:00:00","4","13.2","78.0666666","857.0","CHINTAMANI, IN","FM-12","99999","V020","050,1,N,0005,1","99999,9,9,N","002000,1,9,9","+0220,1","+0196,1","99999,9","24,0040,3,1","03,1,+00800,1,07,1","99,9,+99999,9,03,1","99,9,+99999,9,00,1","9,AGL   ,+99999,+99999","07,99,1,03,1,99,9,00800,1,99,9,99,9","240,M,+0231,1","240,N,+0189,1","99999,9,09180,1",,"3,1521,9","SYN09843272 22595 70501 10220 20196 39180 48521 83742 333 10231 20189 56299 59002 6004/ 555 00042 10183=",
"43272099999","2022-11-04T03:00:00","4","13.2","78.0666666","857.0","CHINTAMANI, IN","FM-12","99999","V020","999,9,C,0000,1","99999,9,9,N","004000,1,9,9","+0228,1","+0195,1","99999,9",,"03,1,+00800,1,07,1","99,9,+99999,9,03,1","99,9,+99999,9,00,1","9,AGL   ,+99999,+99999","06,99,1,03,1,99,9,00800,1,99,9,99,9","240,M,+0261,1","240,N,+0198,1","99999,9,09186,1",,"3,1528,9","SYN08643272 32596 60500 10228 20195 39186 48528 83632 333 10261 20198 56299 58006 555 10183=",
"43272099999","2022-11-05T03:00:00","4","13.2","78.0666666","857.0","CHINTAMANI, IN","FM-12","99999","V020","999,9,C,0000,1","99999,9,9,N","004000,1,9,9","+0222,1","+0195,1","99999,9",,"03,1,+00800,1,07,1","99,9,+99999,9,03,1","99,9,+99999,9,00,1","9,AGL   ,+99999,+99999","06,99,1,03,1,99,9,00800,1,99,9,99,9","240,M,+0272,1","240,N,+0191,1","99999,9,09202,1",,"3,1543,9","SYN08643272 32596 60500 10222 20195 39202 48543 83632 333 10272 20191 56299 58016 555 10183=",
"43272099999","2022-11-06T03:00:00","4","13.2","78.0666666","857.0","CHINTAMANI, IN","FM-12","99999","V020","050,1,N,0005,1","99999,9,9,N","004000,1,9,9","+0226,1","+0189,1","99999,9","24,0000,9,1","03,1,+00800,1,07,1","99,9,+99999,9,03,1","99,9,+99999,9,00,1","9,AGL   ,+99999,+99999","06,99,1,03,1,99,9,00800,1,99,9,99,9","240,M,+0274,1","240,N,+0188,1","99999,9,09181,1",,"3,1523,9","SYN09243272 22596 60501 10226 20189 39181 48523 83632 333 10274 20188 56299 59021 6990/ 555 10183=","Q01  00002PRCP24"
"43272099999","2022-11-10T03:00:00","4","13.2","78.0666666","857.0","CHINTAMANI, IN","FM-12","99999","V020","320,1,N,0010,1","99999,9,9,N","010000,1,9,9","+0206,1","+0175,1","99999,9",,,,,,,"240,M,+0281,1","240,N,+0153,1","99999,9,09192,1","9,9,999,9,+000,1","3,1529,9","SYN07043272 32997 03202 10206 20175 39192 48529 8//// 333 10281 20153 58000=",
"43272099999","2022-11-16T03:00:00","4","13.2","78.0666666","857.0","CHINTAMANI, IN","FM-12","99999","V020","050,1,N,0010,1","99999,9,9,N","004000,1,9,9","+0198,1","+0179,1","99999,9",,"03,1,+00800,1,07,1","99,9,+99999,9,03,1","99,9,+99999,9,00,1","9,AGL   ,+99999,+99999","06,99,1,03,1,99,9,00800,1,99,9,99,9","240,M,+0271,1","240,N,+0163,1","99999,9,09193,1",,"3,1528,9","SYN08643272 32596 60502 10198 20179 39193 48528 83632 333 10271 20163 56299 59010 555 10211=",
"43272099999","2022-11-18T03:00:00","4","13.2","78.0666666","857.0","CHINTAMANI, IN","FM-12","99999","V020","999,9,C,0000,1","99999,9,9,N","010000,1,9,9","+0184,1","+0133,1","99999,9",,,,,,,"240,M,+0266,1","240,N,+0129,1","99999,9,09176,1","9,9,999,9,-007,1","3,1510,9","SYN08043272 32997 00500 10184 20133 39176 48510 8//// 333 10266 20129 59007 555 10211=",
"43272099999","2022-11-20T03:00:00","4","13.2","78.0666666","857.0","CHINTAMANI, IN","FM-12","99999","V020","999,9,C,0000,1","99999,9,9,N","010000,1,9,9","+0194,1","+0148,1","99999,9",,,,,,,"240,M,+0266,1","240,N,+0125,1","99999,9,09183,1","9,9,999,9,-003,1","3,1518,9","SYN08043272 32997 00500 10194 20148 39183 48518 8//// 333 10266 20125 59003 555 10211=",
"43272099999","2022-11-22T03:00:00","4","13.2","78.0666666","857.0","CHINTAMANI, IN","FM-12","99999","V020","320,1,N,0005,1","99999,9,9,N","002000,1,9,9","+0192,1","+0129,1","99999,9",,"03,1,+00800,1,07,1","99,9,+99999,9,03,1","99,9,+99999,9,00,1","9,AGL   ,+99999,+99999","08,99,1,03,1,99,9,00800,1,99,9,99,9","240,M,+0246,1","240,N,+0180,1","99999,9,09169,1",,"3,1506,9","SYN08643272 32595 83201 10192 20129 39169 48506 83742 333 10246 20180 56999 58003 555 10211=",
"43272099999","2022-11-23T03:00:00","4","13.2","78.0666666","857.0","CHINTAMANI, IN","FM-12","99999","V020","050,1,N,0005,1","99999,9,9,N","002000,1,9,9","+0206,1","+0197,1","99999,9","24,0020,3,1","03,1,+00800,1,07,1","99,9,+99999,9,03,1","99,9,+99999,9,00,1","9,AGL   ,+99999,+99999","08,99,1,03,1,99,9,00800,1,99,9,99,9","240,M,+0242,1","240,N,+0183,1","99999,9,09172,1",,"3,1511,9","SYN09843272 22595 80501 10206 20197 39172 48511 83742 333 10242 20183 56999 58003 6002/ 555 00022 10213=",
"43272099999","2022-11-28T03:00:00","4","13.2","78.0666666","857.0","CHINTAMANI, IN","FM-12","99999","V020","999,9,C,0000,1","99999,9,9,N","002000,1,9,9","+0266,1","+0181,1","99999,9",,"03,1,+00800,1,07,1","99,9,+99999,9,03,1","99,9,+99999,9,00,1","9,AGL   ,+99999,+99999","07,99,1,03,1,99,9,00800,1,99,9,99,9","240,M,+0294,1","240,N,+0183,1","99999,9,09169,1",,"3,1508,9","SYN08643272 32595 71400 10266 20181 39169 48508 83742 333 10294 20183 56299 59012 555 10216=",
"43272099999","2022-11-29T03:00:00","4","13.2","78.0666666","857.0","CHINTAMANI, IN","FM-12","99999","V020","999,9,C,0000,1","99999,9,9,N","004000,1,9,9","+0202,1","+0183,1","99999,9",,"03,1,+00800,1,07,1","99,9,+99999,9,03,1","99,9,+99999,9,00,1","9,AGL   ,+99999,+99999","06,99,1,03,1,99,9,00800,1,99,9,99,9","240,M,+0286,1","240,N,+0183,1","99999,9,09179,1",,"3,1517,9","SYN07643272 32596 60500 10202 20183 39179 48517 83632 333 10286 20183 56299 58010=",
"43272099999","2022-11-30T03:00:00","4","13.2","78.0666666","857.0","CHINTAMANI, IN","FM-12","99999","V020","999,9,C,0000,1","99999,9,9,N","004000,1,9,9","+0180,1","+0157,1","99999,9",,"02,1,+00800,1,06,1","99,9,+99999,9,03,1","99,9,+99999,9,00,1","9,AGL   ,+99999,+99999","05,99,1,02,1,99,9,00800,1,99,9,99,9","240,M,+0271,1","240,N,+0146,1","99999,9,09182,1",,"3,1513,9","SYN08643272 32596 50500 10180 20157 39182 48513 82532 333 10271 20146 56299 58003 555 10216=",
"43272099999","2022-12-03T03:00:00","4","13.2","78.0666666","857.0","CHINTAMANI, IN","FM-12","99999","V020","050,1,N,0010,1","22000,1,9,N","002000,1,9,9","+0210,1","+0192,1","99999,9",,"03,1,+00800,1,07,1","99,9,+99999,9,03,1","99,9,+99999,9,00,1","9,AGL   ,+99999,+99999","03,99,1,03,1,99,9,00800,1,99,9,99,9","240,M,+0276,1","240,N,+0188,1","99999,9,09180,1",,"3,1588,9","SYN08643272 32595 30502 10210 20192 39180 48588 83632 333 10276 20188 56299 58000 555 10216=",
"43272099999","2022-12-04T03:00:00","4","13.2","78.0666666","857.0","CHINTAMANI, IN","FM-12","99999","V020","999,9,C,0000,1","99999,9,9,N","004000,1,9,9","+0214,1","+0193,1","99999,9",,"03,1,+00800,1,07,1","99,9,+99999,9,03,1","99,9,+99999,9,00,1","9,AGL   ,+99999,+99999","06,99,1,03,1,99,9,00800,1,99,9,99,9","240,M,+0278,1","240,N,+0185,1","99999,9,09184,1",,"3,1524,9","SYN08643272 32596 61400 10214 20193 39184 48524 83632 333 10278 20185 56299 58004 555 10216=",
"43272099999","2022-12-05T03:00:00","4","13.2","78.0666666","857.0","CHINTAMANI, IN","FM-12","99999","V020","050,1,N,0005,1","99999,9,9,N","004000,1,9,9","+0210,1","+0189,1","99999,9",,"03,1,+00800,1,07,1","99,9,+99999,9,03,1","99,9,+99999,9,00,1","9,AGL   ,+99999,+99999","05,99,1,03,1,99,9,00800,1,99,9,99,9","240,M,+0291,1","240,N,+0185,1","99999,9,09189,1",,"3,1526,9","SYN08643272 32596 50501 10210 20189 39189 48526 83632 333 10291 20185 56299 58005 555 10216=",
"43272099999","2022-12-06T03:00:00","4","13.2","78.0666666","857.0","CHINTAMANI, IN","FM-12","99999","V020","999,9,C,0000,1","99999,9,9,N","010000,1,9,9","+0206,1","+0181,1","99999,9",,,,,,,"240,M,+0284,1","240,N,+0183,1","99999,9,09191,1","9,9,999,9,+002,1","3,1528,9","SYN08043272 32997 01400 10206 20181 39191 48528 8//// 333 10284 20183 58002 555 10216=",
"43272099999","2022-12-10T03:00:00","4","13.2","78.0666666","857.0","CHINTAMANI, IN","FM-12","99999","V020","320,1,N,0031,1","99999,9,9,N","002000,1,9,9","+0180,1","+0177,1","99999,9","24,0160,3,1","03,1,+00800,1,08,1","99,9,+99999,9,03,1","99,9,+99999,9,00,1","9,AGL   ,+99999,+99999","08,99,1,03,1,99,9,00800,1,99,9,99,9","240,M,+0218,1","240,N,+0163,1","99999,9,09114,1",,"3,1458,9","SYN09843272 22595 83206 10180 20177 39114 48458 83242 333 10218 20163 56999 59030 6016/ 555 00156 10232=",
"43272099999","2022-12-13T03:00:00","4","13.2","78.0666666","857.0","CHINTAMANI, IN","FM-12","99999","V020","140,1,N,0005,1","99999,9,9,N","002000,1,9,9","+0204,1","+0198,1","99999,9","24,0070,3,1","03,1,+00800,1,07,1","99,9,+99999,9,03,1","99,9,+99999,9,00,1","9,AGL   ,+99999,+99999","08,99,1,03,1,99,9,00800,1,99,9,99,9","240,M,+0239,1","240,N,+0197,1","99999,9,09182,1",,"3,1519,9","SYN09843272 22595 81401 10204 20198 39182 48519 83742 333 10239 20197 56999 58019 6007/ 555 00066 10313=",
"43272099999","2022-12-16T03:00:00","4","13.2","78.0666666","857.0","CHINTAMANI, IN","FM-12","99999","V020","999,9,C,0000,1","99999,9,9,N","010000,1,9,9","+0192,1","+0139,1","99999,9",,,,,,,"240,M,+0274,1","240,N,+0123,1","99999,9,09176,1","9,9,999,9,-003,1","3,1512,9","SYN07443272 32997 01400 10192 20139 39176 48512 333 10274 20123 59003 555 10364=",
"43272099999","2022-12-19T03:00:00","4","13.2","78.0666666","857.0","CHINTAMANI, IN","FM-12","99999","V020","050,1,N,0005,1","99999,9,9,N","002000,1,9,9","+0192,1","+0173,1","99999,9",,"03,1,+00800,1,07,1","99,9,+99999,9,03,1","99,9,+99999,9,00,1","9,AGL   ,+99999,+99999","06,99,1,03,1,99,9,00800,1,99,9,99,9","240,M,+0279,1","240,N,+0155,1","99999,9,09175,1",,"3,1512,9","SYN08643272 32595 60501 10192 20173 39175 48512 83632 333 10279 20155 56299 59022 555 10364=",
"43272099999","2022-12-20T03:00:00","4","13.2","78.0666666","857.0","CHINTAMANI, IN","FM-12","99999","V020","999,9,C,0000,1","99999,9,9,N","010000,1,9,9","+0182,1","+0169,1","99999,9",,,,,,,"240,M,+0259,1","240,N,+0139,1","99999,9,09174,1","9,9,999,9,-001,1","3,1508,9","SYN08043272 32997 00500 10182 20169 39174 48508 8//// 333 10259 20139 59001 555 10364=",
"43272099999","2022-12-21T03:00:00","4","13.2","78.0666666","857.0","CHINTAMANI, IN","FM-12","99999","V020","050,1,N,0005,1","99999,9,9,N","010000,1,9,9","+0182,1","+0163,1","99999,9",,,,,,,"240,M,+0278,1","240,N,+0151,1","99999,9,09174,1","9,9,999,9,+000,1","3,1509,9","SYN08043272 32997 00501 10182 20163 39174 48509 8//// 333 10278 20151 58000 555 10364=",
"43272099999","2022-12-25T03:00:00","4","13.2","78.0666666","857.0","CHINTAMANI, IN","FM-12","99999","V020","999,9,C,0000,1","99999,9,9,N","002000,1,9,9","+0184,1","+0141,1","99999,9",,"03,1,+00800,1,07,1","99,9,+99999,9,03,1","99,9,+99999,9,00,1","9,AGL   ,+99999,+99999","06,99,1,03,1,99,9,00800,1,99,9,99,9","240,M,+0276,1","240,N,+0133,1","99999,9,09172,1",,"3,1507,9","SYN08643272 32595 60500 10184 20141 39172 48507 83642 333 10276 20133 56299 59004 555 10364=",
"43272099999","2022-12-26T03:00:00","4","13.2","78.0666666","857.0","CHINTAMANI, IN","FM-12","99999","V020","140,1,N,0005,1","99999,9,9,N","002000,1,9,9","+0212,1","+0200,1","99999,9","24,0070,3,1","03,1,+00800,1,07,1","99,9,+99999,9,03,1","99,9,+99999,9,00,1","9,AGL   ,+99999,+99999","07,99,1,03,1,99,9,00800,1,99,9,99,9","240,M,+0271,1","240,N,+0163,1","99999,9,09192,1",,"3,1531,9","SYN09843272 22595 71401 10212 20200 39192 48531 83742 333 10271 20163 56299 58020 6007/ 555 00072 10371=",
"43272099999","2022-12-27T03:00:00","4","13.2","78.0666666","857.0","CHINTAMANI, IN","FM-12","99999","V020","140,1,N,0005,1","99999,9,9,N","002000,1,9,9","+0202,1","+0193,1","99999,9","24,0004,3,1","03,1,+00800,1,07,1","99,9,+99999,9,03,1","99,9,+99999,9,00,1","9,AGL   ,+99999,+99999","08,99,1,03,1,99,9,00800,1,99,9,99,9","240,M,+0257,1","240,N,+0187,1","99999,9,09212,1",,"3,1548,9","SYN09843272 22595 81401 10202 20193 39212 48548 83742 333 10257 20187 56999 58020 6994/ 555 00004 10371=",
"43272099999","2022-12-28T03:00:00","4","13.2","78.0666666","857.0","CHINTAMANI, IN","FM-12","99999","V020","999,9,C,0000,1","99999,9,9,N","002000,1,9,9","+0206,1","+0188,1","99999,9","24,0010,3,1",,,,,,"240,M,+0252,1","240,N,+0190,1","99999,9,09212,1","9,9,999,9,+000,1","3,1548,9","SYN09243272 22595 01400 10206 20188 39212 48548 8//// 333 10252 20190 58000 6001/ 555 00006 10372=",
"43272099999","2022-12-29T03:00:00","4","13.2","78.0666666","857.0","CHINTAMANI, IN","FM-12","99999","V020","050,1,N,0005,1","99999,9,9,N","010000,1,9,9","+0202,1","+0191,1","99999,9",,,,,,,"240,M,+0289,1","240,N,+0157,1","99999,9,09232,1","9,9,999,9,+020,1","3,1554,9","SYN07443272 32997 00501 10202 20191 39232 48554 333 10289 20157 58020 555 10372=",
"43272099999","2022-12-30T03:00:00","4","13.2","78.0666666","857.0","CHINTAMANI, IN","FM-12","99999","V020","140,1,N,0005,1","99999,9,9,N","010000,1,9,9","+0212,1","+0175,1","99999,9",,,,,,,"240,M,+0311,1","240,N,+0143,1","99999,9,09240,1","9,9,999,9,+008,1","3,1579,9","SYN07443272 32997 01401 10212 20175 39240 48579 333 10311 20143 58008 555 10372=",
