fault_threshold,weather_threshold,k,n,window_minutes,enable_drift_rescue,drift_rescue_threshold,drift_min_fault_probability,weather_agreement_threshold,weather_probability_floor,recovery_points,search_stage,fault_precision,fault_recall,fault_f1,false_alerts_per_station_day,weather_f1,weather_precision,weather_recall,fault_to_weather_rate,weather_to_fault_rate,normal_to_fault_row_rate,worst_domain_fault_precision,worst_domain_fault_f1,worst_domain_false_alerts_per_station_day,worst_domain_normal_to_fault_rate,worst_domain_weather_to_fault_rate,objective,policy_eligible
0.75,0.35,1,2,720,False,10.0,0.30000000000000004,0.5,0.1,2,core,0.07725321888412018,0.6545454545454545,0.13819577735124763,0.13844172569220864,0.3804347826086956,0.23675310033821872,0.967741935483871,0.4727272727272727,0.22119815668202766,0.02329643874225654,0.04534005037783375,0.08510638297872342,0.19576446280991736,0.03369939199698355,0.27380952380952384,-4.3415336477438,False
0.75,0.55,1,2,720,False,10.0,0.30000000000000004,0.5,0.1,2,core,0.07725321888412018,0.6545454545454545,0.13819577735124763,0.13844172569220864,0.3804347826086956,0.23675310033821872,0.967741935483871,0.4727272727272727,0.22119815668202766,0.02329643874225654,0.04534005037783375,0.08510638297872342,0.19576446280991736,0.03369939199698355,0.27380952380952384,-4.3415336477438,False
0.75,0.75,1,2,720,False,10.0,0.30000000000000004,0.5,0.1,2,core,0.07725321888412018,0.6545454545454545,0.13819577735124763,0.13844172569220864,0.3804347826086956,0.23675310033821872,0.967741935483871,0.4727272727272727,0.22119815668202766,0.02329643874225654,0.04534005037783375,0.08510638297872342,0.19576446280991736,0.03369939199698355,0.27380952380952384,-4.3415336477438,False
0.75,0.9,1,2,720,False,10.0,0.30000000000000004,0.5,0.1,2,core,0.07725321888412018,0.6545454545454545,0.13819577735124763,0.13844172569220864,0.3804347826086956,0.23675310033821872,0.967741935483871,0.4727272727272727,0.22119815668202766,0.02329643874225654,0.04534005037783375,0.08510638297872342,0.19576446280991736,0.03369939199698355,0.27380952380952384,-4.3415336477438,False
0.75,0.35,2,3,720,False,10.0,0.30000000000000004,0.5,0.1,2,core,0.06334841628959276,0.509090909090909,0.11267605633802817,0.13329040566645203,0.4615384615384615,0.3044117647058823,0.9539170506912442,0.32727272727272727,0.19815668202764977,0.019435718270162355,0.03183023872679045,0.05955334987593052,0.18853305785123967,0.028184946033840787,0.2619047619047619,-4.36025443482966,False
0.75,0.55,2,3,720,False,10.0,0.30000000000000004,0.5,0.1,2,core,0.06334841628959276,0.509090909090909,0.11267605633802817,0.13329040566645203,0.4615384615384615,0.3044117647058823,0.9539170506912442,0.32727272727272727,0.19815668202764977,0.019435718270162355,0.03183023872679045,0.05955334987593052,0.18853305785123967,0.028184946033840787,0.2619047619047619,-4.36025443482966,False
0.75,0.75,2,3,720,False,10.0,0.30000000000000004,0.5,0.1,2,core,0.06334841628959276,0.509090909090909,0.11267605633802817,0.13329040566645203,0.4615384615384615,0.3044117647058823,0.9539170506912442,0.32727272727272727,0.19815668202764977,0.019435718270162355,0.03183023872679045,0.05955334987593052,0.18853305785123967,0.028184946033840787,0.2619047619047619,-4.36025443482966,False
0.75,0.9,2,3,720,False,10.0,0.30000000000000004,0.5,0.1,2,core,0.06334841628959276,0.509090909090909,0.11267605633802817,0.13329040566645203,0.4615384615384615,0.3044117647058823,0.9539170506912442,0.32727272727272727,0.19815668202764977,0.019435718270162355,0.03183023872679045,0.05955334987593052,0.18853305785123967,0.028184946033840787,0.2619047619047619,-4.36025443482966,False
0.75,0.35,2,3,720,True,10.0,0.30000000000000004,0.5,0.1,2,drift_challenge,0.06334841628959276,0.509090909090909,0.11267605633802817,0.13329040566645203,0.4615384615384615,0.3044117647058823,0.9539170506912442,0.32727272727272727,0.19815668202764977,0.019435718270162355,0.03183023872679045,0.05955334987593052,0.18853305785123967,0.028184946033840787,0.2619047619047619,-4.36025443482966,False
0.75,0.55,2,3,720,True,10.0,0.30000000000000004,0.5,0.1,2,drift_challenge,0.06334841628959276,0.509090909090909,0.11267605633802817,0.13329040566645203,0.4615384615384615,0.3044117647058823,0.9539170506912442,0.32727272727272727,0.19815668202764977,0.019435718270162355,0.03183023872679045,0.05955334987593052,0.18853305785123967,0.028184946033840787,0.2619047619047619,-4.36025443482966,False
0.75,0.75,2,3,720,True,10.0,0.30000000000000004,0.5,0.1,2,drift_challenge,0.06334841628959276,0.509090909090909,0.11267605633802817,0.13329040566645203,0.4615384615384615,0.3044117647058823,0.9539170506912442,0.32727272727272727,0.19815668202764977,0.019435718270162355,0.03183023872679045,0.05955334987593052,0.18853305785123967,0.028184946033840787,0.2619047619047619,-4.36025443482966,False
0.75,0.9,2,3,720,True,10.0,0.30000000000000004,0.5,0.1,2,drift_challenge,0.06334841628959276,0.509090909090909,0.11267605633802817,0.13329040566645203,0.4615384615384615,0.3044117647058823,0.9539170506912442,0.32727272727272727,0.19815668202764977,0.019435718270162355,0.03183023872679045,0.05955334987593052,0.18853305785123967,0.028184946033840787,0.2619047619047619,-4.36025443482966,False
0.75,0.35,1,2,720,True,10.0,0.30000000000000004,0.5,0.1,2,drift_challenge,0.07692307692307693,0.6545454545454545,0.1376673040152964,0.1390856406954282,0.3804347826086956,0.23675310033821872,0.967741935483871,0.4727272727272727,0.2304147465437788,0.023340477378820352,0.045112781954887216,0.08470588235294117,0.19679752066115702,0.03377009002215205,0.27380952380952384,-4.370312778206417,False
0.75,0.55,1,2,720,True,10.0,0.30000000000000004,0.5,0.1,2,drift_challenge,0.07692307692307693,0.6545454545454545,0.1376673040152964,0.1390856406954282,0.3804347826086956,0.23675310033821872,0.967741935483871,0.4727272727272727,0.2304147465437788,0.023340477378820352,0.045112781954887216,0.08470588235294117,0.19679752066115702,0.03377009002215205,0.27380952380952384,-4.370312778206417,False
0.75,0.75,1,2,720,True,10.0,0.30000000000000004,0.5,0.1,2,drift_challenge,0.07692307692307693,0.6545454545454545,0.1376673040152964,0.1390856406954282,0.3804347826086956,0.23675310033821872,0.967741935483871,0.4727272727272727,0.2304147465437788,0.023340477378820352,0.045112781954887216,0.08470588235294117,0.19679752066115702,0.03377009002215205,0.27380952380952384,-4.370312778206417,False
0.75,0.9,1,2,720,True,10.0,0.30000000000000004,0.5,0.1,2,drift_challenge,0.07692307692307693,0.6545454545454545,0.1376673040152964,0.1390856406954282,0.3804347826086956,0.23675310033821872,0.967741935483871,0.4727272727272727,0.2304147465437788,0.023340477378820352,0.045112781954887216,0.08470588235294117,0.19679752066115702,0.03377009002215205,0.27380952380952384,-4.370312778206417,False
0.75,0.35,2,4,720,False,10.0,0.30000000000000004,0.5,0.1,2,core,0.06320541760722348,0.509090909090909,0.11244979919678716,0.13361236316806183,0.48994082840236686,0.32961783439490444,0.9539170506912442,0.32727272727272727,0.19815668202764977,0.021813804644608203,0.031746031746031744,0.0594059405940594,0.1890495867768595,0.031554885233539144,0.2619047619047619,-4.379429451891695,False
0.75,0.55,2,4,720,False,10.0,0.30000000000000004,0.5,0.1,2,core,0.06320541760722348,0.509090909090909,0.11244979919678716,0.13361236316806183,0.48994082840236686,0.32961783439490444,0.9539170506912442,0.32727272727272727,0.19815668202764977,0.021813804644608203,0.031746031746031744,0.0594059405940594,0.1890495867768595,0.031554885233539144,0.2619047619047619,-4.379429451891695,False
0.75,0.75,2,4,720,False,10.0,0.30000000000000004,0.5,0.1,2,core,0.06320541760722348,0.509090909090909,0.11244979919678716,0.13361236316806183,0.48994082840236686,0.32961783439490444,0.9539170506912442,0.32727272727272727,0.19815668202764977,0.021813804644608203,0.031746031746031744,0.0594059405940594,0.1890495867768595,0.031554885233539144,0.2619047619047619,-4.379429451891695,False
0.75,0.9,2,4,720,False,10.0,0.30000000000000004,0.5,0.1,2,core,0.06320541760722348,0.509090909090909,0.11244979919678716,0.13361236316806183,0.48994082840236686,0.32961783439490444,0.9539170506912442,0.32727272727272727,0.19815668202764977,0.021813804644608203,0.031746031746031744,0.0594059405940594,0.1890495867768595,0.031554885233539144,0.2619047619047619,-4.379429451891695,False
0.75,0.35,2,4,720,True,10.0,0.30000000000000004,0.5,0.1,2,drift_challenge,0.06320541760722348,0.509090909090909,0.11244979919678716,0.13361236316806183,0.48994082840236686,0.32961783439490444,0.9539170506912442,0.32727272727272727,0.19815668202764977,0.021813804644608203,0.031746031746031744,0.0594059405940594,0.1890495867768595,0.031554885233539144,0.2619047619047619,-4.379429451891695,False
0.75,0.55,2,4,720,True,10.0,0.30000000000000004,0.5,0.1,2,drift_challenge,0.06320541760722348,0.509090909090909,0.11244979919678716,0.13361236316806183,0.48994082840236686,0.32961783439490444,0.9539170506912442,0.32727272727272727,0.19815668202764977,0.021813804644608203,0.031746031746031744,0.0594059405940594,0.1890495867768595,0.031554885233539144,0.2619047619047619,-4.379429451891695,False
0.75,0.75,2,4,720,True,10.0,0.30000000000000004,0.5,0.1,2,drift_challenge,0.06320541760722348,0.509090909090909,0.11244979919678716,0.13361236316806183,0.48994082840236686,0.32961783439490444,0.9539170506912442,0.32727272727272727,0.19815668202764977,0.021813804644608203,0.031746031746031744,0.0594059405940594,0.1890495867768595,0.031554885233539144,0.2619047619047619,-4.379429451891695,False
0.75,0.9,2,4,720,True,10.0,0.30000000000000004,0.5,0.1,2,drift_challenge,0.06320541760722348,0.509090909090909,0.11244979919678716,0.13361236316806183,0.48994082840236686,0.32961783439490444,0.9539170506912442,0.32727272727272727,0.19815668202764977,0.021813804644608203,0.031746031746031744,0.0594059405940594,0.1890495867768595,0.031554885233539144,0.2619047619047619,-4.379429451891695,False
0.65,0.35,2,3,720,False,10.0,0.26,0.5,0.1,2,core,0.060267857142857144,0.4909090909090909,0.1073558648111332,0.13554410817772053,0.4615384615384615,0.3044117647058823,0.9539170506912442,0.32727272727272727,0.20276497695852536,0.019465077361204897,0.031331592689295036,0.058679706601466985,0.19163223140495866,0.028184946033840787,0.2619047619047619,-4.496219102910427,False
0.65,0.55,2,3,720,False,10.0,0.26,0.5,0.1,2,core,0.060267857142857144,0.4909090909090909,0.1073558648111332,0.13554410817772053,0.4615384615384615,0.3044117647058823,0.9539170506912442,0.32727272727272727,0.20276497695852536,0.019465077361204897,0.031331592689295036,0.058679706601466985,0.19163223140495866,0.028184946033840787,0.2619047619047619,-4.496219102910427,False
0.65,0.75,2,3,720,False,10.0,0.26,0.5,0.1,2,core,0.060267857142857144,0.4909090909090909,0.1073558648111332,0.13554410817772053,0.4615384615384615,0.3044117647058823,0.9539170506912442,0.32727272727272727,0.20276497695852536,0.019465077361204897,0.031331592689295036,0.058679706601466985,0.19163223140495866,0.028184946033840787,0.2619047619047619,-4.496219102910427,False
0.65,0.9,2,3,720,False,10.0,0.26,0.5,0.1,2,core,0.060267857142857144,0.4909090909090909,0.1073558648111332,0.13554410817772053,0.4615384615384615,0.3044117647058823,0.9539170506912442,0.32727272727272727,0.20276497695852536,0.019465077361204897,0.031331592689295036,0.058679706601466985,0.19163223140495866,0.028184946033840787,0.2619047619047619,-4.496219102910427,False
0.65,0.35,2,3,720,True,10.0,0.26,0.5,0.1,2,drift_challenge,0.060267857142857144,0.4909090909090909,0.1073558648111332,0.13554410817772053,0.4615384615384615,0.3044117647058823,0.9539170506912442,0.32727272727272727,0.20276497695852536,0.019465077361204897,0.031331592689295036,0.058679706601466985,0.19163223140495866,0.028184946033840787,0.2619047619047619,-4.496219102910427,False
0.65,0.55,2,3,720,True,10.0,0.26,0.5,0.1,2,drift_challenge,0.060267857142857144,0.4909090909090909,0.1073558648111332,0.13554410817772053,0.4615384615384615,0.3044117647058823,0.9539170506912442,0.32727272727272727,0.20276497695852536,0.019465077361204897,0.031331592689295036,0.058679706601466985,0.19163223140495866,0.028184946033840787,0.2619047619047619,-4.496219102910427,False
0.65,0.75,2,3,720,True,10.0,0.26,0.5,0.1,2,drift_challenge,0.060267857142857144,0.4909090909090909,0.1073558648111332,0.13554410817772053,0.4615384615384615,0.3044117647058823,0.9539170506912442,0.32727272727272727,0.20276497695852536,0.019465077361204897,0.031331592689295036,0.058679706601466985,0.19163223140495866,0.028184946033840787,0.2619047619047619,-4.496219102910427,False
0.65,0.35,2,4,720,False,10.0,0.26,0.5,0.1,2,core,0.060267857142857144,0.4909090909090909,0.1073558648111332,0.13554410817772053,0.48994082840236686,0.32961783439490444,0.9539170506912442,0.32727272727272727,0.20276497695852536,0.021857843281172015,0.031331592689295036,0.058679706601466985,0.19163223140495866,0.031554885233539144,0.2619047619047619,-4.501516128043505,False
0.65,0.55,2,4,720,False,10.0,0.26,0.5,0.1,2,core,0.060267857142857144,0.4909090909090909,0.1073558648111332,0.13554410817772053,0.48994082840236686,0.32961783439490444,0.9539170506912442,0.32727272727272727,0.20276497695852536,0.021857843281172015,0.031331592689295036,0.058679706601466985,0.19163223140495866,0.031554885233539144,0.2619047619047619,-4.501516128043505,False
0.65,0.75,2,4,720,False,10.0,0.26,0.5,0.1,2,core,0.060267857142857144,0.4909090909090909,0.1073558648111332,0.13554410817772053,0.48994082840236686,0.32961783439490444,0.9539170506912442,0.32727272727272727,0.20276497695852536,0.021857843281172015,0.031331592689295036,0.058679706601466985,0.19163223140495866,0.031554885233539144,0.2619047619047619,-4.501516128043505,False
0.65,0.9,2,4,720,False,10.0,0.26,0.5,0.1,2,core,0.060267857142857144,0.4909090909090909,0.1073558648111332,0.13554410817772053,0.48994082840236686,0.32961783439490444,0.9539170506912442,0.32727272727272727,0.20276497695852536,0.021857843281172015,0.031331592689295036,0.058679706601466985,0.19163223140495866,0.031554885233539144,0.2619047619047619,-4.501516128043505,False
0.65,0.35,1,2,720,False,10.0,0.26,0.5,0.1,2,core,0.07352941176470588,0.6363636363636364,0.13182674199623354,0.14198325820991628,0.3804347826086956,0.23675310033821872,0.967741935483871,0.4727272727272727,0.22119815668202766,0.023839581926543556,0.04433497536945813,0.08333333333333333,0.20041322314049587,0.03440637224866852,0.27380952380952384,-4.527740815192621,False
0.65,0.55,1,2,720,False,10.0,0.26,0.5,0.1,2,core,0.07352941176470588,0.6363636363636364,0.13182674199623354,0.14198325820991628,0.3804347826086956,0.23675310033821872,0.967741935483871,0.4727272727272727,0.22119815668202766,0.023839581926543556,0.04433497536945813,0.08333333333333333,0.20041322314049587,0.03440637224866852,0.27380952380952384,-4.527740815192621,False
0.65,0.75,1,2,720,False,10.0,0.26,0.5,0.1,2,core,0.07352941176470588,0.6363636363636364,0.13182674199623354,0.14198325820991628,0.3804347826086956,0.23675310033821872,0.967741935483871,0.4727272727272727,0.22119815668202766,0.023839581926543556,0.04433497536945813,0.08333333333333333,0.20041322314049587,0.03440637224866852,0.27380952380952384,-4.527740815192621,False
0.65,0.9,1,2,720,False,10.0,0.26,0.5,0.1,2,core,0.07352941176470588,0.6363636363636364,0.13182674199623354,0.14198325820991628,0.3804347826086956,0.23675310033821872,0.967741935483871,0.4727272727272727,0.22119815668202766,0.023839581926543556,0.04433497536945813,0.08333333333333333,0.20041322314049587,0.03440637224866852,0.27380952380952384,-4.527740815192621,False
0.55,0.35,2,3,720,False,10.0,0.22000000000000003,0.5,0.1,2,core,0.05921052631578947,0.4909090909090909,0.10567514677103718,0.13811976819059885,0.4615384615384615,0.3044117647058823,0.9539170506912442,0.32727272727272727,0.20276497695852536,0.019890784181321747,0.031007751937984496,0.058111380145278446,0.19369834710743802,0.028538436159683274,0.2619047619047619,-4.558563712505259,False
0.55,0.55,2,3,720,False,10.0,0.22000000000000003,0.5,0.1,2,core,0.05921052631578947,0.4909090909090909,0.10567514677103718,0.13811976819059885,0.4615384615384615,0.3044117647058823,0.9539170506912442,0.32727272727272727,0.20276497695852536,0.019890784181321747,0.031007751937984496,0.058111380145278446,0.19369834710743802,0.028538436159683274,0.2619047619047619,-4.558563712505259,False
0.55,0.75,2,3,720,False,10.0,0.22000000000000003,0.5,0.1,2,core,0.05921052631578947,0.4909090909090909,0.10567514677103718,0.13811976819059885,0.4615384615384615,0.3044117647058823,0.9539170506912442,0.32727272727272727,0.20276497695852536,0.019890784181321747,0.031007751937984496,0.058111380145278446,0.19369834710743802,0.028538436159683274,0.2619047619047619,-4.558563712505259,False
0.55,0.9,2,3,720,False,10.0,0.22000000000000003,0.5,0.1,2,core,0.05921052631578947,0.4909090909090909,0.10567514677103718,0.13811976819059885,0.4615384615384615,0.3044117647058823,0.9539170506912442,0.32727272727272727,0.20276497695852536,0.019890784181321747,0.031007751937984496,0.058111380145278446,0.19369834710743802,0.028538436159683274,0.2619047619047619,-4.558563712505259,False
0.45,0.35,2,3,720,False,10.0,0.18000000000000002,0.5,0.1,2,core,0.05921052631578947,0.4909090909090909,0.10567514677103718,0.13811976819059885,0.4615384615384615,0.3044117647058823,0.9539170506912442,0.32727272727272727,0.20276497695852536,0.019905463726843018,0.031007751937984496,0.058111380145278446,0.19369834710743802,0.02856200216807277,0.2619047619047619,-4.558799372589154,False
0.45,0.55,2,3,720,False,10.0,0.18000000000000002,0.5,0.1,2,core,0.05921052631578947,0.4909090909090909,0.10567514677103718,0.13811976819059885,0.4615384615384615,0.3044117647058823,0.9539170506912442,0.32727272727272727,0.20276497695852536,0.019905463726843018,0.031007751937984496,0.058111380145278446,0.19369834710743802,0.02856200216807277,0.2619047619047619,-4.558799372589154,False
0.45,0.75,2,3,720,False,10.0,0.18000000000000002,0.5,0.1,2,core,0.05921052631578947,0.4909090909090909,0.10567514677103718,0.13811976819059885,0.4615384615384615,0.3044117647058823,0.9539170506912442,0.32727272727272727,0.20276497695852536,0.019905463726843018,0.031007751937984496,0.058111380145278446,0.19369834710743802,0.02856200216807277,0.2619047619047619,-4.558799372589154,False
0.45,0.9,2,3,720,False,10.0,0.18000000000000002,0.5,0.1,2,core,0.05921052631578947,0.4909090909090909,0.10567514677103718,0.13811976819059885,0.4615384615384615,0.3044117647058823,0.9539170506912442,0.32727272727272727,0.20276497695852536,0.019905463726843018,0.031007751937984496,0.058111380145278446,0.19369834710743802,0.02856200216807277,0.2619047619047619,-4.558799372589154,False
0.55,0.35,2,4,720,False,10.0,0.22000000000000003,0.5,0.1,2,core,0.05921052631578947,0.4909090909090909,0.10567514677103718,0.13811976819059885,0.48994082840236686,0.32961783439490444,0.9539170506912442,0.32727272727272727,0.20276497695852536,0.02240098646545903,0.031007751937984496,0.058111380145278446,0.19369834710743802,0.032002639392939625,0.2619047619047619,-4.564803377973917,False
0.55,0.55,2,4,720,False,10.0,0.22000000000000003,0.5,0.1,2,core,0.05921052631578947,0.4909090909090909,0.10567514677103718,0.13811976819059885,0.48994082840236686,0.32961783439490444,0.9539170506912442,0.32727272727272727,0.20276497695852536,0.02240098646545903,0.031007751937984496,0.058111380145278446,0.19369834710743802,0.032002639392939625,0.2619047619047619,-4.564803377973917,False
0.55,0.75,2,4,720,False,10.0,0.22000000000000003,0.5,0.1,2,core,0.05921052631578947,0.4909090909090909,0.10567514677103718,0.13811976819059885,0.48994082840236686,0.32961783439490444,0.9539170506912442,0.32727272727272727,0.20276497695852536,0.02240098646545903,0.031007751937984496,0.058111380145278446,0.19369834710743802,0.032002639392939625,0.2619047619047619,-4.564803377973917,False
0.55,0.9,2,4,720,False,10.0,0.22000000000000003,0.5,0.1,2,core,0.05921052631578947,0.4909090909090909,0.10567514677103718,0.13811976819059885,0.48994082840236686,0.32961783439490444,0.9539170506912442,0.32727272727272727,0.20276497695852536,0.02240098646545903,0.031007751937984496,0.058111380145278446,0.19369834710743802,0.032002639392939625,0.2619047619047619,-4.564803377973917,False
0.45,0.35,2,4,720,False,10.0,0.18000000000000002,0.5,0.1,2,core,0.05921052631578947,0.4909090909090909,0.10567514677103718,0.13811976819059885,0.48994082840236686,0.32961783439490444,0.9539170506912442,0.32727272727272727,0.20276497695852536,0.0224156660109803,0.031007751937984496,0.058111380145278446,0.19369834710743802,0.032026205401329125,0.2619047619047619,-4.5650390380578125,False
0.45,0.55,2,4,720,False,10.0,0.18000000000000002,0.5,0.1,2,core,0.05921052631578947,0.4909090909090909,0.10567514677103718,0.13811976819059885,0.48994082840236686,0.32961783439490444,0.9539170506912442,0.32727272727272727,0.20276497695852536,0.0224156660109803,0.031007751937984496,0.058111380145278446,0.19369834710743802,0.032026205401329125,0.2619047619047619,-4.5650390380578125,False
0.45,0.75,2,4,720,False,10.0,0.18000000000000002,0.5,0.1,2,core,0.05921052631578947,0.4909090909090909,0.10567514677103718,0.13811976819059885,0.48994082840236686,0.32961783439490444,0.9539170506912442,0.32727272727272727,0.20276497695852536,0.0224156660109803,0.031007751937984496,0.058111380145278446,0.19369834710743802,0.032026205401329125,0.2619047619047619,-4.5650390380578125,False
0.45,0.9,2,4,720,False,10.0,0.18000000000000002,0.5,0.1,2,core,0.05921052631578947,0.4909090909090909,0.10567514677103718,0.13811976819059885,0.48994082840236686,0.32961783439490444,0.9539170506912442,0.32727272727272727,0.20276497695852536,0.0224156660109803,0.031007751937984496,0.058111380145278446,0.19369834710743802,0.032026205401329125,0.2619047619047619,-4.5650390380578125,False
0.35,0.35,2,3,720,False,10.0,0.13999999999999999,0.5,0.1,2,core,0.05908096280087528,0.4909090909090909,0.10546875,0.13844172569220864,0.4615384615384615,0.3044117647058823,0.9539170506912442,0.32727272727272727,0.2073732718894009,0.01993482281788556,0.030927835051546393,0.057971014492753624,0.19421487603305784,0.02860913418485177,0.2619047619047619,-4.57306223324038,False
0.35,0.55,2,3,720,False,10.0,0.13999999999999999,0.5,0.1,2,core,0.05908096280087528,0.4909090909090909,0.10546875,0.13844172569220864,0.4615384615384615,0.3044117647058823,0.9539170506912442,0.32727272727272727,0.2073732718894009,0.01993482281788556,0.030927835051546393,0.057971014492753624,0.19421487603305784,0.02860913418485177,0.2619047619047619,-4.57306223324038,False
0.35,0.75,2,3,720,False,10.0,0.13999999999999999,0.5,0.1,2,core,0.05908096280087528,0.4909090909090909,0.10546875,0.13844172569220864,0.4615384615384615,0.3044117647058823,0.9539170506912442,0.32727272727272727,0.2073732718894009,0.01993482281788556,0.030927835051546393,0.057971014492753624,0.19421487603305784,0.02860913418485177,0.2619047619047619,-4.57306223324038,False
0.35,0.9,2,3,720,False,10.0,0.13999999999999999,0.5,0.1,2,core,0.05908096280087528,0.4909090909090909,0.10546875,0.13844172569220864,0.4615384615384615,0.3044117647058823,0.9539170506912442,0.32727272727272727,0.2073732718894009,0.01993482281788556,0.030927835051546393,0.057971014492753624,0.19421487603305784,0.02860913418485177,0.2619047619047619,-4.57306223324038,False
0.35,0.35,2,4,720,False,10.0,0.13999999999999999,0.5,0.1,2,core,0.05908096280087528,0.4909090909090909,0.10546875,0.13844172569220864,0.48994082840236686,0.32961783439490444,0.9539170506912442,0.32727272727272727,0.2073732718894009,0.022459704647544113,0.030927835051546393,0.057971014492753624,0.19421487603305784,0.03209690342649762,0.2619047619047619,-4.579537558792932,False
0.35,0.55,2,4,720,False,10.0,0.13999999999999999,0.5,0.1,2,core,0.05908096280087528,0.4909090909090909,0.10546875,0.13844172569220864,0.48994082840236686,0.32961783439490444,0.9539170506912442,0.32727272727272727,0.2073732718894009,0.022459704647544113,0.030927835051546393,0.057971014492753624,0.19421487603305784,0.03209690342649762,0.2619047619047619,-4.579537558792932,False
0.35,0.75,2,4,720,False,10.0,0.13999999999999999,0.5,0.1,2,core,0.05908096280087528,0.4909090909090909,0.10546875,0.13844172569220864,0.48994082840236686,0.32961783439490444,0.9539170506912442,0.32727272727272727,0.2073732718894009,0.022459704647544113,0.030927835051546393,0.057971014492753624,0.19421487603305784,0.03209690342649762,0.2619047619047619,-4.579537558792932,False
0.35,0.9,2,4,720,False,10.0,0.13999999999999999,0.5,0.1,2,core,0.05908096280087528,0.4909090909090909,0.10546875,0.13844172569220864,0.48994082840236686,0.32961783439490444,0.9539170506912442,0.32727272727272727,0.2073732718894009,0.022459704647544113,0.030927835051546393,0.057971014492753624,0.19421487603305784,0.03209690342649762,0.2619047619047619,-4.579537558792932,False
0.25,0.35,2,3,720,False,10.0,0.1,0.5,0.1,2,core,0.05844155844155844,0.4909090909090909,0.10444874274661507,0.14005151320025758,0.4615384615384615,0.3044117647058823,0.9539170506912442,0.32727272727272727,0.2073732718894009,0.02018437509174716,0.030534351145038167,0.057279236276849645,0.19679752066115702,0.028915492293915258,0.2619047619047619,-4.645030760512283,False
0.25,0.55,2,3,720,False,10.0,0.1,0.5,0.1,2,core,0.05844155844155844,0.4909090909090909,0.10444874274661507,0.14005151320025758,0.4615384615384615,0.3044117647058823,0.9539170506912442,0.32727272727272727,0.2073732718894009,0.02018437509174716,0.030534351145038167,0.057279236276849645,0.19679752066115702,0.028915492293915258,0.2619047619047619,-4.645030760512283,False
0.25,0.75,2,3,720,False,10.0,0.1,0.5,0.1,2,core,0.05844155844155844,0.4909090909090909,0.10444874274661507,0.14005151320025758,0.4615384615384615,0.3044117647058823,0.9539170506912442,0.32727272727272727,0.2073732718894009,0.02018437509174716,0.030534351145038167,0.057279236276849645,0.19679752066115702,0.028915492293915258,0.2619047619047619,-4.645030760512283,False
0.25,0.9,2,3,720,False,10.0,0.1,0.5,0.1,2,core,0.05844155844155844,0.4909090909090909,0.10444874274661507,0.14005151320025758,0.4615384615384615,0.3044117647058823,0.9539170506912442,0.32727272727272727,0.2073732718894009,0.02018437509174716,0.030534351145038167,0.057279236276849645,0.19679752066115702,0.028915492293915258,0.2619047619047619,-4.645030760512283,False
0.15,0.35,2,3,720,False,10.0,0.08,0.5,0.1,2,core,0.058315334773218146,0.4909090909090909,0.10424710424710426,0.14037347070186734,0.4615384615384615,0.3044117647058823,0.9539170506912442,0.32727272727272727,0.2073732718894009,0.020257772819353512,0.030456852791878174,0.05714285714285715,0.19731404958677687,0.02903332233586275,0.2619047619047619,-4.659979646907466,False
0.15,0.55,2,3,720,False,10.0,0.08,0.5,0.1,2,core,0.058315334773218146,0.4909090909090909,0.10424710424710426,0.14037347070186734,0.4615384615384615,0.3044117647058823,0.9539170506912442,0.32727272727272727,0.2073732718894009,0.020257772819353512,0.030456852791878174,0.05714285714285715,0.19731404958677687,0.02903332233586275,0.2619047619047619,-4.659979646907466,False
0.15,0.75,2,3,720,False,10.0,0.08,0.5,0.1,2,core,0.058315334773218146,0.4909090909090909,0.10424710424710426,0.14037347070186734,0.4615384615384615,0.3044117647058823,0.9539170506912442,0.32727272727272727,0.2073732718894009,0.020257772819353512,0.030456852791878174,0.05714285714285715,0.19731404958677687,0.02903332233586275,0.2619047619047619,-4.659979646907466,False
0.15,0.9,2,3,720,False,10.0,0.08,0.5,0.1,2,core,0.058315334773218146,0.4909090909090909,0.10424710424710426,0.14037347070186734,0.4615384615384615,0.3044117647058823,0.9539170506912442,0.32727272727272727,0.2073732718894009,0.020257772819353512,0.030456852791878174,0.05714285714285715,0.19731404958677687,0.02903332233586275,0.2619047619047619,-4.659979646907466,False
0.25,0.35,2,4,720,False,10.0,0.1,0.5,0.1,2,core,0.058315334773218146,0.4909090909090909,0.10424710424710426,0.14037347070186734,0.48994082840236686,0.32961783439490444,0.9539170506912442,0.32727272727272727,0.2073732718894009,0.022797334194533336,0.030456852791878174,0.05714285714285715,0.19731404958677687,0.0325446575858981,0.2619047619047619,-4.666690632543914,False
0.25,0.55,2,4,720,False,10.0,0.1,0.5,0.1,2,core,0.058315334773218146,0.4909090909090909,0.10424710424710426,0.14037347070186734,0.48994082840236686,0.32961783439490444,0.9539170506912442,0.32727272727272727,0.2073732718894009,0.022797334194533336,0.030456852791878174,0.05714285714285715,0.19731404958677687,0.0325446575858981,0.2619047619047619,-4.666690632543914,False
0.25,0.75,2,4,720,False,10.0,0.1,0.5,0.1,2,core,0.058315334773218146,0.4909090909090909,0.10424710424710426,0.14037347070186734,0.48994082840236686,0.32961783439490444,0.9539170506912442,0.32727272727272727,0.2073732718894009,0.022797334194533336,0.030456852791878174,0.05714285714285715,0.19731404958677687,0.0325446575858981,0.2619047619047619,-4.666690632543914,False
0.25,0.9,2,4,720,False,10.0,0.1,0.5,0.1,2,core,0.058315334773218146,0.4909090909090909,0.10424710424710426,0.14037347070186734,0.48994082840236686,0.32961783439490444,0.9539170506912442,0.32727272727272727,0.2073732718894009,0.022797334194533336,0.030456852791878174,0.05714285714285715,0.19731404958677687,0.0325446575858981,0.2619047619047619,-4.666690632543914,False
0.15,0.35,2,4,720,False,10.0,0.08,0.5,0.1,2,core,0.058315334773218146,0.4909090909090909,0.10424710424710426,0.14037347070186734,0.48994082840236686,0.32961783439490444,0.9539170506912442,0.32727272727272727,0.2073732718894009,0.02285605237661842,0.030456852791878174,0.05714285714285715,0.19731404958677687,0.0326389216194561,0.2619047619047619,-4.667633272879494,False
0.15,0.55,2,4,720,False,10.0,0.08,0.5,0.1,2,core,0.058315334773218146,0.4909090909090909,0.10424710424710426,0.14037347070186734,0.48994082840236686,0.32961783439490444,0.9539170506912442,0.32727272727272727,0.2073732718894009,0.02285605237661842,0.030456852791878174,0.05714285714285715,0.19731404958677687,0.0326389216194561,0.2619047619047619,-4.667633272879494,False
0.15,0.75,2,4,720,False,10.0,0.08,0.5,0.1,2,core,0.058315334773218146,0.4909090909090909,0.10424710424710426,0.14037347070186734,0.48994082840236686,0.32961783439490444,0.9539170506912442,0.32727272727272727,0.2073732718894009,0.02285605237661842,0.030456852791878174,0.05714285714285715,0.19731404958677687,0.0326389216194561,0.2619047619047619,-4.667633272879494,False
0.15,0.9,2,4,720,False,10.0,0.08,0.5,0.1,2,core,0.058315334773218146,0.4909090909090909,0.10424710424710426,0.14037347070186734,0.48994082840236686,0.32961783439490444,0.9539170506912442,0.32727272727272727,0.2073732718894009,0.02285605237661842,0.030456852791878174,0.05714285714285715,0.19731404958677687,0.0326389216194561,0.2619047619047619,-4.667633272879494,False
0.85,0.35,2,3,720,False,10.0,0.34,0.5,0.1,2,core,0.04640371229698376,0.36363636363636365,0.08230452674897118,0.13232453316162265,0.4615384615384615,0.3044117647058823,0.9539170506912442,0.32727272727272727,0.19815668202764977,0.01927424326942838,0.026881720430107527,0.05025125628140704,0.18698347107438015,0.02811424800867229,0.2619047619047619,-4.736720872817966,False
0.85,0.55,2,3,720,False,10.0,0.34,0.5,0.1,2,core,0.04640371229698376,0.36363636363636365,0.08230452674897118,0.13232453316162265,0.4615384615384615,0.3044117647058823,0.9539170506912442,0.32727272727272727,0.19815668202764977,0.01927424326942838,0.026881720430107527,0.05025125628140704,0.18698347107438015,0.02811424800867229,0.2619047619047619,-4.736720872817966,False
0.85,0.75,2,3,720,False,10.0,0.34,0.5,0.1,2,core,0.04640371229698376,0.36363636363636365,0.08230452674897118,0.13232453316162265,0.4615384615384615,0.3044117647058823,0.9539170506912442,0.32727272727272727,0.19815668202764977,0.01927424326942838,0.026881720430107527,0.05025125628140704,0.18698347107438015,0.02811424800867229,0.2619047619047619,-4.736720872817966,False
0.85,0.9,2,3,720,False,10.0,0.34,0.5,0.1,2,core,0.04640371229698376,0.36363636363636365,0.08230452674897118,0.13232453316162265,0.4615384615384615,0.3044117647058823,0.9539170506912442,0.32727272727272727,0.19815668202764977,0.01927424326942838,0.026881720430107527,0.05025125628140704,0.18698347107438015,0.02811424800867229,0.2619047619047619,-4.736720872817966,False
0.85,0.35,2,4,720,False,10.0,0.34,0.5,0.1,2,core,0.04640371229698376,0.36363636363636365,0.08230452674897118,0.13232453316162265,0.48994082840236686,0.32961783439490444,0.9539170506912442,0.32727272727272727,0.19815668202764977,0.021593611461789144,0.026881720430107527,0.05025125628140704,0.18698347107438015,0.031460621199981144,0.2619047619047619,-4.741782237867149,False
0.85,0.55,2,4,720,False,10.0,0.34,0.5,0.1,2,core,0.04640371229698376,0.36363636363636365,0.08230452674897118,0.13232453316162265,0.48994082840236686,0.32961783439490444,0.9539170506912442,0.32727272727272727,0.19815668202764977,0.021593611461789144,0.026881720430107527,0.05025125628140704,0.18698347107438015,0.031460621199981144,0.2619047619047619,-4.741782237867149,False
0.85,0.75,2,4,720,False,10.0,0.34,0.5,0.1,2,core,0.04640371229698376,0.36363636363636365,0.08230452674897118,0.13232453316162265,0.48994082840236686,0.32961783439490444,0.9539170506912442,0.32727272727272727,0.19815668202764977,0.021593611461789144,0.026881720430107527,0.05025125628140704,0.18698347107438015,0.031460621199981144,0.2619047619047619,-4.741782237867149,False
0.85,0.9,2,4,720,False,10.0,0.34,0.5,0.1,2,core,0.04640371229698376,0.36363636363636365,0.08230452674897118,0.13232453316162265,0.48994082840236686,0.32961783439490444,0.9539170506912442,0.32727272727272727,0.19815668202764977,0.021593611461789144,0.026881720430107527,0.05025125628140704,0.18698347107438015,0.031460621199981144,0.2619047619047619,-4.741782237867149,False
0.35,0.35,1,2,720,False,10.0,0.13999999999999999,0.5,0.1,2,core,0.07014028056112225,0.6363636363636364,0.12635379061371843,0.1493882807469414,0.38077969174977333,0.23702031602708803,0.967741935483871,0.4727272727272727,0.23963133640552994,0.02483779102198996,0.04275534441805225,0.08053691275167783,0.20816115702479338,0.03534901258424848,0.2857142857142857,-4.813241582593301,False
0.35,0.55,1,2,720,False,10.0,0.13999999999999999,0.5,0.1,2,core,0.07014028056112225,0.6363636363636364,0.12635379061371843,0.1493882807469414,0.38077969174977333,0.23702031602708803,0.967741935483871,0.4727272727272727,0.23963133640552994,0.02483779102198996,0.04275534441805225,0.08053691275167783,0.20816115702479338,0.03534901258424848,0.2857142857142857,-4.813241582593301,False
0.35,0.75,1,2,720,False,10.0,0.13999999999999999,0.5,0.1,2,core,0.07014028056112225,0.6363636363636364,0.12635379061371843,0.1493882807469414,0.38077969174977333,0.23702031602708803,0.967741935483871,0.4727272727272727,0.23963133640552994,0.02483779102198996,0.04275534441805225,0.08053691275167783,0.20816115702479338,0.03534901258424848,0.2857142857142857,-4.813241582593301,False
0.35,0.9,1,2,720,False,10.0,0.13999999999999999,0.5,0.1,2,core,0.07014028056112225,0.6363636363636364,0.12635379061371843,0.1493882807469414,0.38077969174977333,0.23702031602708803,0.967741935483871,0.4727272727272727,0.23963133640552994,0.02483779102198996,0.04275534441805225,0.08053691275167783,0.20816115702479338,0.03534901258424848,0.2857142857142857,-4.813241582593301,False
0.45,0.35,1,2,720,False,10.0,0.18000000000000002,0.5,0.1,2,core,0.07,0.6363636363636364,0.12612612612612614,0.1497102382485512,0.3804347826086956,0.23675310033821872,0.967741935483871,0.4727272727272727,0.23963133640552994,0.02482311147646869,0.04265402843601896,0.08035714285714286,0.20867768595041322,0.03532544657585898,0.2857142857142857,-4.827227609376002,False
0.45,0.55,1,2,720,False,10.0,0.18000000000000002,0.5,0.1,2,core,0.07,0.6363636363636364,0.12612612612612614,0.1497102382485512,0.3804347826086956,0.23675310033821872,0.967741935483871,0.4727272727272727,0.23963133640552994,0.02482311147646869,0.04265402843601896,0.08035714285714286,0.20867768595041322,0.03532544657585898,0.2857142857142857,-4.827227609376002,False
0.45,0.75,1,2,720,False,10.0,0.18000000000000002,0.5,0.1,2,core,0.07,0.6363636363636364,0.12612612612612614,0.1497102382485512,0.3804347826086956,0.23675310033821872,0.967741935483871,0.4727272727272727,0.23963133640552994,0.02482311147646869,0.04265402843601896,0.08035714285714286,0.20867768595041322,0.03532544657585898,0.2857142857142857,-4.827227609376002,False
0.45,0.9,1,2,720,False,10.0,0.18000000000000002,0.5,0.1,2,core,0.07,0.6363636363636364,0.12612612612612614,0.1497102382485512,0.3804347826086956,0.23675310033821872,0.967741935483871,0.4727272727272727,0.23963133640552994,0.02482311147646869,0.04265402843601896,0.08035714285714286,0.20867768595041322,0.03532544657585898,0.2857142857142857,-4.827227609376002,False
0.55,0.35,1,2,720,False,10.0,0.22000000000000003,0.5,0.1,2,core,0.07,0.6363636363636364,0.12612612612612614,0.1497102382485512,0.3804347826086956,0.23675310033821872,0.967741935483871,0.4727272727272727,0.23963133640552994,0.02482311147646869,0.04265402843601896,0.08035714285714286,0.20867768595041322,0.03532544657585898,0.2857142857142857,-4.827227609376002,False
0.55,0.55,1,2,720,False,10.0,0.22000000000000003,0.5,0.1,2,core,0.07,0.6363636363636364,0.12612612612612614,0.1497102382485512,0.3804347826086956,0.23675310033821872,0.967741935483871,0.4727272727272727,0.23963133640552994,0.02482311147646869,0.04265402843601896,0.08035714285714286,0.20867768595041322,0.03532544657585898,0.2857142857142857,-4.827227609376002,False
0.55,0.75,1,2,720,False,10.0,0.22000000000000003,0.5,0.1,2,core,0.07,0.6363636363636364,0.12612612612612614,0.1497102382485512,0.3804347826086956,0.23675310033821872,0.967741935483871,0.4727272727272727,0.23963133640552994,0.02482311147646869,0.04265402843601896,0.08035714285714286,0.20867768595041322,0.03532544657585898,0.2857142857142857,-4.827227609376002,False
0.55,0.9,1,2,720,False,10.0,0.22000000000000003,0.5,0.1,2,core,0.07,0.6363636363636364,0.12612612612612614,0.1497102382485512,0.3804347826086956,0.23675310033821872,0.967741935483871,0.4727272727272727,0.23963133640552994,0.02482311147646869,0.04265402843601896,0.08035714285714286,0.20867768595041322,0.03532544657585898,0.2857142857142857,-4.827227609376002,False
0.15,0.35,1,2,720,False,10.0,0.08,0.5,0.1,2,core,0.07086614173228346,0.6545454545454545,0.12788632326820604,0.1519639407598197,0.38077969174977333,0.23702031602708803,0.967741935483871,0.4727272727272727,0.24423963133640553,0.025219459205542995,0.04449648711943794,0.08388520971302427,0.21074380165289255,0.03574963472686996,0.2857142857142857,-4.839400963052574,False
0.15,0.55,1,2,720,False,10.0,0.08,0.5,0.1,2,core,0.07086614173228346,0.6545454545454545,0.12788632326820604,0.1519639407598197,0.38077969174977333,0.23702031602708803,0.967741935483871,0.4727272727272727,0.24423963133640553,0.025219459205542995,0.04449648711943794,0.08388520971302427,0.21074380165289255,0.03574963472686996,0.2857142857142857,-4.839400963052574,False
0.15,0.75,1,2,720,False,10.0,0.08,0.5,0.1,2,core,0.07086614173228346,0.6545454545454545,0.12788632326820604,0.1519639407598197,0.38077969174977333,0.23702031602708803,0.967741935483871,0.4727272727272727,0.24423963133640553,0.025219459205542995,0.04449648711943794,0.08388520971302427,0.21074380165289255,0.03574963472686996,0.2857142857142857,-4.839400963052574,False
0.15,0.9,1,2,720,False,10.0,0.08,0.5,0.1,2,core,0.07086614173228346,0.6545454545454545,0.12788632326820604,0.1519639407598197,0.38077969174977333,0.23702031602708803,0.967741935483871,0.4727272727272727,0.24423963133640553,0.025219459205542995,0.04449648711943794,0.08388520971302427,0.21074380165289255,0.03574963472686996,0.2857142857142857,-4.839400963052574,False
0.85,0.35,1,2,720,False,10.0,0.34,0.5,0.1,2,core,0.046511627906976744,0.36363636363636365,0.08247422680412372,0.1320025756600129,0.3804347826086956,0.23675310033821872,0.967741935483871,0.4727272727272727,0.19815668202764977,0.02263585919379936,0.026954177897574125,0.05037783375314862,0.18646694214876033,0.032945279728519586,0.2619047619047619,-4.8524967144202655,False
0.85,0.55,1,2,720,False,10.0,0.34,0.5,0.1,2,core,0.046511627906976744,0.36363636363636365,0.08247422680412372,0.1320025756600129,0.3804347826086956,0.23675310033821872,0.967741935483871,0.4727272727272727,0.19815668202764977,0.02263585919379936,0.026954177897574125,0.05037783375314862,0.18646694214876033,0.032945279728519586,0.2619047619047619,-4.8524967144202655,False
0.85,0.75,1,2,720,False,10.0,0.34,0.5,0.1,2,core,0.046511627906976744,0.36363636363636365,0.08247422680412372,0.1320025756600129,0.3804347826086956,0.23675310033821872,0.967741935483871,0.4727272727272727,0.19815668202764977,0.02263585919379936,0.026954177897574125,0.05037783375314862,0.18646694214876033,0.032945279728519586,0.2619047619047619,-4.8524967144202655,False
0.85,0.9,1,2,720,False,10.0,0.34,0.5,0.1,2,core,0.046511627906976744,0.36363636363636365,0.08247422680412372,0.1320025756600129,0.3804347826086956,0.23675310033821872,0.967741935483871,0.4727272727272727,0.19815668202764977,0.02263585919379936,0.026954177897574125,0.05037783375314862,0.18646694214876033,0.032945279728519586,0.2619047619047619,-4.8524967144202655,False
0.25,0.35,1,2,720,False,10.0,0.1,0.5,0.1,2,core,0.0691699604743083,0.6363636363636364,0.12477718360071301,0.1516419832582099,0.38077969174977333,0.23702031602708803,0.967741935483871,0.4727272727272727,0.24423963133640553,0.025175420568979184,0.042352941176470586,0.07982261640798226,0.21022727272727273,0.03567893670170147,0.2857142857142857,-4.8748641775424595,False
0.25,0.55,1,2,720,False,10.0,0.1,0.5,0.1,2,core,0.0691699604743083,0.6363636363636364,0.12477718360071301,0.1516419832582099,0.38077969174977333,0.23702031602708803,0.967741935483871,0.4727272727272727,0.24423963133640553,0.025175420568979184,0.042352941176470586,0.07982261640798226,0.21022727272727273,0.03567893670170147,0.2857142857142857,-4.8748641775424595,False
0.25,0.75,1,2,720,False,10.0,0.1,0.5,0.1,2,core,0.0691699604743083,0.6363636363636364,0.12477718360071301,0.1516419832582099,0.38077969174977333,0.23702031602708803,0.967741935483871,0.4727272727272727,0.24423963133640553,0.025175420568979184,0.042352941176470586,0.07982261640798226,0.21022727272727273,0.03567893670170147,0.2857142857142857,-4.8748641775424595,False
0.25,0.9,1,2,720,False,10.0,0.1,0.5,0.1,2,core,0.0691699604743083,0.6363636363636364,0.12477718360071301,0.1516419832582099,0.38077969174977333,0.23702031602708803,0.967741935483871,0.4727272727272727,0.24423963133640553,0.025175420568979184,0.042352941176470586,0.07982261640798226,0.21022727272727273,0.03567893670170147,0.2857142857142857,-4.8748641775424595,False
