ratio_threshold,recent_regularity,historical_q999_multiplier,tp,fp,fn,precision,recall,f1,false_gap_alerts_per_station_day
30.0,0.8,1.0,3,1,4,0.75,0.42857142857142855,0.5454545454545454,0.0004072213926971631
30.0,0.8,1.5,3,1,4,0.75,0.42857142857142855,0.5454545454545454,0.0004072213926971631
40.0,0.8,1.0,3,1,4,0.75,0.42857142857142855,0.5454545454545454,0.0004072213926971631
40.0,0.8,1.5,3,1,4,0.75,0.42857142857142855,0.5454545454545454,0.0004072213926971631
40.0,0.7,1.5,3,2,4,0.6,0.42857142857142855,0.5,0.0008144427853943261
40.0,0.8,0.0,3,2,4,0.6,0.42857142857142855,0.5,0.0008144427853943261
30.0,0.7,1.5,3,3,4,0.5,0.42857142857142855,0.4615384615384615,0.0012216641780914892
40.0,0.7,1.0,3,3,4,0.5,0.42857142857142855,0.4615384615384615,0.0012216641780914892
30.0,0.8,3.0,2,0,5,1.0,0.2857142857142857,0.4444444444444445,0.0
40.0,0.8,3.0,2,0,5,1.0,0.2857142857142857,0.4444444444444445,0.0
30.0,0.7,1.0,3,4,4,0.42857142857142855,0.42857142857142855,0.42857142857142855,0.0016288855707886523
40.0,0.5,1.5,3,4,4,0.42857142857142855,0.42857142857142855,0.42857142857142855,0.0016288855707886523
30.0,0.7,3.0,2,1,5,0.6666666666666666,0.2857142857142857,0.4,0.0004072213926971631
30.0,0.8,2.0,2,1,5,0.6666666666666666,0.2857142857142857,0.4,0.0004072213926971631
40.0,0.7,3.0,2,1,5,0.6666666666666666,0.2857142857142857,0.4,0.0004072213926971631
40.0,0.8,2.0,2,1,5,0.6666666666666666,0.2857142857142857,0.4,0.0004072213926971631
12.0,0.8,1.5,6,17,1,0.2608695652173913,0.8571428571428571,0.4,0.006922763675851771
30.0,0.5,1.5,3,5,4,0.375,0.42857142857142855,0.39999999999999997,0.002036106963485815
10.0,0.8,1.5,6,18,1,0.25,0.8571428571428571,0.3870967741935483,0.0073299850685489346
40.0,0.5,1.0,3,6,4,0.3333333333333333,0.42857142857142855,0.375,0.0024433283561829783
12.0,0.7,1.5,6,19,1,0.24,0.8571428571428571,0.375,0.007737206461246098
12.0,0.8,2.0,5,15,2,0.25,0.7142857142857143,0.37037037037037035,0.006108320890457446
30.0,0.5,3.0,2,2,5,0.5,0.2857142857142857,0.36363636363636365,0.0008144427853943261
30.0,0.7,2.0,2,2,5,0.5,0.2857142857142857,0.36363636363636365,0.0008144427853943261
40.0,0.5,3.0,2,2,5,0.5,0.2857142857142857,0.36363636363636365,0.0008144427853943261
40.0,0.7,2.0,2,2,5,0.5,0.2857142857142857,0.36363636363636365,0.0008144427853943261
10.0,0.7,1.5,6,20,1,0.23076923076923078,0.8571428571428571,0.36363636363636365,0.00814442785394326
10.0,0.8,2.0,5,16,2,0.23809523809523808,0.7142857142857143,0.35714285714285715,0.006515542283154609
12.0,0.7,2.0,5,16,2,0.23809523809523808,0.7142857142857143,0.35714285714285715,0.006515542283154609
30.0,0.5,1.0,3,7,4,0.3,0.42857142857142855,0.3529411764705882,0.0028505497488801415
30.0,0.8,0.0,3,7,4,0.3,0.42857142857142855,0.3529411764705882,0.0028505497488801415
40.0,0.7,0.0,3,7,4,0.3,0.42857142857142855,0.3529411764705882,0.0028505497488801415
8.0,0.8,2.0,5,17,2,0.22727272727272727,0.7142857142857143,0.3448275862068965,0.006922763675851771
10.0,0.7,2.0,5,17,2,0.22727272727272727,0.7142857142857143,0.3448275862068965,0.006922763675851771
12.0,0.5,1.5,6,22,1,0.21428571428571427,0.8571428571428571,0.34285714285714286,0.008958870639337587
8.0,0.7,2.0,5,18,2,0.21739130434782608,0.7142857142857143,0.3333333333333333,0.0073299850685489346
12.0,0.5,2.0,5,18,2,0.21739130434782608,0.7142857142857143,0.3333333333333333,0.0073299850685489346
8.0,0.8,1.5,6,23,1,0.20689655172413793,0.8571428571428571,0.33333333333333326,0.00936609203203475
10.0,0.5,1.5,6,23,1,0.20689655172413793,0.8571428571428571,0.33333333333333326,0.00936609203203475
10.0,0.5,2.0,5,19,2,0.20833333333333334,0.7142857142857143,0.3225806451612903,0.007737206461246098
8.0,0.7,1.5,6,25,1,0.1935483870967742,0.8571428571428571,0.3157894736842105,0.010180534817429076
2.5,0.8,2.0,5,20,2,0.2,0.7142857142857143,0.3125,0.00814442785394326
3.0,0.8,2.0,5,20,2,0.2,0.7142857142857143,0.3125,0.00814442785394326
4.0,0.8,2.0,5,20,2,0.2,0.7142857142857143,0.3125,0.00814442785394326
5.0,0.8,2.0,5,20,2,0.2,0.7142857142857143,0.3125,0.00814442785394326
6.0,0.8,2.0,5,20,2,0.2,0.7142857142857143,0.3125,0.00814442785394326
8.0,0.5,2.0,5,20,2,0.2,0.7142857142857143,0.3125,0.00814442785394326
30.0,0.5,2.0,2,4,5,0.3333333333333333,0.2857142857142857,0.30769230769230765,0.0016288855707886523
40.0,0.5,2.0,2,4,5,0.3333333333333333,0.2857142857142857,0.30769230769230765,0.0016288855707886523
2.5,0.7,2.0,5,21,2,0.19230769230769232,0.7142857142857143,0.30303030303030304,0.008551649246640425
3.0,0.7,2.0,5,21,2,0.19230769230769232,0.7142857142857143,0.30303030303030304,0.008551649246640425
4.0,0.7,2.0,5,21,2,0.19230769230769232,0.7142857142857143,0.30303030303030304,0.008551649246640425
5.0,0.7,2.0,5,21,2,0.19230769230769232,0.7142857142857143,0.30303030303030304,0.008551649246640425
6.0,0.7,2.0,5,21,2,0.19230769230769232,0.7142857142857143,0.30303030303030304,0.008551649246640425
10.0,0.8,3.0,3,10,4,0.23076923076923078,0.42857142857142855,0.3,0.00407221392697163
12.0,0.8,3.0,3,10,4,0.23076923076923078,0.42857142857142855,0.3,0.00407221392697163
8.0,0.5,1.5,6,28,1,0.17647058823529413,0.8571428571428571,0.29268292682926833,0.011402198995520566
2.5,0.8,3.0,3,11,4,0.21428571428571427,0.42857142857142855,0.2857142857142857,0.0044794353196687935
3.0,0.8,3.0,3,11,4,0.21428571428571427,0.42857142857142855,0.2857142857142857,0.0044794353196687935
4.0,0.8,3.0,3,11,4,0.21428571428571427,0.42857142857142855,0.2857142857142857,0.0044794353196687935
5.0,0.8,3.0,3,11,4,0.21428571428571427,0.42857142857142855,0.2857142857142857,0.0044794353196687935
6.0,0.8,3.0,3,11,4,0.21428571428571427,0.42857142857142855,0.2857142857142857,0.0044794353196687935
8.0,0.8,3.0,3,11,4,0.21428571428571427,0.42857142857142855,0.2857142857142857,0.0044794353196687935
10.0,0.7,3.0,3,11,4,0.21428571428571427,0.42857142857142855,0.2857142857142857,0.0044794353196687935
12.0,0.7,3.0,3,11,4,0.21428571428571427,0.42857142857142855,0.2857142857142857,0.0044794353196687935
20.0,0.8,1.5,3,11,4,0.21428571428571427,0.42857142857142855,0.2857142857142857,0.0044794353196687935
2.5,0.5,2.0,5,23,2,0.17857142857142858,0.7142857142857143,0.2857142857142857,0.00936609203203475
3.0,0.5,2.0,5,23,2,0.17857142857142858,0.7142857142857143,0.2857142857142857,0.00936609203203475
4.0,0.5,2.0,5,23,2,0.17857142857142858,0.7142857142857143,0.2857142857142857,0.00936609203203475
5.0,0.5,2.0,5,23,2,0.17857142857142858,0.7142857142857143,0.2857142857142857,0.00936609203203475
6.0,0.5,2.0,5,23,2,0.17857142857142858,0.7142857142857143,0.2857142857142857,0.00936609203203475
2.5,0.7,3.0,3,12,4,0.2,0.42857142857142855,0.27272727272727276,0.004886656712365957
3.0,0.7,3.0,3,12,4,0.2,0.42857142857142855,0.27272727272727276,0.004886656712365957
4.0,0.7,3.0,3,12,4,0.2,0.42857142857142855,0.27272727272727276,0.004886656712365957
5.0,0.7,3.0,3,12,4,0.2,0.42857142857142855,0.27272727272727276,0.004886656712365957
6.0,0.7,3.0,3,12,4,0.2,0.42857142857142855,0.27272727272727276,0.004886656712365957
8.0,0.7,3.0,3,12,4,0.2,0.42857142857142855,0.27272727272727276,0.004886656712365957
10.0,0.5,3.0,3,12,4,0.2,0.42857142857142855,0.27272727272727276,0.004886656712365957
12.0,0.5,3.0,3,12,4,0.2,0.42857142857142855,0.27272727272727276,0.004886656712365957
20.0,0.8,1.0,3,12,4,0.2,0.42857142857142855,0.27272727272727276,0.004886656712365957
6.0,0.8,1.5,6,31,1,0.16216216216216217,0.8571428571428571,0.27272727272727276,0.012623863173612054
2.5,0.8,1.5,6,33,1,0.15384615384615385,0.8571428571428571,0.2608695652173913,0.01343830595900638
3.0,0.8,1.5,6,33,1,0.15384615384615385,0.8571428571428571,0.2608695652173913,0.01343830595900638
4.0,0.8,1.5,6,33,1,0.15384615384615385,0.8571428571428571,0.2608695652173913,0.01343830595900638
5.0,0.8,1.5,6,33,1,0.15384615384615385,0.8571428571428571,0.2608695652173913,0.01343830595900638
6.0,0.7,1.5,6,33,1,0.15384615384615385,0.8571428571428571,0.2608695652173913,0.01343830595900638
2.5,0.5,3.0,3,13,4,0.1875,0.42857142857142855,0.26086956521739124,0.00529387810506312
3.0,0.5,3.0,3,13,4,0.1875,0.42857142857142855,0.26086956521739124,0.00529387810506312
4.0,0.5,3.0,3,13,4,0.1875,0.42857142857142855,0.26086956521739124,0.00529387810506312
5.0,0.5,3.0,3,13,4,0.1875,0.42857142857142855,0.26086956521739124,0.00529387810506312
6.0,0.5,3.0,3,13,4,0.1875,0.42857142857142855,0.26086956521739124,0.00529387810506312
8.0,0.5,3.0,3,13,4,0.1875,0.42857142857142855,0.26086956521739124,0.00529387810506312
12.0,0.9,2.0,3,13,4,0.1875,0.42857142857142855,0.26086956521739124,0.00529387810506312
15.0,0.8,1.5,3,13,4,0.1875,0.42857142857142855,0.26086956521739124,0.00529387810506312
20.0,0.7,1.5,3,13,4,0.1875,0.42857142857142855,0.26086956521739124,0.00529387810506312
10.0,0.9,2.0,3,14,4,0.17647058823529413,0.42857142857142855,0.25,0.005701099497760283
12.0,0.9,1.5,3,14,4,0.17647058823529413,0.42857142857142855,0.25,0.005701099497760283
2.5,0.7,1.5,6,36,1,0.14285714285714285,0.8571428571428571,0.24489795918367344,0.014659970137097869
3.0,0.7,1.5,6,36,1,0.14285714285714285,0.8571428571428571,0.24489795918367344,0.014659970137097869
4.0,0.7,1.5,6,36,1,0.14285714285714285,0.8571428571428571,0.24489795918367344,0.014659970137097869
5.0,0.7,1.5,6,36,1,0.14285714285714285,0.8571428571428571,0.24489795918367344,0.014659970137097869
6.0,0.5,1.5,6,36,1,0.14285714285714285,0.8571428571428571,0.24489795918367344,0.014659970137097869
12.0,0.8,1.0,6,36,1,0.14285714285714285,0.8571428571428571,0.24489795918367344,0.014659970137097869
8.0,0.9,2.0,3,15,4,0.16666666666666666,0.42857142857142855,0.24,0.006108320890457446
10.0,0.9,1.5,3,15,4,0.16666666666666666,0.42857142857142855,0.24,0.006108320890457446
15.0,0.7,1.5,3,15,4,0.16666666666666666,0.42857142857142855,0.24,0.006108320890457446
20.0,0.7,1.0,3,15,4,0.16666666666666666,0.42857142857142855,0.24,0.006108320890457446
10.0,0.8,1.0,6,37,1,0.13953488372093023,0.8571428571428571,0.24,0.015067191529795033
20.0,0.8,3.0,2,8,5,0.2,0.2857142857142857,0.23529411764705882,0.0032577711415773046
15.0,0.8,1.0,3,16,4,0.15789473684210525,0.42857142857142855,0.23076923076923078,0.006515542283154609
20.0,0.5,1.5,3,16,4,0.15789473684210525,0.42857142857142855,0.23076923076923078,0.006515542283154609
40.0,0.5,0.0,3,16,4,0.15789473684210525,0.42857142857142855,0.23076923076923078,0.006515542283154609
2.5,0.5,1.5,6,39,1,0.13333333333333333,0.8571428571428571,0.23076923076923078,0.01588163431518936
3.0,0.5,1.5,6,39,1,0.13333333333333333,0.8571428571428571,0.23076923076923078,0.01588163431518936
4.0,0.5,1.5,6,39,1,0.13333333333333333,0.8571428571428571,0.23076923076923078,0.01588163431518936
5.0,0.5,1.5,6,39,1,0.13333333333333333,0.8571428571428571,0.23076923076923078,0.01588163431518936
20.0,0.7,3.0,2,9,5,0.18181818181818182,0.2857142857142857,0.2222222222222222,0.0036649925342744673
20.0,0.8,2.0,2,9,5,0.18181818181818182,0.2857142857142857,0.2222222222222222,0.0036649925342744673
8.0,0.9,1.5,3,17,4,0.15,0.42857142857142855,0.2222222222222222,0.006922763675851771
12.0,0.7,1.0,6,41,1,0.1276595744680851,0.8571428571428571,0.2222222222222222,0.016696077100583684
8.0,0.8,1.0,6,42,1,0.125,0.8571428571428571,0.21818181818181817,0.01710329849328085
10.0,0.7,1.0,6,42,1,0.125,0.8571428571428571,0.21818181818181817,0.01710329849328085
2.5,0.9,2.0,3,18,4,0.14285714285714285,0.42857142857142855,0.21428571428571427,0.0073299850685489346
3.0,0.9,2.0,3,18,4,0.14285714285714285,0.42857142857142855,0.21428571428571427,0.0073299850685489346
4.0,0.9,2.0,3,18,4,0.14285714285714285,0.42857142857142855,0.21428571428571427,0.0073299850685489346
5.0,0.9,2.0,3,18,4,0.14285714285714285,0.42857142857142855,0.21428571428571427,0.0073299850685489346
6.0,0.9,2.0,3,18,4,0.14285714285714285,0.42857142857142855,0.21428571428571427,0.0073299850685489346
15.0,0.5,1.5,3,18,4,0.14285714285714285,0.42857142857142855,0.21428571428571427,0.0073299850685489346
12.0,0.95,1.5,2,10,5,0.16666666666666666,0.2857142857142857,0.2105263157894737,0.00407221392697163
12.0,0.95,2.0,2,10,5,0.16666666666666666,0.2857142857142857,0.2105263157894737,0.00407221392697163
15.0,0.8,3.0,2,10,5,0.16666666666666666,0.2857142857142857,0.2105263157894737,0.00407221392697163
20.0,0.5,3.0,2,10,5,0.16666666666666666,0.2857142857142857,0.2105263157894737,0.00407221392697163
20.0,0.7,2.0,2,10,5,0.16666666666666666,0.2857142857142857,0.2105263157894737,0.00407221392697163
20.0,0.8,0.0,3,19,4,0.13636363636363635,0.42857142857142855,0.20689655172413793,0.007737206461246098
10.0,0.95,1.5,2,11,5,0.15384615384615385,0.2857142857142857,0.2,0.0044794353196687935
10.0,0.95,2.0,2,11,5,0.15384615384615385,0.2857142857142857,0.2,0.0044794353196687935
12.0,0.95,1.0,2,11,5,0.15384615384615385,0.2857142857142857,0.2,0.0044794353196687935
15.0,0.7,3.0,2,11,5,0.15384615384615385,0.2857142857142857,0.2,0.0044794353196687935
15.0,0.8,2.0,2,11,5,0.15384615384615385,0.2857142857142857,0.2,0.0044794353196687935
15.0,0.7,1.0,3,20,4,0.13043478260869565,0.42857142857142855,0.2,0.00814442785394326
20.0,0.5,1.0,3,20,4,0.13043478260869565,0.42857142857142855,0.2,0.00814442785394326
8.0,0.7,1.0,6,47,1,0.11320754716981132,0.8571428571428571,0.2,0.019139405456766664
12.0,0.5,1.0,6,49,1,0.10909090909090909,0.8571428571428571,0.19354838709677416,0.01995384824216099
12.0,0.8,0.0,6,49,1,0.10909090909090909,0.8571428571428571,0.19354838709677416,0.01995384824216099
8.0,0.95,2.0,2,12,5,0.14285714285714285,0.2857142857142857,0.19047619047619047,0.004886656712365957
10.0,0.95,1.0,2,12,5,0.14285714285714285,0.2857142857142857,0.19047619047619047,0.004886656712365957
12.0,0.95,0.0,2,12,5,0.14285714285714285,0.2857142857142857,0.19047619047619047,0.004886656712365957
15.0,0.5,3.0,2,12,5,0.14285714285714285,0.2857142857142857,0.19047619047619047,0.004886656712365957
15.0,0.7,2.0,2,12,5,0.14285714285714285,0.2857142857142857,0.19047619047619047,0.004886656712365957
20.0,0.5,2.0,2,12,5,0.14285714285714285,0.2857142857142857,0.19047619047619047,0.004886656712365957
10.0,0.5,1.0,6,50,1,0.10714285714285714,0.8571428571428571,0.19047619047619047,0.02036106963485815
8.0,0.95,1.5,2,13,5,0.13333333333333333,0.2857142857142857,0.18181818181818182,0.00529387810506312
10.0,0.95,0.0,2,13,5,0.13333333333333333,0.2857142857142857,0.18181818181818182,0.00529387810506312
12.0,0.9,1.0,3,23,4,0.11538461538461539,0.42857142857142855,0.18181818181818182,0.00936609203203475
15.0,0.8,0.0,3,23,4,0.11538461538461539,0.42857142857142855,0.18181818181818182,0.00936609203203475
10.0,0.9,1.0,3,24,4,0.1111111111111111,0.42857142857142855,0.17647058823529413,0.009773313424731913
12.0,0.9,0.0,3,24,4,0.1111111111111111,0.42857142857142855,0.17647058823529413,0.009773313424731913
8.0,0.5,1.0,6,55,1,0.09836065573770492,0.8571428571428571,0.17647058823529413,0.02239717659834397
8.0,0.95,1.0,2,14,5,0.125,0.2857142857142857,0.17391304347826086,0.005701099497760283
15.0,0.5,2.0,2,14,5,0.125,0.2857142857142857,0.17391304347826086,0.005701099497760283
6.0,0.9,1.5,3,25,4,0.10714285714285714,0.42857142857142855,0.17142857142857143,0.010180534817429076
15.0,0.5,1.0,3,25,4,0.10714285714285714,0.42857142857142855,0.17142857142857143,0.010180534817429076
10.0,0.8,0.0,6,57,1,0.09523809523809523,0.8571428571428571,0.17142857142857143,0.023211619383738294
2.5,0.95,2.0,2,15,5,0.11764705882352941,0.2857142857142857,0.16666666666666666,0.006108320890457446
3.0,0.95,2.0,2,15,5,0.11764705882352941,0.2857142857142857,0.16666666666666666,0.006108320890457446
4.0,0.95,2.0,2,15,5,0.11764705882352941,0.2857142857142857,0.16666666666666666,0.006108320890457446
5.0,0.95,2.0,2,15,5,0.11764705882352941,0.2857142857142857,0.16666666666666666,0.006108320890457446
6.0,0.95,2.0,2,15,5,0.11764705882352941,0.2857142857142857,0.16666666666666666,0.006108320890457446
8.0,0.95,0.0,2,15,5,0.11764705882352941,0.2857142857142857,0.16666666666666666,0.006108320890457446
8.0,0.9,1.0,3,26,4,0.10344827586206896,0.42857142857142855,0.16666666666666663,0.01058775621012624
6.0,0.8,1.0,7,72,0,0.08860759493670886,1.0,0.1627906976744186,0.029319940274195738
2.5,0.9,1.5,3,27,4,0.1,0.42857142857142855,0.16216216216216217,0.010994977602823402
3.0,0.9,1.5,3,27,4,0.1,0.42857142857142855,0.16216216216216217,0.010994977602823402
4.0,0.9,1.5,3,27,4,0.1,0.42857142857142855,0.16216216216216217,0.010994977602823402
5.0,0.9,1.5,3,27,4,0.1,0.42857142857142855,0.16216216216216217,0.010994977602823402
6.0,0.7,1.0,7,77,0,0.08333333333333333,1.0,0.15384615384615385,0.03135604723768155
10.0,0.98,3.0,1,5,6,0.16666666666666666,0.14285714285714285,0.15384615384615383,0.002036106963485815
12.0,0.98,3.0,1,5,6,0.16666666666666666,0.14285714285714285,0.15384615384615383,0.002036106963485815
10.0,0.9,0.0,3,29,4,0.09375,0.42857142857142855,0.15384615384615383,0.011809420388217728
8.0,0.8,0.0,6,70,1,0.07894736842105263,0.8571428571428571,0.14457831325301204,0.028505497488801414
2.5,0.98,3.0,1,6,6,0.14285714285714285,0.14285714285714285,0.14285714285714285,0.0024433283561829783
3.0,0.98,3.0,1,6,6,0.14285714285714285,0.14285714285714285,0.14285714285714285,0.0024433283561829783
4.0,0.98,3.0,1,6,6,0.14285714285714285,0.14285714285714285,0.14285714285714285,0.0024433283561829783
5.0,0.98,3.0,1,6,6,0.14285714285714285,0.14285714285714285,0.14285714285714285,0.0024433283561829783
6.0,0.98,3.0,1,6,6,0.14285714285714285,0.14285714285714285,0.14285714285714285,0.0024433283561829783
8.0,0.98,3.0,1,6,6,0.14285714285714285,0.14285714285714285,0.14285714285714285,0.0024433283561829783
10.0,0.98,0.0,1,6,6,0.14285714285714285,0.14285714285714285,0.14285714285714285,0.0024433283561829783
10.0,0.98,1.0,1,6,6,0.14285714285714285,0.14285714285714285,0.14285714285714285,0.0024433283561829783
10.0,0.98,1.5,1,6,6,0.14285714285714285,0.14285714285714285,0.14285714285714285,0.0024433283561829783
10.0,0.98,2.0,1,6,6,0.14285714285714285,0.14285714285714285,0.14285714285714285,0.0024433283561829783
12.0,0.98,0.0,1,6,6,0.14285714285714285,0.14285714285714285,0.14285714285714285,0.0024433283561829783
12.0,0.98,1.0,1,6,6,0.14285714285714285,0.14285714285714285,0.14285714285714285,0.0024433283561829783
12.0,0.98,1.5,1,6,6,0.14285714285714285,0.14285714285714285,0.14285714285714285,0.0024433283561829783
12.0,0.98,2.0,1,6,6,0.14285714285714285,0.14285714285714285,0.14285714285714285,0.0024433283561829783
6.0,0.5,1.0,7,85,0,0.07608695652173914,1.0,0.1414141414141414,0.03461381837925886
8.0,0.9,0.0,3,34,4,0.08108108108108109,0.42857142857142855,0.13636363636363638,0.013845527351703543
5.0,0.8,1.0,7,90,0,0.07216494845360824,1.0,0.1346153846153846,0.03664992534274467
8.0,0.98,2.0,1,7,6,0.125,0.14285714285714285,0.13333333333333333,0.0028505497488801415
6.0,0.95,1.5,2,21,5,0.08695652173913043,0.2857142857142857,0.13333333333333333,0.008551649246640425
8.0,0.98,0.0,1,8,6,0.1111111111111111,0.14285714285714285,0.125,0.0032577711415773046
8.0,0.98,1.0,1,8,6,0.1111111111111111,0.14285714285714285,0.125,0.0032577711415773046
8.0,0.98,1.5,1,8,6,0.1111111111111111,0.14285714285714285,0.125,0.0032577711415773046
10.0,0.95,3.0,1,8,6,0.1111111111111111,0.14285714285714285,0.125,0.0032577711415773046
12.0,0.95,3.0,1,8,6,0.1111111111111111,0.14285714285714285,0.125,0.0032577711415773046
2.5,0.95,1.5,2,23,5,0.08,0.2857142857142857,0.125,0.00936609203203475
3.0,0.95,1.5,2,23,5,0.08,0.2857142857142857,0.125,0.00936609203203475
4.0,0.95,1.5,2,23,5,0.08,0.2857142857142857,0.125,0.00936609203203475
5.0,0.95,1.5,2,23,5,0.08,0.2857142857142857,0.125,0.00936609203203475
5.0,0.7,1.0,7,98,0,0.06666666666666667,1.0,0.125,0.03990769648432198
2.5,0.95,3.0,1,9,6,0.1,0.14285714285714285,0.11764705882352941,0.0036649925342744673
2.5,0.98,2.0,1,9,6,0.1,0.14285714285714285,0.11764705882352941,0.0036649925342744673
3.0,0.95,3.0,1,9,6,0.1,0.14285714285714285,0.11764705882352941,0.0036649925342744673
3.0,0.98,2.0,1,9,6,0.1,0.14285714285714285,0.11764705882352941,0.0036649925342744673
4.0,0.95,3.0,1,9,6,0.1,0.14285714285714285,0.11764705882352941,0.0036649925342744673
4.0,0.98,2.0,1,9,6,0.1,0.14285714285714285,0.11764705882352941,0.0036649925342744673
5.0,0.95,3.0,1,9,6,0.1,0.14285714285714285,0.11764705882352941,0.0036649925342744673
5.0,0.98,2.0,1,9,6,0.1,0.14285714285714285,0.11764705882352941,0.0036649925342744673
6.0,0.95,3.0,1,9,6,0.1,0.14285714285714285,0.11764705882352941,0.0036649925342744673
6.0,0.98,2.0,1,9,6,0.1,0.14285714285714285,0.11764705882352941,0.0036649925342744673
8.0,0.95,3.0,1,9,6,0.1,0.14285714285714285,0.11764705882352941,0.0036649925342744673
5.0,0.5,1.0,7,107,0,0.06140350877192982,1.0,0.11570247933884298,0.04357268901859645
30.0,0.7,0.0,3,43,4,0.06521739130434782,0.42857142857142855,0.11320754716981131,0.017510519885978012
4.0,0.8,1.0,7,110,0,0.05982905982905983,1.0,0.11290322580645161,0.04479435319668794
10.0,0.9,3.0,1,10,6,0.09090909090909091,0.14285714285714285,0.1111111111111111,0.00407221392697163
12.0,0.9,3.0,1,10,6,0.09090909090909091,0.14285714285714285,0.1111111111111111,0.00407221392697163
4.0,0.7,1.0,7,118,0,0.056,1.0,0.10606060606060606,0.04805212433826524
2.5,0.9,3.0,1,11,6,0.08333333333333333,0.14285714285714285,0.10526315789473685,0.0044794353196687935
3.0,0.9,3.0,1,11,6,0.08333333333333333,0.14285714285714285,0.10526315789473685,0.0044794353196687935
4.0,0.9,3.0,1,11,6,0.08333333333333333,0.14285714285714285,0.10526315789473685,0.0044794353196687935
5.0,0.9,3.0,1,11,6,0.08333333333333333,0.14285714285714285,0.10526315789473685,0.0044794353196687935
6.0,0.9,3.0,1,11,6,0.08333333333333333,0.14285714285714285,0.10526315789473685,0.0044794353196687935
8.0,0.9,3.0,1,11,6,0.08333333333333333,0.14285714285714285,0.10526315789473685,0.0044794353196687935
2.5,0.8,1.0,7,123,0,0.05384615384615385,1.0,0.10218978102189781,0.05008823130175105
3.0,0.8,1.0,7,123,0,0.05384615384615385,1.0,0.10218978102189781,0.05008823130175105
4.0,0.5,1.0,7,128,0,0.05185185185185185,1.0,0.09859154929577466,0.05212433826523687
2.5,0.7,1.0,7,131,0,0.050724637681159424,1.0,0.09655172413793105,0.05334600244332836
3.0,0.7,1.0,7,131,0,0.050724637681159424,1.0,0.09655172413793105,0.05334600244332836
6.0,0.9,1.0,3,54,4,0.05263157894736842,0.42857142857142855,0.09375,0.021989955205646804
6.0,0.98,1.5,1,14,6,0.06666666666666667,0.14285714285714285,0.09090909090909091,0.005701099497760283
6.0,0.95,1.0,2,35,5,0.05405405405405406,0.2857142857142857,0.09090909090909091,0.014252748744400707
2.5,0.5,1.0,7,141,0,0.0472972972972973,1.0,0.09032258064516129,0.05741821637029999
3.0,0.5,1.0,7,141,0,0.0472972972972973,1.0,0.09032258064516129,0.05741821637029999
20.0,0.7,0.0,3,61,4,0.046875,0.42857142857142855,0.08450704225352113,0.024840504954526946
2.5,0.98,1.5,1,16,6,0.058823529411764705,0.14285714285714285,0.08333333333333333,0.006515542283154609
3.0,0.98,1.5,1,16,6,0.058823529411764705,0.14285714285714285,0.08333333333333333,0.006515542283154609
4.0,0.98,1.5,1,16,6,0.058823529411764705,0.14285714285714285,0.08333333333333333,0.006515542283154609
5.0,0.98,1.5,1,16,6,0.058823529411764705,0.14285714285714285,0.08333333333333333,0.006515542283154609
6.0,0.98,1.0,1,16,6,0.058823529411764705,0.14285714285714285,0.08333333333333333,0.006515542283154609
6.0,0.95,0.0,2,40,5,0.047619047619047616,0.2857142857142857,0.08163265306122448,0.01628885570788652
6.0,0.98,0.0,1,17,6,0.05555555555555555,0.14285714285714285,0.08,0.006922763675851771
5.0,0.9,1.0,3,69,4,0.041666666666666664,0.42857142857142855,0.0759493670886076,0.02809827609610425
15.0,0.7,0.0,3,71,4,0.04054054054054054,0.42857142857142855,0.07407407407407408,0.028912718881498576
5.0,0.95,1.0,2,48,5,0.04,0.2857142857142857,0.07017543859649124,0.019546626849463827
12.0,0.7,0.0,6,163,1,0.03550295857988166,0.8571428571428571,0.06818181818181819,0.06637708700963758
10.0,0.7,0.0,6,175,1,0.03314917127071823,0.8571428571428571,0.06382978723404255,0.07126374372200353
4.0,0.9,1.0,3,85,4,0.03409090909090909,0.42857142857142855,0.0631578947368421,0.03461381837925886
5.0,0.95,0.0,2,58,5,0.03333333333333333,0.2857142857142857,0.05970149253731343,0.023618840776435456
5.0,0.98,1.0,1,26,6,0.037037037037037035,0.14285714285714285,0.058823529411764705,0.01058775621012624
8.0,0.7,0.0,6,197,1,0.029556650246305417,0.8571428571428571,0.05714285714285714,0.08022261436134112
4.0,0.95,1.0,2,61,5,0.031746031746031744,0.2857142857142857,0.057142857142857134,0.024840504954526946
2.5,0.9,1.0,3,97,4,0.03,0.42857142857142855,0.056074766355140186,0.03950047509162482
3.0,0.9,1.0,3,97,4,0.03,0.42857142857142855,0.056074766355140186,0.03950047509162482
30.0,0.5,0.0,3,104,4,0.028037383177570093,0.42857142857142855,0.05263157894736842,0.04235102484050496
5.0,0.98,0.0,1,31,6,0.03125,0.14285714285714285,0.05128205128205128,0.012623863173612054
2.5,0.95,1.0,2,73,5,0.02666666666666667,0.2857142857142857,0.04878048780487805,0.029727161666892904
3.0,0.95,1.0,2,73,5,0.02666666666666667,0.2857142857142857,0.04878048780487805,0.029727161666892904
4.0,0.98,1.0,1,34,6,0.02857142857142857,0.14285714285714285,0.04761904761904761,0.013845527351703543
2.5,0.98,1.0,1,39,6,0.025,0.14285714285714285,0.0425531914893617,0.01588163431518936
3.0,0.98,1.0,1,39,6,0.025,0.14285714285714285,0.0425531914893617,0.01588163431518936
6.0,0.9,0.0,3,138,4,0.02127659574468085,0.42857142857142855,0.04054054054054054,0.0561965521922085
4.0,0.95,0.0,2,97,5,0.020202020202020204,0.2857142857142857,0.03773584905660377,0.03950047509162482
4.0,0.98,0.0,1,46,6,0.02127659574468085,0.14285714285714285,0.037037037037037035,0.0187321840640695
5.0,0.9,0.0,3,162,4,0.01818181818181818,0.42857142857142855,0.03488372093023256,0.06596986561694042
20.0,0.5,0.0,3,165,4,0.017857142857142856,0.42857142857142855,0.03428571428571428,0.0671915297950319
12.0,0.5,0.0,6,346,1,0.017045454545454544,0.8571428571428571,0.03342618384401114,0.14089860187321843
10.0,0.5,0.0,6,375,1,0.015748031496062992,0.8571428571428571,0.030927835051546393,0.15270802226143615
8.0,0.5,0.0,6,408,1,0.014492753623188406,0.8571428571428571,0.028503562945368172,0.16614632822044254
15.0,0.5,0.0,3,201,4,0.014705882352941176,0.42857142857142855,0.02843601895734597,0.08185149993212977
6.0,0.8,0.0,7,578,0,0.011965811965811967,1.0,0.02364864864864865,0.23537396497896024
2.5,0.98,0.0,1,81,6,0.012195121951219513,0.14285714285714285,0.02247191011235955,0.03298493280847021
3.0,0.98,0.0,1,81,6,0.012195121951219513,0.14285714285714285,0.02247191011235955,0.03298493280847021
5.0,0.8,0.0,7,618,0,0.0112,1.0,0.022151898734177212,0.25166282068684676
4.0,0.9,0.0,3,276,4,0.010752688172043012,0.42857142857142855,0.02097902097902098,0.112393104384417
2.5,0.95,0.0,2,190,5,0.010416666666666666,0.2857142857142857,0.020100502512562814,0.07737206461246098
3.0,0.95,0.0,2,190,5,0.010416666666666666,0.2857142857142857,0.020100502512562814,0.07737206461246098
6.0,0.7,0.0,7,775,0,0.008951406649616368,1.0,0.017743979721166033,0.3155965793403014
5.0,0.7,0.0,7,831,0,0.008353221957040573,1.0,0.016568047337278107,0.3384009773313425
4.0,0.8,0.0,7,906,0,0.007667031763417305,1.0,0.015217391304347825,0.3689425817836297
2.5,0.9,0.0,3,421,4,0.007075471698113208,0.42857142857142855,0.013921113689095127,0.17144020632550563
3.0,0.9,0.0,3,421,4,0.007075471698113208,0.42857142857142855,0.013921113689095127,0.17144020632550563
6.0,0.5,0.0,7,1060,0,0.006560449859418931,1.0,0.013035381750465548,0.43165467625899284
5.0,0.5,0.0,7,1128,0,0.006167400881057269,1.0,0.012259194395796848,0.45934573096239995
4.0,0.7,0.0,7,1209,0,0.005756578947368421,1.0,0.011447260834014717,0.49233066377087015
3.0,0.8,0.0,7,1284,0,0.005422153369481022,1.0,0.01078582434514638,0.5228722682231574
2.5,0.8,0.0,7,1285,0,0.005417956656346749,1.0,0.01077752117013087,0.5232794896158545
4.0,0.5,0.0,7,1521,0,0.004581151832460733,1.0,0.009120521172638436,0.619383738292385
3.0,0.7,0.0,7,1679,0,0.004151838671411625,1.0,0.00826934435912581,0.6837247183385368
2.5,0.7,0.0,7,1680,0,0.004149377593360996,1.0,0.008264462809917356,0.6841319397312339
3.0,0.5,0.0,7,2018,0,0.0034567901234567903,1.0,0.00688976377952756,0.821772770462875
2.5,0.5,0.0,7,2019,0,0.0034550839091806516,1.0,0.006886374815543532,0.8221799918555722
15.0,0.9,0.0,0,12,7,0.0,0.0,0.0,0.004886656712365957
15.0,0.9,1.0,0,12,7,0.0,0.0,0.0,0.004886656712365957
15.0,0.9,1.5,0,11,7,0.0,0.0,0.0,0.0044794353196687935
15.0,0.9,2.0,0,10,7,0.0,0.0,0.0,0.00407221392697163
15.0,0.9,3.0,0,10,7,0.0,0.0,0.0,0.00407221392697163
15.0,0.95,0.0,0,9,7,0.0,0.0,0.0,0.0036649925342744673
15.0,0.95,1.0,0,9,7,0.0,0.0,0.0,0.0036649925342744673
15.0,0.95,1.5,0,8,7,0.0,0.0,0.0,0.0032577711415773046
15.0,0.95,2.0,0,8,7,0.0,0.0,0.0,0.0032577711415773046
15.0,0.95,3.0,0,8,7,0.0,0.0,0.0,0.0032577711415773046
15.0,0.98,0.0,0,5,7,0.0,0.0,0.0,0.002036106963485815
15.0,0.98,1.0,0,5,7,0.0,0.0,0.0,0.002036106963485815
15.0,0.98,1.5,0,5,7,0.0,0.0,0.0,0.002036106963485815
15.0,0.98,2.0,0,5,7,0.0,0.0,0.0,0.002036106963485815
15.0,0.98,3.0,0,5,7,0.0,0.0,0.0,0.002036106963485815
20.0,0.9,0.0,0,10,7,0.0,0.0,0.0,0.00407221392697163
20.0,0.9,1.0,0,10,7,0.0,0.0,0.0,0.00407221392697163
20.0,0.9,1.5,0,9,7,0.0,0.0,0.0,0.0036649925342744673
20.0,0.9,2.0,0,8,7,0.0,0.0,0.0,0.0032577711415773046
20.0,0.9,3.0,0,8,7,0.0,0.0,0.0,0.0032577711415773046
20.0,0.95,0.0,0,8,7,0.0,0.0,0.0,0.0032577711415773046
20.0,0.95,1.0,0,8,7,0.0,0.0,0.0,0.0032577711415773046
20.0,0.95,1.5,0,7,7,0.0,0.0,0.0,0.0028505497488801415
20.0,0.95,2.0,0,7,7,0.0,0.0,0.0,0.0028505497488801415
20.0,0.95,3.0,0,7,7,0.0,0.0,0.0,0.0028505497488801415
20.0,0.98,0.0,0,5,7,0.0,0.0,0.0,0.002036106963485815
20.0,0.98,1.0,0,5,7,0.0,0.0,0.0,0.002036106963485815
20.0,0.98,1.5,0,5,7,0.0,0.0,0.0,0.002036106963485815
20.0,0.98,2.0,0,5,7,0.0,0.0,0.0,0.002036106963485815
20.0,0.98,3.0,0,5,7,0.0,0.0,0.0,0.002036106963485815
30.0,0.9,0.0,0,0,7,0.0,0.0,0.0,0.0
30.0,0.9,1.0,0,0,7,0.0,0.0,0.0,0.0
30.0,0.9,1.5,0,0,7,0.0,0.0,0.0,0.0
30.0,0.9,2.0,0,0,7,0.0,0.0,0.0,0.0
30.0,0.9,3.0,0,0,7,0.0,0.0,0.0,0.0
30.0,0.95,0.0,0,0,7,0.0,0.0,0.0,0.0
30.0,0.95,1.0,0,0,7,0.0,0.0,0.0,0.0
30.0,0.95,1.5,0,0,7,0.0,0.0,0.0,0.0
30.0,0.95,2.0,0,0,7,0.0,0.0,0.0,0.0
30.0,0.95,3.0,0,0,7,0.0,0.0,0.0,0.0
30.0,0.98,0.0,0,0,7,0.0,0.0,0.0,0.0
30.0,0.98,1.0,0,0,7,0.0,0.0,0.0,0.0
30.0,0.98,1.5,0,0,7,0.0,0.0,0.0,0.0
30.0,0.98,2.0,0,0,7,0.0,0.0,0.0,0.0
30.0,0.98,3.0,0,0,7,0.0,0.0,0.0,0.0
40.0,0.9,0.0,0,0,7,0.0,0.0,0.0,0.0
40.0,0.9,1.0,0,0,7,0.0,0.0,0.0,0.0
40.0,0.9,1.5,0,0,7,0.0,0.0,0.0,0.0
40.0,0.9,2.0,0,0,7,0.0,0.0,0.0,0.0
40.0,0.9,3.0,0,0,7,0.0,0.0,0.0,0.0
40.0,0.95,0.0,0,0,7,0.0,0.0,0.0,0.0
40.0,0.95,1.0,0,0,7,0.0,0.0,0.0,0.0
40.0,0.95,1.5,0,0,7,0.0,0.0,0.0,0.0
40.0,0.95,2.0,0,0,7,0.0,0.0,0.0,0.0
40.0,0.95,3.0,0,0,7,0.0,0.0,0.0,0.0
40.0,0.98,0.0,0,0,7,0.0,0.0,0.0,0.0
40.0,0.98,1.0,0,0,7,0.0,0.0,0.0,0.0
40.0,0.98,1.5,0,0,7,0.0,0.0,0.0,0.0
40.0,0.98,2.0,0,0,7,0.0,0.0,0.0,0.0
40.0,0.98,3.0,0,0,7,0.0,0.0,0.0,0.0
