block,variant,tp,fp,fn,tn,precision,recall,f1,auprc,true_episodes,predicted_episodes,event_precision,event_recall,event_f1,false_alarm_episodes_per_station_day,delay_median_min,delay_p90_min,delay_mean_min,per_fault_episode_recall
block_may_jun,Phase10 fixed,110,69,133,28700,0.6145251396648045,0.45267489711934156,0.5213270142180095,0.48685536552246095,22,66,0.2727272727272727,0.8181818181818182,0.4090909090909091,0.0394507037430225,0.0,702.0000000000005,290.0,"{'bias': 0.0, 'communication_corruption': 1.0, 'drift': 1.0, 'duplicate_packet': 0.0, 'frozen_sensor': 1.0, 'multi_sensor_failure': 1.0, 'noise': 1.0, 'scaling_error': 1.0, 'spike': 1.0, 'sudden_drop': 0.3333333333333333, 'timestamp_error': 1.0}"
block_may_jun,CatBoost base,109,19,134,28750,0.8515625,0.448559670781893,0.5876010781671159,0.5254728087516216,22,31,0.45161290322580644,0.6363636363636364,0.5283018867924528,0.01397212424232047,0.0,477.0000000000002,171.42857142857142,"{'bias': 0.0, 'communication_corruption': 1.0, 'drift': 0.5, 'duplicate_packet': 0.0, 'frozen_sensor': 0.0, 'multi_sensor_failure': 1.0, 'noise': 1.0, 'scaling_error': 1.0, 'spike': 0.8, 'sudden_drop': 0.3333333333333333, 'timestamp_error': 0.0}"
block_may_jun,CatBoost + weak-fault rescue,108,27,135,28742,0.8,0.4444444444444444,0.5714285714285714,0.5254728087516216,22,31,0.5161290322580645,0.7272727272727273,0.6037735849056604,0.012328344919694532,0.0,300.0,86.25,"{'bias': 0.0, 'communication_corruption': 1.0, 'drift': 0.0, 'duplicate_packet': 0.0, 'frozen_sensor': 0.0, 'multi_sensor_failure': 1.0, 'noise': 1.0, 'scaling_error': 1.0, 'spike': 1.0, 'sudden_drop': 0.6666666666666666, 'timestamp_error': 1.0}"
block_jul_sep,Phase10 fixed,77,24,298,46404,0.7623762376237624,0.20533333333333334,0.3235294117647059,0.23993004390080147,27,57,0.3508771929824561,0.7407407407407407,0.47619047619047616,0.020141763538417914,0.0,954.0000000000008,327.0,"{'bias': 0.5, 'drift': 0.5, 'duplicate_packet': 0.0, 'frozen_sensor': 1.0, 'noise': 1.0, 'scaling_error': 1.0, 'spike': 1.0, 'timestamp_error': 1.0, 'unit_error': 1.0}"
block_jul_sep,CatBoost base,69,11,306,46417,0.8625,0.184,0.3032967032967033,0.24411362912119633,27,35,0.4857142857142857,0.6296296296296297,0.5483870967741936,0.009798695775446554,0.0,720.0000000000003,201.1764705882353,"{'bias': 0.5, 'drift': 0.25, 'duplicate_packet': 0.0, 'frozen_sensor': 0.5, 'noise': 1.0, 'scaling_error': 1.0, 'spike': 0.6666666666666666, 'timestamp_error': 1.0, 'unit_error': 1.0}"
block_jul_sep,CatBoost + weak-fault rescue,70,9,305,46419,0.8860759493670886,0.18666666666666668,0.30837004405286345,0.24411362912119633,27,33,0.5454545454545454,0.6666666666666666,0.6,0.008165579812872128,0.0,630.0000000000007,190.0,"{'bias': 0.5, 'drift': 0.25, 'duplicate_packet': 0.0, 'frozen_sensor': 0.5, 'noise': 1.0, 'scaling_error': 1.0, 'spike': 1.0, 'timestamp_error': 1.0, 'unit_error': 1.0}"
block_oct_dec,Phase10 fixed,204,73,267,47055,0.7364620938628159,0.43312101910828027,0.5454545454545454,0.4692512148639151,36,94,0.30851063829787234,0.8055555555555556,0.4461538461538461,0.03538257408226447,0.0,443.9999999999999,104.48275862068965,"{'bias': 0.5, 'communication_corruption': 1.0, 'drift': 0.5, 'frozen_sensor': 0.3333333333333333, 'multi_sensor_failure': 1.0, 'noise': 0.6666666666666666, 'scaling_error': 1.0, 'spike': 1.0, 'sudden_drop': 0.8, 'timestamp_error': 1.0, 'unit_error': 1.0}"
block_oct_dec,CatBoost base,189,22,282,47106,0.8957345971563981,0.4012738853503185,0.5542521994134897,0.49515697020148025,36,60,0.45,0.75,0.5625000000000001,0.01796346068791889,0.0,468.0000000000002,100.0,"{'bias': 0.5, 'communication_corruption': 1.0, 'drift': 0.5, 'frozen_sensor': 0.0, 'multi_sensor_failure': 1.0, 'noise': 0.6666666666666666, 'scaling_error': 1.0, 'spike': 1.0, 'sudden_drop': 1.0, 'timestamp_error': 0.5, 'unit_error': 1.0}"
block_oct_dec,CatBoost + weak-fault rescue,194,39,277,47089,0.8326180257510729,0.4118895966029724,0.5511363636363636,0.49515697020148025,36,61,0.47540983606557374,0.8055555555555556,0.5979381443298968,0.017419113394345587,0.0,443.9999999999999,93.10344827586206,"{'bias': 0.5, 'communication_corruption': 1.0, 'drift': 0.5, 'frozen_sensor': 0.0, 'multi_sensor_failure': 1.0, 'noise': 0.6666666666666666, 'scaling_error': 1.0, 'spike': 1.0, 'sudden_drop': 1.0, 'timestamp_error': 1.0, 'unit_error': 1.0}"
