"source_path","source_name","bytes","modified_utc","sha256","duplicate_content","archived_as"
"C:\Users\deepa\Downloads\blind_2025_communication_replay.csv","blind_2025_communication_replay.csv","716","2026-08-29T09:17:36.4525611Z","d4f7b62f7f4e265c4a1553606b7ae5d51c2538575497fd13ccad600a0e173117","False","results\blind_2025_communication_replay.csv"
"C:\Users\deepa\Downloads\blind_2025_comparison.csv","blind_2025_comparison.csv","1857","2026-08-29T09:17:38.0133626Z","3afcb4b845268e3c65b6a4522a21c121acabdb990686d6ebeca86da27b8db9d3","False","results\blind_2025_comparison.csv"
"C:\Users\deepa\Downloads\blind_2025_fault_episode_recall.csv","blind_2025_fault_episode_recall.csv","4318","2026-08-29T09:17:39.4718994Z","70f3c15a666448de0145b8dbbee968b50985ebf01e159267cb9c1c0271a6df14","False","results\blind_2025_fault_episode_recall.csv"
"C:\Users\deepa\Downloads\blind_2025_open_receipt.json","blind_2025_open_receipt.json","549","2026-08-29T09:17:40.8372398Z","d14e7e5b43127da3661ce6e1245e0d44ac53dfa74debe20801ab44944f559fa5","False","results\blind_2025_open_receipt.json"
"C:\Users\deepa\Downloads\blind_2025_point_fault_recall.csv","blind_2025_point_fault_recall.csv","4368","2026-08-29T09:17:42.1257568Z","f9a0dd65fbd0e4c67c2cc79ec8c19f65ac30660d84f40adcc690c8a9ddfdb9ad","False","results\blind_2025_point_fault_recall.csv"
"C:\Users\deepa\Downloads\blind_2025_readiness_checks.csv","blind_2025_readiness_checks.csv","745","2026-08-29T09:17:43.2525405Z","4a9588ae5979939b9ca585c806d567ee45034c918dbf3857de78ff0cce91cd45","False","results\blind_2025_readiness_checks.csv"
"C:\Users\deepa\Downloads\blind_2025_result_block.json","blind_2025_result_block.json","11891","2026-08-29T09:17:44.7238266Z","17179ccb9ecefd730b5f48914648c69b86965e8002a5c8b074cc370c2e453359","False","results\blind_2025_result_block.json"
"C:\Users\deepa\Downloads\blind_2025_weather_metrics.csv","blind_2025_weather_metrics.csv","624","2026-08-29T09:17:46.1572573Z","7dfa3c9c2d9cf21c2661ed8162c098a651101a7e76bb22a426c310c43492716f","False","results\blind_2025_weather_metrics.csv"
"C:\Users\deepa\Downloads\development_ablation.csv","development_ablation.csv","2760","2026-08-27T04:32:01.1174447Z","357601233be3f7c4e2514ba1910c79038f11128fa694cf3c4b4649a65fa771b2","False","results\development_ablation.csv"
"C:\Users\deepa\Downloads\development_fault_episode_recall.csv","development_fault_episode_recall.csv","211","2026-08-27T04:32:17.2903897Z","e237f8fce4fe8c09e402f0820bf7225f41630c7326f12368a7ae29a563aa7b75","False","results\development_fault_episode_recall.csv"
"C:\Users\deepa\Downloads\development_lock.json","development_lock.json","1734","2026-08-29T09:17:47.8085457Z","61eb6a337110a9b8b30a62df80e2202c5be41621b52875beeb7cbff6ad55f712","False","results\development_lock.json"
"C:\Users\deepa\Downloads\iteration_result_block.json","iteration_result_block.json","4994","2026-08-27T04:31:47.1713397Z","5f8a57b8e79ad185594f1325daddb096e8c3badc27c0a890559c7f9f6cb5197c","False","results\iteration_result_block.json"
"C:\Users\deepa\Downloads\iteration2_fault_episode_recall (1).csv","iteration2_fault_episode_recall (1).csv","267","2026-08-29T08:58:30.5251568Z","50268b927ed023143c14b15775f4b0efc756c7128c102a9983fae14ea775ef8d","False","results\iteration2_fault_episode_recall (1).csv"
"C:\Users\deepa\Downloads\iteration2_fault_episode_recall.csv","iteration2_fault_episode_recall.csv","267","2026-08-27T05:00:36.8671708Z","50268b927ed023143c14b15775f4b0efc756c7128c102a9983fae14ea775ef8d","True","results\iteration2_fault_episode_recall (1).csv"
"C:\Users\deepa\Downloads\iteration2_multiblock_ablation (1).csv","iteration2_multiblock_ablation (1).csv","4336","2026-08-29T08:58:32.6439094Z","89f6f15eff97c0fccd287e1aa4c74d8bc24f60509076479e7d6ee86a395aae65","False","results\iteration2_multiblock_ablation (1).csv"
"C:\Users\deepa\Downloads\iteration2_multiblock_ablation.csv","iteration2_multiblock_ablation.csv","4336","2026-08-27T05:00:22.0117211Z","89f6f15eff97c0fccd287e1aa4c74d8bc24f60509076479e7d6ee86a395aae65","True","results\iteration2_multiblock_ablation (1).csv"
"C:\Users\deepa\Downloads\iteration2_policy_frontier.csv","iteration2_policy_frontier.csv","81035","2026-08-29T08:58:34.4724311Z","0e826796614edf5f8ad7be383779cb44ccbe179e9531012022127830a248a2b4","False","results\iteration2_policy_frontier.csv"
"C:\Users\deepa\Downloads\iteration2_policy.joblib","iteration2_policy.joblib","6015","2026-08-29T08:58:57.8524085Z","9855c8eaa911c06d27f46a257e3e9c3c22e71b5067cff6114b9da2892e6b861e","False","models\iteration2_policy.joblib"
"C:\Users\deepa\Downloads\iteration2_result_block (1).json","iteration2_result_block (1).json","10079","2026-08-29T08:58:56.4295667Z","cf90b12e1184bddda0a7bd921fdf8a9f902d65f3c76dd740cec76ac5fd29b3bd","False","results\iteration2_result_block (1).json"
"C:\Users\deepa\Downloads\iteration2_result_block.json","iteration2_result_block.json","10079","2026-08-27T05:00:21.1032318Z","cf90b12e1184bddda0a7bd921fdf8a9f902d65f3c76dd740cec76ac5fd29b3bd","True","results\iteration2_result_block (1).json"
"C:\Users\deepa\Downloads\iteration2_weather_frontier (1).csv","iteration2_weather_frontier (1).csv","8661","2026-08-29T08:58:56.4659419Z","6639c6c646a512be6fa89a1a5bbc836f9fe830a57cddca0b90ebaa2e8ac79aa0","False","results\iteration2_weather_frontier (1).csv"
"C:\Users\deepa\Downloads\iteration2_weather_frontier.csv","iteration2_weather_frontier.csv","8661","2026-08-27T05:00:31.8756805Z","6639c6c646a512be6fa89a1a5bbc836f9fe830a57cddca0b90ebaa2e8ac79aa0","True","results\iteration2_weather_frontier (1).csv"
"C:\Users\deepa\Downloads\iteration3_communication_replay (1).csv","iteration3_communication_replay (1).csv","386","2026-08-29T06:32:17.1680215Z","ddc7178021cb026647610c2fd6bed903610b9780fddac0aff5f3af212e133661","False","results\iteration3_communication_replay (1).csv"
"C:\Users\deepa\Downloads\iteration3_communication_replay.csv","iteration3_communication_replay.csv","386","2026-08-27T05:49:39.1382457Z","ddc7178021cb026647610c2fd6bed903610b9780fddac0aff5f3af212e133661","True","results\iteration3_communication_replay (1).csv"
"C:\Users\deepa\Downloads\iteration3_fault_episode_recall (1).csv","iteration3_fault_episode_recall (1).csv","267","2026-08-29T06:32:18.1423148Z","50268b927ed023143c14b15775f4b0efc756c7128c102a9983fae14ea775ef8d","True","results\iteration2_fault_episode_recall (1).csv"
"C:\Users\deepa\Downloads\iteration3_fault_episode_recall.csv","iteration3_fault_episode_recall.csv","267","2026-08-27T05:49:25.0123783Z","50268b927ed023143c14b15775f4b0efc756c7128c102a9983fae14ea775ef8d","True","results\iteration2_fault_episode_recall (1).csv"
"C:\Users\deepa\Downloads\iteration3_frozen_frontier (1).csv","iteration3_frozen_frontier (1).csv","11189","2026-08-29T06:32:19.7982762Z","be161c4a4e7daa13af90fa525b71aad13bb576c4bfbc6336fb528bea9559f6c2","False","results\iteration3_frozen_frontier (1).csv"
"C:\Users\deepa\Downloads\iteration3_frozen_frontier.csv","iteration3_frozen_frontier.csv","11189","2026-08-27T05:53:49.5250683Z","be161c4a4e7daa13af90fa525b71aad13bb576c4bfbc6336fb528bea9559f6c2","True","results\iteration3_frozen_frontier (1).csv"
"C:\Users\deepa\Downloads\iteration3_multiblock_ablation (1).csv","iteration3_multiblock_ablation (1).csv","7053","2026-08-29T06:32:21.3628821Z","1c2ba5c0b06301cc81a17018f3f3d837a7b34f4fb2ddfb899e90798ea1601115","False","results\iteration3_multiblock_ablation (1).csv"
"C:\Users\deepa\Downloads\iteration3_multiblock_ablation.csv","iteration3_multiblock_ablation.csv","7053","2026-08-27T05:49:17.0405832Z","1c2ba5c0b06301cc81a17018f3f3d837a7b34f4fb2ddfb899e90798ea1601115","True","results\iteration3_multiblock_ablation (1).csv"
"C:\Users\deepa\Downloads\iteration3_result_block (1).json","iteration3_result_block (1).json","3260","2026-08-29T06:32:22.2660817Z","97b3511e95ebd4cd42269f4fbf3565f3e1f8806996a3b915e5a5061804b3aac0","False","results\iteration3_result_block (1).json"
"C:\Users\deepa\Downloads\iteration3_result_block.json","iteration3_result_block.json","3260","2026-08-27T05:49:15.0850061Z","97b3511e95ebd4cd42269f4fbf3565f3e1f8806996a3b915e5a5061804b3aac0","True","results\iteration3_result_block (1).json"
"C:\Users\deepa\Downloads\iteration4_fault_episode_recall.csv","iteration4_fault_episode_recall.csv","267","2026-08-29T06:31:40.5389112Z","50268b927ed023143c14b15775f4b0efc756c7128c102a9983fae14ea775ef8d","True","results\iteration2_fault_episode_recall (1).csv"
"C:\Users\deepa\Downloads\iteration4_multiblock_ablation.csv","iteration4_multiblock_ablation.csv","2942","2026-08-29T06:31:41.5989122Z","20444ccebebad8b9e8500da8cf860d97a59a7b9793587dcb32ae2075f325783c","False","results\iteration4_multiblock_ablation.csv"
"C:\Users\deepa\Downloads\iteration4_point_fault_recall.csv","iteration4_point_fault_recall.csv","307","2026-08-29T06:31:43.3169457Z","0462370a3a5cf19ae4027ae327b5fd28fcc338cc0174078a77b717130936553f","False","results\iteration4_point_fault_recall.csv"
"C:\Users\deepa\Downloads\iteration4_result_block.json","iteration4_result_block.json","3699","2026-08-29T06:31:44.2135249Z","4e200658316ce24e08ef82a8be18e1b1bec380c5535765cf83dfd6a530a1d5b2","False","results\iteration4_result_block.json"
"C:\Users\deepa\Downloads\iteration4_state_frontier.csv","iteration4_state_frontier.csv","5923","2026-08-29T06:31:45.6664136Z","80a366810668034e86f2b22d516691b1880fe40fffb9db9ea16ade7a197a6cab","False","results\iteration4_state_frontier.csv"
"C:\Users\deepa\Downloads\iteration5_fault_episode_recall.csv","iteration5_fault_episode_recall.csv","280","2026-08-29T07:28:27.5005933Z","a6614331babc8a413b53375b4f1e283914089bd2ed3ce9b9b9d1eabef4b8099f","False","results\iteration5_fault_episode_recall.csv"
"C:\Users\deepa\Downloads\iteration5_feature_contract.json","iteration5_feature_contract.json","3853","2026-08-29T07:28:29.0856070Z","c882a460ad7e6758977cb8e61e21b8d4a0202e14f7c1a1f5e946d98a9b4e6c75","False","results\iteration5_feature_contract.json"
"C:\Users\deepa\Downloads\iteration5_multiblock_ablation.csv","iteration5_multiblock_ablation.csv","3089","2026-08-29T07:28:30.6522651Z","10e32c18309351b716cc58650824e839dff2371dc3345db3e434b58e8d3f95c6","False","results\iteration5_multiblock_ablation.csv"
"C:\Users\deepa\Downloads\iteration5_point_fault_recall.csv","iteration5_point_fault_recall.csv","307","2026-08-29T07:28:31.9844755Z","3280cd95c2afb31ee2b427d2a0e02779b0d59ce0b7429cdf25aca59190753647","False","results\iteration5_point_fault_recall.csv"
"C:\Users\deepa\Downloads\iteration5_policy_frontier.csv","iteration5_policy_frontier.csv","50061","2026-08-29T07:28:33.3768037Z","189e947bf61bd68e037919b2349ee5867a31dc83d9feb843a672d5fac72b7c2e","False","results\iteration5_policy_frontier.csv"
"C:\Users\deepa\Downloads\iteration5_result_block.json","iteration5_result_block.json","5155","2026-08-29T07:28:34.8548256Z","874093d01c87dc28dfa8197b88f2e0afcf29b486789ca10ac6a56e8e40ff499d","False","results\iteration5_result_block.json"
"C:\Users\deepa\Downloads\iteration5_weak_model_validation.csv","iteration5_weak_model_validation.csv","3862","2026-08-29T07:28:36.1770415Z","decfaccafbcb366c9726268939637312b2ff74d6caffb9cfd22414967fb8a64e","False","results\iteration5_weak_model_validation.csv"
"C:\Users\deepa\Downloads\iteration6_communication_confirmation.csv","iteration6_communication_confirmation.csv","1","2026-08-29T10:31:14.8439553Z","01ba4719c80b6fe911b091a7c05124b64eeece964e09c058ef8f9805daca546b","False","results\iteration6_communication_confirmation.csv"
"C:\Users\deepa\Downloads\iteration6_communication_frontier.csv","iteration6_communication_frontier.csv","30416","2026-08-29T10:31:16.0555980Z","1d0e4c747fea97f7ad0fa752786a0c3b927cc4a2323dba89cd6f72da07ac613f","False","results\iteration6_communication_frontier.csv"
"C:\Users\deepa\Downloads\iteration6_feature_contract.json","iteration6_feature_contract.json","6363","2026-08-29T10:31:17.3706875Z","1c3b32d778255321aefa40128cee7a901faa70dd06f908a072c51d4cf6dfa2ec","False","results\iteration6_feature_contract.json"
"C:\Users\deepa\Downloads\iteration6_multiblock_ablation.csv","iteration6_multiblock_ablation.csv","3105","2026-08-29T10:31:18.7627121Z","1e8e888ab62f5db6877533fcd4d704734fccbcb7b4819b6b8790680fa4f224ba","False","results\iteration6_multiblock_ablation.csv"
"C:\Users\deepa\Downloads\iteration6_result_block.json","iteration6_result_block.json","7586","2026-08-29T10:31:20.3331044Z","eaef6e114bb443b4b47102e2999539f11a17f764959633e7e1bfef0bd7d67ac0","False","results\iteration6_result_block.json"
"C:\Users\deepa\Downloads\iteration6_weak_confirmation.csv","iteration6_weak_confirmation.csv","442","2026-08-29T10:31:21.4518533Z","632e22ac0c803d6832e3c394b225d92299a07a398a8b6f7a5712cd5292ee4a2d","False","results\iteration6_weak_confirmation.csv"
"C:\Users\deepa\Downloads\iteration6_weak_policy_frontier.csv","iteration6_weak_policy_frontier.csv","23537","2026-08-29T10:31:22.6663921Z","583813c43f09f13b236ea90c22791691d69a2a2fc033a692a9d4e4380d201072","False","results\iteration6_weak_policy_frontier.csv"
"C:\Users\deepa\Downloads\iteration6_weather_confirmation.csv","iteration6_weather_confirmation.csv","1","2026-08-29T10:31:24.6325324Z","01ba4719c80b6fe911b091a7c05124b64eeece964e09c058ef8f9805daca546b","True","results\iteration6_communication_confirmation.csv"
"C:\Users\deepa\Downloads\iteration6_weather_policy_frontier.csv","iteration6_weather_policy_frontier.csv","11518","2026-08-29T10:31:25.3184112Z","f31d68393517c89a4ab7af7d9e8df4ff7a1ec431a92285de4c260b62df000cf9","False","results\iteration6_weather_policy_frontier.csv"
"C:\Users\deepa\Downloads\SIH_Weather_Station_Quality_Colab.ipynb","SIH_Weather_Station_Quality_Colab.ipynb","37737","2026-08-27T03:15:51.2487290Z","84123512ee35925ec47c7619f7771aa8528ba5e444e78701b10698cc2610c711","False","notebooks\SIH_Weather_Station_Quality_Colab.ipynb"
"C:\Users\deepa\Downloads\SIH_Weather_Station_Quality_Improvement_Prompt.md","SIH_Weather_Station_Quality_Improvement_Prompt.md","12666","2026-08-27T03:13:39.5836529Z","4354ad9fb7016c4de6272b898bd22ebecd904aca4ced5dfde4419bd2471f20cf","False","prompts\SIH_Weather_Station_Quality_Improvement_Prompt.md"
"C:\Users\deepa\Downloads\SkyGuard_AI_GPU_Blind_2025_Final_Comparison_Colab.ipynb","SkyGuard_AI_GPU_Blind_2025_Final_Comparison_Colab.ipynb","562344","2026-08-29T09:17:23.3105080Z","70f88e16c06b6ba65afce905a194e535b949b83d9570bd39b55b75ad4ecdc840","False","notebooks\SkyGuard_AI_GPU_Blind_2025_Final_Comparison_Colab.ipynb"
"C:\Users\deepa\Downloads\SkyGuard_AI_GPU_Iteration_02_Weak_Fault_Rescue_Colab.ipynb","SkyGuard_AI_GPU_Iteration_02_Weak_Fault_Rescue_Colab.ipynb","136857","2026-08-27T04:59:52.1333718Z","c40d750b73f975ef6f31230d4377f2bbc95dee8b0dbbe581da804735b275cc10","False","notebooks\SkyGuard_AI_GPU_Iteration_02_Weak_Fault_Rescue_Colab.ipynb"
"C:\Users\deepa\Downloads\SkyGuard_AI_GPU_Iteration_03_Frozen_and_Communication_Colab.ipynb","SkyGuard_AI_GPU_Iteration_03_Frozen_and_Communication_Colab.ipynb","199198","2026-08-27T05:53:56.8819639Z","942a83cde27dd490bc9192a780152cf2d7c40e0a163f69c3ef5827822cb45f13","False","notebooks\SkyGuard_AI_GPU_Iteration_03_Frozen_and_Communication_Colab.ipynb"
"C:\Users\deepa\Downloads\SkyGuard_AI_GPU_Iteration_04_Causal_Incident_State_Colab.ipynb","SkyGuard_AI_GPU_Iteration_04_Causal_Incident_State_Colab.ipynb","272358","2026-08-29T06:32:07.5450942Z","56575499d3222a3c0c07dedd7efcbaf37017e5e9ecaf95a02fa3ae5fecb61aef","False","notebooks\SkyGuard_AI_GPU_Iteration_04_Causal_Incident_State_Colab.ipynb"
"C:\Users\deepa\Downloads\SkyGuard_AI_GPU_Iteration_05_Weak_Fault_Consensus_Colab.ipynb","SkyGuard_AI_GPU_Iteration_05_Weak_Fault_Consensus_Colab.ipynb","405989","2026-08-29T07:28:54.5357368Z","c210abb389b98829f65e573ef46570c20740c117ec7eb7fb153bfb2b45ff1ac5","False","notebooks\SkyGuard_AI_GPU_Iteration_05_Weak_Fault_Consensus_Colab.ipynb"
"C:\Users\deepa\Downloads\SkyGuard_AI_GPU_Iteration_06_Communication_Weather_Transfer_Colab.ipynb","SkyGuard_AI_GPU_Iteration_06_Communication_Weather_Transfer_Colab.ipynb","616641","2026-08-29T10:31:05.5883831Z","4812c62426e7b85b0c2df3b67bfd53f217a580126d3b3ceb2323641b0eabb012","False","notebooks\SkyGuard_AI_GPU_Iteration_06_Communication_Weather_Transfer_Colab.ipynb"
"C:\Users\deepa\Downloads\SkyGuard_AI_GPU_Iterative_Improvement_Colab.ipynb","SkyGuard_AI_GPU_Iterative_Improvement_Colab.ipynb","197178","2026-08-27T04:33:02.4458592Z","c9e00454118f5e4c7053a9638b87f17d83d4496e9474cf321733091d2b1d7f0e","False","notebooks\SkyGuard_AI_GPU_Iterative_Improvement_Colab.ipynb"
"C:\Users\deepa\Downloads\weak_union_catboost_seed17.cbm","weak_union_catboost_seed17.cbm","35384","2026-08-29T07:28:39.3300570Z","1651cca3a20e6fea1bbb038a5d397e65b463775d08f51df116b2e668d463ebc3","False","models\weak_union_catboost_seed17.cbm"
"C:\Users\deepa\Downloads\weak_union_catboost_seed41.cbm","weak_union_catboost_seed41.cbm","625808","2026-08-29T07:28:40.3110096Z","6d60c53a24ad27f9b8553671634d6ec0555f968ccb20a57b1d11e313dabccd75","False","models\weak_union_catboost_seed41.cbm"
"C:\Users\deepa\Downloads\weak_union_catboost_seed67.cbm","weak_union_catboost_seed67.cbm","22312","2026-08-29T07:28:41.5274757Z","3569e4a82ba387072dec09a76a52fa512f963b81488afe9ad632830ea5e5b45c","False","models\weak_union_catboost_seed67.cbm"
"C:\Users\deepa\Downloads\weak_union_lightgbm_seed17.joblib","weak_union_lightgbm_seed17.joblib","123860","2026-08-29T07:28:47.9870084Z","45a9b0fb90951ea122e6015d285917001ed33ad9da6395bb6e42196adb65bc61","False","models\weak_union_lightgbm_seed17.joblib"
"C:\Users\deepa\Downloads\weak_union_lightgbm_seed41.joblib","weak_union_lightgbm_seed41.joblib","188004","2026-08-29T07:28:49.3344336Z","d9c75bd0be21722a45f32c15e1022af61869a8a4a907255f97310ac22a4f7ce2","False","models\weak_union_lightgbm_seed41.joblib"
"C:\Users\deepa\Downloads\weak_union_lightgbm_seed67.joblib","weak_union_lightgbm_seed67.joblib","177156","2026-08-29T07:28:50.3286144Z","96a3eb01e64423f50f2d7f8a97705443de9c5376587fea3d76d5bed30b1bafcd","False","models\weak_union_lightgbm_seed67.joblib"
