"relative_path","bytes","modified_utc","sha256"
"config\stations.csv","1760","2026-08-24T17:04:30.3944006Z","4209abab0c0fa9f273e0bd61f3925cdb6c7e53287c388039c0be848739940746"
"dashboard\app.js","29303","2026-08-29T05:49:48.0309350Z","1ca409a9f9a368d178aedd510f8659bef04a296e78736cf5094998b40ddb1e8d"
"dashboard\favicon.svg","446","2026-08-29T06:14:25.2943059Z","440f7c9d9e630ed69096a59e0b0ae98271ba3944c696cc2e3cc16aa2b0c2922e"
"dashboard\index.html","15845","2026-08-29T06:14:25.2784224Z","fa104d027e3ac66e35a5af4243b4f176a75fb5612da0794f3fa02f302d8b6b45"
"dashboard\README.md","746","2026-08-26T08:55:19.2661319Z","6634b6826d8640cdc970c3a9074d7442d468f96a65e3c5fe430e9a74024f9937"
"dashboard\styles.css","22912","2026-08-26T07:08:59.0918113Z","00e47203e357716f2267ad9ee94a0ce4304ab4411396e6f4d96a213996ab3acc"
"Dockerfile","401","2026-08-29T06:06:14.6569052Z","9b4511bd2fbeae1fdd40af8cfc40f05ba763582f96c1c7ddc8bd8165e193d0cf"
"docs\ARCHITECTURE.md","5316","2026-08-29T06:03:37.1803095Z","2526f12fb1910319db6e2db22a4859aef86f3f066f12887b063d68f17f5050f6"
"docs\BASELINES.md","2253","2026-08-25T13:36:12.4671937Z","6a88948292b257cb128049cfe35a2f7645f52c864872d74439260b2a8c0703e0"
"docs\BLIND_2025_HINDI_REVIEW_AND_ITERATION_06_PLAN.md","5669","2026-08-29T09:42:20.6449635Z","ac9257488a3f89469b0f6afebb4d571a120b91cdbfa6095195975c7392989159"
"docs\BLIND_2025_RUNBOOK.md","3190","2026-08-29T08:21:32.1053150Z","e4b97b8d444e1da44a633ccffa00e472665ab1036831522dea3ddb06ff6cac67"
"docs\CLASSIFICATION.md","2286","2026-08-29T06:04:39.7716033Z","6329c66ade07d9453647d11bd558becb4ce273ac518a438c501155497e46256b"
"docs\CORRECTION.md","2386","2026-08-29T06:05:00.1420699Z","ff7b5175f9bc7171939461b016d11b1c412ae3b5ebc3fe5182d8a78f575c81dd"
"docs\DASHBOARD.md","2759","2026-08-29T06:05:26.3325996Z","574e01547e53e0bdad9ec134d1dadf08636992109891300453f4bfd52d40e2e3"
"docs\DATA.md","2589","2026-08-24T17:08:53.0261260Z","354fe7f6190c7443c6a2de8a1c0f06113362b27aeabae44004fea2517cb4a1ad"
"docs\DEMO_SCRIPT.md","2305","2026-08-29T06:05:35.8810322Z","cd1cfe31e3c8b969b532fe2ada6a6f5b0bee2f315fea096fd2c47b519775ae22"
"docs\DEPLOYMENT.md","1378","2026-08-29T06:11:35.6367207Z","c531e9881821ef5a287afe6f333f9fb3247bb786e42e5f1fa58be5ca66dbb79c"
"docs\EXECUTION.md","9557","2026-08-29T06:12:45.8421694Z","db08a9a7c2089508f1da39b76a99498762da41be1affbceff89b03df42e83f25"
"docs\FAULTS.md","1928","2026-08-25T13:07:41.2576850Z","1922538380960e91361365718691d98851c542609255bfefd2b00b79d99b7654"
"docs\FEATURES.md","1474","2026-08-25T13:22:43.0354801Z","04e63b4faed2f8147c8c41ac78dccc09a31e75357d1ca5ffa64ebac029837dee"
"docs\FINAL_REPORT.md","11315","2026-08-29T06:12:45.8441830Z","686899744cf154c7c573cdd5bbef86024db1871bb4602aefc00b8e9490f82ffe"
"docs\GPU_ITERATION_REVIEW.md","4824","2026-08-29T07:04:14.5920789Z","1aab5050c48ac375c9bd2d8ebec5f304e3a56482a63632fd408d1235d31dd8c8"
"docs\IMPROVEMENT_ROADMAP.md","9132","2026-08-29T09:42:20.6429477Z","7552a242209dfe59010a4227c02b87d9017e4dff472cd2fc2c730bbf40c7f9cc"
"docs\LIVE_DATA.md","2135","2026-08-29T06:05:26.3325996Z","b7a7c1c23291f0735ce3fa1ec16dfb3d4ffdbd368de3706b65575a91d9201efc"
"docs\MODEL_CARD.md","2718","2026-08-29T06:09:46.6528035Z","76fba4139a5998789e14206fd258db51fa0a8231a348887d0d8259ec2ccd9fa2"
"docs\PLAN.md","4601","2026-08-29T09:42:20.6381788Z","bd45654ded145d2ea9ac8a26a4229903f69c8dd3ee86d4eb46d0fa806c0d286d"
"docs\PLATFORM.md","1963","2026-08-25T15:06:01.5937799Z","c42dfee85a1a212faef1a237a2f17991bed8a8e80cfe62cdaac89c0e27a41dfc"
"docs\QC.md","1134","2026-08-25T12:56:38.1166255Z","1855519f9d0154a7b2b7eb94ce0055be081835f07c11a18220e523592d32e2f9"
"docs\SAFE_REPAIR.md","1914","2026-08-29T06:05:15.5761850Z","7b7375023acc01c47697114ce2aa1704960ddfc7d2704ce599438890f0112c9d"
"docs\SIH_26073_COMPETITIVE_AUDIT.md","13807","2026-08-29T06:12:45.8421694Z","2b05685ddd64d9e37a35b9fbcfc5e125ba14b3cc7598acc13a69b62c2719c174"
"docs\SIH_COMPLIANCE.md","3367","2026-08-29T06:12:45.8373338Z","dfdb9025d70a32a49a129598d95fa70f77e0f8a45fbd0bb814609d71dec4eab8"
"docs\SKYGUARD_MASTER_PROMPT.md","7943","2026-08-29T05:54:37.6770256Z","1269f2b9d5938913b7ad5ce7c62493e85b3c5c32bd67485b55a677d1d8d9322e"
"models\baseline_thresholds.json","1307","2026-08-25T13:32:47.4641460Z","7e3c10a5a35de503a9be520802ad711dd6543e348c192d80b41270504da95a1a"
"models\correction_policy.json","8111","2026-08-29T05:28:49.4385166Z","75276286f81a5863b4c8ec61a305c2cc5fe3d95d80408357f737dac95ad42fbe"
"models\isolation_forest.joblib","5287191","2026-08-25T13:32:47.7146995Z","acd6ff9ea9c72d2015ad5062378b458a2e4dd775ad8d1f70e2e0f22ddd5c1fce"
"models\phase10_climatology.joblib","77924","2026-08-26T18:30:07.9367498Z","4a1c852a369cb59fa50f04165a273f9cefabb5fa54cb9d87997400dc615d2213"
"models\phase10_ensemble.joblib","4958580","2026-08-26T19:01:40.1091223Z","afd90a5687a154e7d8ce383eb7b8a933aad9a62c36ef741aedb3c1af1ee84a80"
"models\phase10_final.joblib","5378346","2026-08-26T19:33:15.4228308Z","b951caaf9a2bba3f7b1c930c4199f9ff54921d755b45453a5392712370712cc6"
"models\phase10_full_data_event.joblib","2559275","2026-08-26T19:21:05.4976696Z","3daaf003628653f80ce53fa31ebf47845602b833413ecffd7315fe7c457687a1"
"models\phase10_policy.json","1040","2026-08-26T19:01:39.3003237Z","825cc72b499a8caf74fdc3407551618c1096bd2c48e576951939ab9ff207d2a4"
"models\phase10_refined_event.joblib","1636297","2026-08-26T19:11:30.0873131Z","73a3fefa936e884f9bb7d8858e35f0b51b6cb44d383875f078c07c0e3b171476"
"models\phase10_specialists.joblib","5349888","2026-08-26T19:18:15.0837526Z","c4cdaad47c18650b7c78211d1b47198777adc1f4506bbf832bb6c9e2ce0d8f90"
"models\phase10_tcn.pt","97180","2026-08-26T19:01:39.3582349Z","85ec7e4690155c072fc52f3907fc0b66f5bf52016b437b41d64636122ece208f"
"models\phase10_transfer_event.joblib","2849361","2026-08-26T19:24:23.2268699Z","29e9bd3acfe67bde956483adb3e838f3cea3f8c8136bbd32cf8f170b0dd4922a"
"models\phase10_weather_gate.joblib","875498","2026-08-26T19:36:27.2151179Z","cb2a9253f9ed42fe396e928ac0d8b5d2e060815a0a56a2e9ae2c9d4d285aa756"
"models\phase5_classifiers.joblib","10609306","2026-08-25T13:50:07.2674123Z","857cc9859a2f9b3470df7473111df4be27b2b133074e1fb17fb94af4d4207f28"
"models\phase5_policy.json","1086","2026-08-25T13:50:06.7563211Z","ca4f0d5a002db15e858024f1681ef02fd3d53088c2cbf61700fb0bb098fbe4f1"
"models\safe_repair_policy.json","2198","2026-08-29T05:33:24.7718978Z","8bf2c05c50cbbe8e1c84a022e5356145af0da20a715766468f335cbda365725a"
"models\sensor_repair_classifiers.joblib","3411357","2026-08-29T05:33:24.8574279Z","a5bcfbc6905c0abb36aa0794676195ab5d0519bf6408026af168303193e7894b"
"notebooks\SkyGuard_AI_Full_Project.ipynb","34946","2026-08-27T01:51:35.3145775Z","4fdec6b385e8d7928a718a7b9b5ae930f20c9fa5886b1f791211afe616cbbc88"
"notebooks\SkyGuard_AI_GPU_Blind_2025_Final_Comparison_Colab.ipynb","116682","2026-08-29T09:01:11.3417959Z","d6e5da06b023dd7cb4cc89b2daabb2c07600d19a499b41beb63fa24e60ed7488"
"notebooks\SkyGuard_AI_GPU_Iteration_02_Weak_Fault_Rescue_Colab.ipynb","29645","2026-08-27T04:42:01.7816759Z","1caac8540abeaea851d620324cd0390b255f4a88109d4f3b61d1a30953b1d68e"
"notebooks\SkyGuard_AI_GPU_Iteration_03_Frozen_and_Communication_Colab.ipynb","42767","2026-08-27T05:09:54.8950291Z","1f19c72bc1cc53d4e9ca1475d1daf6de8fd77c0a9e0e41036e0a67aa6fc667cb"
"notebooks\SkyGuard_AI_GPU_Iteration_04_Causal_Incident_State_Colab.ipynb","56041","2026-08-27T06:08:30.1301291Z","8354b4d034bf3ac38f3bf5240b8284e6b8501ec5a153d7e27e24318ed4eb8cf7"
"notebooks\SkyGuard_AI_GPU_Iteration_05_Weak_Fault_Consensus_Colab.ipynb","81870","2026-08-29T07:04:28.5473037Z","e6d8b16b0d060e6b72b17b57777f9bca88e37868c124f32be957b5790687b46d"
"notebooks\SkyGuard_AI_GPU_Iteration_06_Communication_Weather_Transfer_Colab.ipynb","125298","2026-08-29T10:10:26.0996838Z","cec90046a0c7aa3bec4a1c5695f8bfb26917e73d2e57f8df436953841d9950b7"
"notebooks\SkyGuard_AI_GPU_Iterative_Improvement_Colab.ipynb","53487","2026-08-27T03:53:17.2666365Z","8fb72147870745fcd9e37cbe56b212170464cf8913138a3e5cb3359da63e3c56"
"README.md","6177","2026-08-29T09:42:28.8363755Z","05ecd692d4c7df12b08f1000bacd9260f7db9df0ad9176439495a2d43b40c2fb"
"reports\baseline_models.json","85020","2026-08-25T13:34:17.6963293Z","6bf5bf257132ee1c160649efe9ce241219ffc9fe2e3ca98e1b751c488c836cd0"
"reports\baseline_models.md","2509","2026-08-25T13:36:22.8594207Z","0622a3f3a7ab0249e10868e225fe7c3f81b9355f497dda67dcb2c55994f4f6ec"
"reports\baseline_validation.json","665","2026-08-25T13:36:30.8257033Z","357e00cc690142913434da9c7714d63faccf7b7354c7bce480cc6a9822df8bd3"
"reports\baseline_validation.md","550","2026-08-25T13:36:30.8313030Z","afc3587e42ee4a18934e0dbc11cfd8ac77ab73ca5730d332fb85e900db1ac35a"
"reports\blind_2025_build.json","6181","2026-08-29T08:11:40.7793283Z","f0c2870b384632525b8287b893bc082dbe3a6c1a6c9d6883d3a8c0e3f4c2caa2"
"reports\blind_2025_build.md","1081","2026-08-29T08:11:40.7793283Z","ae0e0b62d5da24ce9265dc3714994e75a652eb79261287ff2a076fe9d1081710"
"reports\competition_readiness.json","1886","2026-08-29T08:22:26.2380397Z","62d624a0e1475f5aab95d9f8a290e92647b93fddc269f702ae7a5f65f3a83c1f"
"reports\competition_readiness.md","789","2026-08-29T08:22:26.2400502Z","48842a595cb3612dcc3f1577aba22a0dc9f96c19add7229a69282ceca77b4ce6"
"reports\correction_health_validation.json","1293","2026-08-29T08:22:19.2695603Z","b470370f8931c591154ae6e5c9cf000a121cd689c20e0119996e5f6f2a19e5b5"
"reports\correction_health_validation.md","445","2026-08-29T08:22:19.2695603Z","331ad1b0de7a33d172c5118908dc9b4a311810b44521b3eacab37edb938f3487"
"reports\correction_health.json","17173","2026-08-29T05:29:01.6540755Z","43037458add6fdfaad1316920abcc08bd6521d1b8f489addc2c8e5f324d0dbb3"
"reports\correction_health.md","2269","2026-08-29T05:29:01.6540755Z","8b4372d4ab31aaf4844226f3f36cc9a8912adafedaeff1ebbdfb7c6b07a0d486"
"reports\dashboard_validation.json","1422","2026-08-29T08:22:28.4941120Z","2af4d03094f90352d93bad4909c1e60d4dbcec62f984a233250bc7a898a92e10"
"reports\dashboard_validation.md","1507","2026-08-29T08:22:28.4941120Z","576480ea68174351fceb8c505dcedee0cf352c14b648a75f9b8a36a26ffac3c6"
"reports\data_validation.json","20483","2026-08-24T17:10:20.4442511Z","42b1d6deb1f19317f9bdaf667a480ce7d049880b0324052cea1c1228d04686f7"
"reports\data_validation.md","5327","2026-08-24T17:10:20.4526277Z","3990dfeac415abd63ee82e723df087530152a209bdd07a86e583a94eff2dd63e"
"reports\fault_classifier_validation.json","1077","2026-08-25T13:53:52.1618511Z","d43470b96d7a91a966af5a4781d56eef58fb0f72a40a08dcb9ed519d2a1e22d5"
"reports\fault_classifier_validation.md","886","2026-08-29T06:07:30.1359565Z","6c4f2aeb241ed07400f23996a981e6021cda0734670d455c2ff429fcbf2d0cf6"
"reports\fault_classifier.json","33492","2026-08-25T13:52:02.3093203Z","75feed28c84a1f414d5d748ff8e5d35117fb35024ce8523f27c8aff05fbb35b4"
"reports\fault_classifier.md","1408","2026-08-29T06:07:30.1359565Z","74c7d8a5dfb3095a266fbbcdbe4afa8429d04a9a7f5a86dfaeaec9c7342c7c81"
"reports\fault_injection.json","2034","2026-08-25T13:05:02.6160062Z","ee586f27e72f73886f7cf2b81418c57210ae99c3d103254f0fdcea5ba1cc96a8"
"reports\fault_injection.md","1446","2026-08-25T13:05:02.6160062Z","ceca22b4f3f45966cb26633d78bfc18fe22f766b4267f2acb32572a7f7ce4c3d"
"reports\feature_generation.json","1331","2026-08-25T13:21:33.6848832Z","9c3cdc01a60cba321cfa488bf65c778393ca19e496128d524675c8fab032671b"
"reports\feature_generation.md","784","2026-08-25T13:21:33.6858204Z","4c32583b6392538f7408aa5cafb4ccc0afe1e3b8c2b96a2e60600c38e96aaa72"
"reports\feature_validation.json","2837","2026-08-25T13:24:15.7939826Z","fab79430e5c00ee9d32dab4787a7397045c6ccfb720a326f6f6292321ea0c2c0"
"reports\feature_validation.md","963","2026-08-25T13:24:15.8002855Z","8ebf9175b3d0ebe6118b6bc286ae6a38a9b57f1eab02c8552da26481515b889c"
"reports\final_verification.json","19356","2026-08-29T08:22:28.8265887Z","2f51ed42d0f158ddc27841711d591a0945b65cf5ff0a2d3f27994c7b9d964a70"
"reports\final_verification.md","1824","2026-08-29T08:22:28.8265887Z","ac0d1a9ca0a81d4258a7fe226a7d91399fc84cd3f67f90861cf26e314896ea2d"
"reports\gpu_iterations\development_ablation.csv","2760","2026-08-27T04:32:01.1174447Z","357601233be3f7c4e2514ba1910c79038f11128fa694cf3c4b4649a65fa771b2"
"reports\gpu_iterations\development_fault_episode_recall.csv","211","2026-08-27T04:32:17.2903897Z","e237f8fce4fe8c09e402f0820bf7225f41630c7326f12368a7ae29a563aa7b75"
"reports\gpu_iterations\iteration_result_block.json","4994","2026-08-27T04:31:47.1713397Z","5f8a57b8e79ad185594f1325daddb096e8c3badc27c0a890559c7f9f6cb5197c"
"reports\gpu_iterations\iteration2_fault_episode_recall.csv","267","2026-08-27T05:00:36.8671708Z","50268b927ed023143c14b15775f4b0efc756c7128c102a9983fae14ea775ef8d"
"reports\gpu_iterations\iteration2_multiblock_ablation.csv","4336","2026-08-27T05:00:22.0117211Z","89f6f15eff97c0fccd287e1aa4c74d8bc24f60509076479e7d6ee86a395aae65"
"reports\gpu_iterations\iteration2_result_block.json","10079","2026-08-27T05:00:21.1032318Z","cf90b12e1184bddda0a7bd921fdf8a9f902d65f3c76dd740cec76ac5fd29b3bd"
"reports\gpu_iterations\iteration2_weather_frontier.csv","8661","2026-08-27T05:00:31.8756805Z","6639c6c646a512be6fa89a1a5bbc836f9fe830a57cddca0b90ebaa2e8ac79aa0"
"reports\gpu_iterations\iteration3_communication_replay.csv","386","2026-08-27T05:49:39.1382457Z","ddc7178021cb026647610c2fd6bed903610b9780fddac0aff5f3af212e133661"
"reports\gpu_iterations\iteration3_fault_episode_recall.csv","267","2026-08-27T05:49:25.0123783Z","50268b927ed023143c14b15775f4b0efc756c7128c102a9983fae14ea775ef8d"
"reports\gpu_iterations\iteration3_frozen_frontier.csv","11189","2026-08-27T05:53:49.5250683Z","be161c4a4e7daa13af90fa525b71aad13bb576c4bfbc6336fb528bea9559f6c2"
"reports\gpu_iterations\iteration3_multiblock_ablation.csv","7053","2026-08-27T05:49:17.0405832Z","1c2ba5c0b06301cc81a17018f3f3d837a7b34f4fb2ddfb899e90798ea1601115"
"reports\gpu_iterations\iteration3_result_block.json","3260","2026-08-27T05:49:15.0850061Z","97b3511e95ebd4cd42269f4fbf3565f3e1f8806996a3b915e5a5061804b3aac0"
"reports\gpu_iterations\MANIFEST.md","1495","2026-08-29T06:11:11.6138107Z","3c5b8eb9d9c3059afb30b4eeb1b70fcc4b6d21661e8b5a8aa824b98423591940"
"reports\ITERATION_02_REVIEW_AND_ITERATION_03_PLAN.md","3648","2026-08-27T05:11:41.1280514Z","6d34e1f9efcfcdfd87c14a4a200ff579d97bdf98b9c5b882185badbae9f45d78"
"reports\ITERATION_03_REVIEW_AND_ITERATION_04_PLAN.md","3029","2026-08-27T06:11:52.0365056Z","3f6891ede3ad3d38bec82f6a7a6e0edf10d8f507d6c491700eed745f8dcf9c96"
"reports\labelled_validation.json","3303","2026-08-25T13:06:51.7342211Z","a697e34a22c17cb6f254a8f7bd39f5c117a074e5c730f88bee17043e1dcaf079"
"reports\labelled_validation.md","991","2026-08-25T13:06:51.7405574Z","76230aa1ac3c12d04feb5927b97fafd9cd560d86b8ebdfe1ab50ef28605c08ec"
"reports\phase10_features.json","5111","2026-08-26T18:35:51.7349717Z","d026cabb58bd591c14dc2f2d2a58528af652b90d61f07036d0f463044b1cb6be"
"reports\phase10_final_fusion.json","55411","2026-08-26T19:28:01.4689818Z","84805a239d7f960fb16fa78d22db0851c60bb8fb621b9df572f8c170905cac3b"
"reports\phase10_final.json","22183","2026-08-26T19:34:19.0326924Z","322b3899d474eaad498202268e96e6ab1681337db36d95fff4d82d4bb3e464a6"
"reports\phase10_full_data_event.json","7774","2026-08-26T19:21:05.4976696Z","6a9b79cfe1660cce3190ea67274e4f6dc322d9c722c983c7e976982bb0c47fe3"
"reports\phase10_models.json","34100","2026-08-26T19:03:31.5019077Z","ebf950e917193653755913808aecfb0770900f875d28efc337d90d65c19ac022"
"reports\phase10_models.md","899","2026-08-29T06:04:20.8874620Z","64d7220fcd8c18eb817c4725f1f7ef4938439b5ac820c45db39e6166f12a7db5"
"reports\phase10_new_station_policy.json","7454","2026-08-26T19:31:03.6766968Z","d5d0842dc7ae35bd9eabfdcf4834a7ab71b81b25dee96e87d412af2af1e5c1ae"
"reports\phase10_refined_event.json","8872","2026-08-26T19:11:43.5723226Z","2a479c7e70cf150d09750aa9bf59d8e078133ad727653b9675f5089e11bb8e7a"
"reports\phase10_score_diagnostics.json","13832","2026-08-26T19:06:56.4879617Z","dce9e895e685e64d534ca61bbe93c306aa5f69f6b51ff5e6a8014d26aec9cd60"
"reports\phase10_specialists.json","45765","2026-08-26T19:18:15.0860761Z","bf7bb5a4301162af643b37940861f7880f338efa35b59f9c732ed7948bbe4715"
"reports\phase10_transfer_event.json","7731","2026-08-26T19:24:23.2350701Z","56c40095bd9048552215e95d354cda46ec14735aa0d0886c2e5dc69190dd8ccf"
"reports\phase10_weather_gate.json","825","2026-08-26T19:36:27.2171299Z","d863e6be27573786c5bd824c45fcb583702aed8de9207680e957bd1626ddc8f2"
"reports\qc_baseline.json","2596","2026-08-25T12:55:43.6036741Z","a07d10b94a47c6aa7e26732c0b359d1c8144792ecaf9b139e579ee335260da79"
"reports\qc_baseline.md","1688","2026-08-25T12:55:43.6043008Z","f339a4e76e0b9daa85162ba954847a41bae839a3f850529af26cff9e8cff193e"
"reports\replay_scenarios.json","1470","2026-08-25T15:04:39.4036078Z","812ab27f76c1a6dc88fe1f64ca0719e314159ea8b35d53c2beb2dc45207c9f4c"
"reports\safe_repair_validation.json","1249","2026-08-29T08:22:22.0038965Z","b598b028841d3cce6bb036a711aaa01a1b8aee83ee7cc83397ee0d44b7a3fd38"
"reports\safe_repair_validation.md","705","2026-08-29T08:22:22.0038965Z","c28aa71b4eb235e13cdb2a67caf4eac70acda57099cce3ca8a0c6dbfe632348a"
"reports\safe_repair.json","15150","2026-08-29T05:34:07.1323109Z","fba0faf6305696c23891adaf9023290552dbca7422d1ca3d166a6f7126aa1468"
"reports\safe_repair.md","1910","2026-08-29T05:34:07.1323109Z","80130df5857f72560d5276493dbed18e6ee4566a175bd03dfd34f438d601074e"
"reports\streaming_platform.json","2851","2026-08-25T15:05:44.9914343Z","ef0f3dc057b71f36d68f0c492e7dbd4d648017b77ff204c2cc6c9ef2ab5cb1a0"
"reports\streaming_platform.md","809","2026-08-25T15:05:44.9914343Z","1704a8d09e430aef021d1e1147b593b5766c78a4721b25b1093d4ed7121eaa5c"
"reports\streaming_validation.json","260","2026-08-29T08:22:22.3818787Z","6ad1e73389997ae5b6995dafea18555292023464de32319e32c69f6160efc525"
"reports\streaming_validation.md","170","2026-08-29T08:22:22.3889233Z","5f007ff6c8d5b486c32098d5e93b9d6ed74a329279ffe96d6ac43fbee1a2313a"
"requirements.txt","127","2026-08-25T15:02:14.9732768Z","08f8ced9e0b06a213212b495d8b679059369380a5b610ed0ba66b561462331d9"
"src\data\build_blind_2025_benchmark.py","24292","2026-08-29T08:10:13.2228639Z","fe9396f5ec508e813db59a49812ddca693e15fd10b21ec36238030eaeb4ba9ac"
"src\data\diagnose_phase10_final_fusion.py","4452","2026-08-26T19:25:04.6516939Z","0d40f40cb01b774cce3d50a21008e47701b4ab400043216b3bfee1124376bace"
"src\data\diagnose_phase10_scores.py","4582","2026-08-26T19:04:42.2784520Z","fc1c751f7de731c6d75afdb162399d70877b06bd8838efc6b0ec92aa11a59106"
"src\data\download_noaa_blind_2025.py","3630","2026-08-29T08:05:27.2617289Z","e55d3264f6722b9f42a518abcbe2db7587157314f3ace127d2d93dad84102583"
"src\data\download_noaa_dataset.py","4469","2026-08-24T16:59:59.7535697Z","28ea99c3615fa4268a8394b231cf327dca656632242afe7a6d80c57841b53188"
"src\data\final_verification.py","9527","2026-08-29T06:11:23.4304858Z","fbb9b7d5799d3a65da8d09ed8373e62cd223318b2f719bfbf24533a6a0475881"
"src\data\finalize_phase10.py","8080","2026-08-26T19:32:22.8012258Z","98c0146cbccf5a52ab1c34ac10d38e2f35bd9542b772c06482426a6d8643e02e"
"src\data\generate_features.py","6568","2026-08-25T13:14:02.0528706Z","8fab576a44198467c3a566f546035541891ebb7f114e5d7bfb06bb3944bc676f"
"src\data\generate_labelled_faults.py","8185","2026-08-25T13:02:21.9773142Z","a5e16e5e568d4756dd580df066fea116501a553b06d6bf0dd52517b669bfd5d4"
"src\data\generate_phase10_features.py","3199","2026-08-26T18:23:35.6996018Z","afb810b561b684327777ba4cf39bbc06bbcd0ded02165d54d6b5c0f804c26aed"
"src\data\normalize_noaa_isd.py","6022","2026-08-24T17:00:38.9359159Z","904a5fcadb6cfc32d5afe076e767be51e0317076ad5e2ce60bc505f53d6c4ff2"
"src\data\package_replay_scenarios.py","5588","2026-08-25T15:04:23.8321265Z","c13da5c31fd10401fec391c5a6d7a00a7e5599ed55e7cd2d6181d748d0c3bd84"
"src\data\profile_competition_readiness.py","5358","2026-08-29T05:35:29.1721302Z","b7d9377131884ff1ef45757026005105bb638f3a2dfa898aeeacd71941cb985a"
"src\data\profile_streaming_platform.py","5334","2026-08-25T15:05:31.6019983Z","190854c086323743a72e5efe30ac2336e1e5441604387dd0b98454f7c085370f"
"src\data\refine_phase10_event.py","6871","2026-08-26T19:08:01.7113873Z","2e95f3ae20dfaf2cba054b245debac1bded93a2933463315c32c6d271b2983b7"
"src\data\run_api.py","553","2026-08-29T06:06:14.6569052Z","f75db6bf2f16ca9af5d424362cb8b8d40bb2dd0cc40027bf7b026e2137d0d6a0"
"src\data\run_baseline_models.py","14371","2026-08-25T13:36:12.4592132Z","80e56e5726c24f96eb0bf91c4840d035b2ef1c1cbb9b0415c00a8274b4515ef1"
"src\data\run_correction_health.py","16790","2026-08-29T05:28:07.6865843Z","374e1c2267c2b78d99036b85c8d575f11c46083922d6d294454c6f94a64f5022"
"src\data\run_fault_classifier.py","18416","2026-08-25T13:48:51.4987354Z","ba7174f0f51663c861c1c0fffdf7d03265291e0a1c365ed6b6b4c838385ac2ae"
"src\data\run_phase10_models.py","26953","2026-08-26T18:46:27.7073975Z","0f1fb3a76e1bb17e42a794cef8448cb3caa8f4696b3f2a720270262413c6004c"
"src\data\run_qc_baseline.py","6482","2026-08-25T12:53:31.0140026Z","de201992acf328bb1ce9708d14952a35b767812a39e43aee2dbb314a02f5fce6"
"src\data\run_safe_repair.py","18599","2026-08-29T05:32:53.8503473Z","b8738d4eae1b880cc3f0aa905fadee34582cca29f0f78730bbdeb81d585380dd"
"src\data\select_phase10_new_station_policy.py","4304","2026-08-26T19:28:50.3159584Z","2259d4d1c0077df1fbd76b2e12c328863f0572bc01b467784d9e9c8e7f45dd04"
"src\data\train_phase10_full_data.py","3388","2026-08-26T19:18:57.2596895Z","3d83181cc92cbb9e3f9b8b453dc487e6a512f8f0e8d89ee6a666449bae621621"
"src\data\train_phase10_specialists.py","8193","2026-08-26T19:15:28.6414000Z","f8ae1143b3678415d1931a591f3f1882811759b5c8b7a0250af833c81310afd8"
"src\data\train_phase10_transfer.py","3977","2026-08-26T19:22:14.5790779Z","83112bf966506e92bb27eed5573e37c68843ac7d44cd04dd6db33bb2b6a11eb8"
"src\data\train_phase10_weather_gate.py","4027","2026-08-26T19:35:24.9744052Z","34568b92f3b41d5e09805c38bd6488eb27385b9fc4be0d78f3ddc1888fc596eb"
"src\data\validate_baseline_models.py","5045","2026-08-25T13:36:12.4614154Z","7c527d80f0d91d2c9259f8861b2cc43e73bf698a7b175fa397cde0a2db2a1d7d"
"src\data\validate_correction_health.py","6635","2026-08-25T14:05:00.1238036Z","e51febc38ec13aeb228e16911255f2865504735df70dc0a179be47df2d50b06e"
"src\data\validate_dashboard.py","7959","2026-08-29T06:14:30.7569944Z","f16bd1c097d924830edc0ab5ded623f89f6e38e4815576f7acf1c902fe312da7"
"src\data\validate_dataset.py","13436","2026-08-24T17:09:49.9061950Z","7c12bb27c907b45f67a20a15e97a0732636d79caf521756a9ffb44e9ea7beb9a"
"src\data\validate_fault_classifier.py","6114","2026-08-25T13:53:26.7977857Z","4d6b945a6b4694f6bc8e0ea090e636e4c477a8c7c0af78894e56f96bcc70afc6"
"src\data\validate_features.py","10227","2026-08-25T13:22:43.0306874Z","a1b3f327791b50a62e85c4a43aedd26743827e5ea597976b2c4cf24c9974f12e"
"src\data\validate_labelled_faults.py","11895","2026-08-25T13:06:24.5090499Z","0051c97845b99defea6805f4bac2eb9d761f5fa5709971b88107c4c4236992ec"
"src\data\validate_safe_repair.py","6154","2026-08-25T14:54:05.3800333Z","64d7a563c8c047fab162e1e246b78012399b68351ec7c9f95910664752022380"
"src\data\validate_streaming_platform.py","3106","2026-08-25T15:03:40.2350130Z","3071215faac2e5b1267f5a49a35963e4386ffa39ecc901779fcd5f9121cc9ae9"
"src\skyguard\__init__.py","39","2026-08-24T17:08:53.0349061Z","1a37fc10b1bc97461efdb1b39f345e8eba927b5181fe83de72f5196e194e215e"
"src\skyguard\api\__init__.py","28","2026-08-24T17:08:53.0625823Z","8de87b9615491474a9138ac10137008382fc59ea5fd4ec3606d0a4c88c7e27f4"
"src\skyguard\api\app.py","12372","2026-08-29T06:05:46.3977926Z","74274d5ea95f3c653cbe5e8b718af2406539ac249d6fa72d3166c591ec3650ff"
"src\skyguard\correction\__init__.py","50","2026-08-24T17:08:53.0543373Z","6522e8f46174839bbf0273f922e5b52a0c64675585a98c2cd0bcfb7e038597f0"
"src\skyguard\correction\estimators.py","5339","2026-08-25T14:45:55.8047288Z","89f0b7a04f24d793b647c34869e4492f9b3af0da317e64dabe0615661812e036"
"src\skyguard\correction\incidents.py","7714","2026-08-29T05:26:29.4103391Z","702ad652c6b038dbd21637598b320894d10c1de4410874aba3a9f65f5184e3af"
"src\skyguard\correction\policy.py","5468","2026-08-25T14:46:03.5999598Z","a4847da78b3c6c23a504ad1cd7abe2d7e9af9aa5b86cf36df9e011f3eaec738a"
"src\skyguard\evaluation\__init__.py","60","2026-08-24T17:08:53.0543373Z","4d9a958c9b83fb243643beae55e88bd69d4ec28609a0112df368be883987caa2"
"src\skyguard\evaluation\classification.py","5149","2026-08-25T14:46:47.7766043Z","dfb8f0de431ea2cf56e6c76f55c84d27f66758cd5075805600b62383b7614755"
"src\skyguard\evaluation\metrics.py","6606","2026-08-25T13:31:19.2412062Z","9268cc571a6e784e6e95faf8973ff32a22f7346d4e46be8987c3bb48c7d3aec8"
"src\skyguard\faults\__init__.py","54","2026-08-24T17:08:53.0377726Z","ee7a8d404df67e2fcdaa84914dde2bf3325e213e651a3f94dfb7e855f670f9c9"
"src\skyguard\faults\injector.py","16493","2026-08-25T13:01:03.1540491Z","a90128cb610aa83ec003375dd0a6ef0980dad631bc0d448055b37d0a8607cc48"
"src\skyguard\faults\models.py","798","2026-08-25T13:01:03.1514567Z","889e1c7f70567424d588bad4edcc5f8856439a401e8ef6559154e6f97751fed7"
"src\skyguard\features\__init__.py","63","2026-08-24T17:08:53.0460519Z","92fbacb7efb73635ed78fe62ef2f494c9f7d4829d8cf2023bae0adcb20761fdd"
"src\skyguard\features\builder.py","1958","2026-08-25T13:12:47.3042987Z","bbc2fa2d56529fa497b1966da7a2c5d6b6b0e696d69951e15fb932c3b3fda89e"
"src\skyguard\features\contracts.py","2387","2026-08-25T13:12:36.6461490Z","cf85548989e7b5df356ba117add18bcb0e5132f182100264639faa9d66a378ef"
"src\skyguard\features\neighbors.py","5658","2026-08-25T13:12:36.6577978Z","56084c5056ec56a490de5e70a07fa1d580f2551993806ce6dcd3c6f650a8ada5"
"src\skyguard\features\phase10.py","11843","2026-08-26T18:29:39.1319612Z","e318a88145c6ec394508eddfa6c95e2f541eae5cbdf6b7330f727d0c9beeb644"
"src\skyguard\features\temporal.py","8444","2026-08-25T13:12:36.6513391Z","092145398686817517881add25dcb44e32576984ff1e4510bb665b0b9ac24197"
"src\skyguard\live\__init__.py","159","2026-08-26T07:07:01.9847752Z","4f7d511da5f21fa423f661d074cb5969c9332a8ec8f7e4e42d11af51ceeb236a"
"src\skyguard\live\metar.py","17959","2026-08-29T05:23:58.3686881Z","b022e41da10bd6579435d1a3283522e6ae482f21b1888d77261dc9b8d6627f69"
"src\skyguard\models\__init__.py","47","2026-08-24T17:08:53.0460519Z","cfd15b963034742c1766e7261b76f24dfb0542b24ec74de11e91f54eb27425d7"
"src\skyguard\models\baselines.py","3902","2026-08-25T13:29:41.8591184Z","7d47df8df7b3b8b8b5d72318d2b22a693d0c730db51ad413c2854b3ca8ba3477"
"src\skyguard\models\classification.py","1754","2026-08-25T14:46:47.7766043Z","c1573d06b5769baca323e66755138dc953753fb362b2682fcb5258fe0a4ff310"
"src\skyguard\models\isolation.py","2170","2026-08-25T13:29:41.8668207Z","34c38d9ec6f3ac2814e59d48501492cff48fb6775d99d1534fb494845f30ca96"
"src\skyguard\models\phase10.py","6508","2026-08-26T18:56:10.5454464Z","35c73e9f4c9738b2bd4b8f38fb02a68b94284ee7c8375c3572bbed7fd2e8d604"
"src\skyguard\models\tcn.py","5099","2026-08-26T18:38:21.3091676Z","bf132ad8eeab43060f2e92c3df52432853b656914f487d0388cd0ee2279b79f8"
"src\skyguard\quality\__init__.py","58","2026-08-24T17:08:53.0377726Z","5d7d29e0580cc2545bcecbbe2382811a91162f5f2c3900e0acec386bb451ab68"
"src\skyguard\quality\engine.py","7736","2026-08-25T12:56:07.7355491Z","114ddb84271c37af5230e25262436e1db17a0812370a9533a29b3fdb191ff039"
"src\skyguard\quality\models.py","3947","2026-08-25T12:54:51.7568865Z","5f09c8b6ca35966ed4162a54238fbe94a18c40eb2739895f264e22dc6304d100"
"src\skyguard\quality\rules.py","3835","2026-08-25T12:52:27.3679584Z","e799b2df065a7191004f54e34127b3d79401c478836d561864ffcef7077b8f87"
"src\skyguard\streaming\__init__.py","37","2026-08-24T17:08:53.0589527Z","6741f32bdc50977faccd008483d5894b34052c1ec3edbf20d0cfb29471b44a59"
"src\skyguard\streaming\engine.py","5514","2026-08-25T15:04:23.8321265Z","cf2ccedeef034af0f530050d63dd1b8d579e56379baf9a78180845f12919c582"
"src\skyguard\streaming\models.py","386","2026-08-25T15:01:07.5910187Z","4d515201287375a24d13956bdb29dd911dd2c0a856bf8e0dd9a51dce4d53532e"
"src\skyguard\streaming\store.py","3362","2026-08-25T15:05:31.5923738Z","010290b80fd5506db89b5defeb8df3858e9667c0e4dbce19d9134c7a4b78cca3"
"start_skyguard.bat","88","2026-08-26T07:27:52.4710160Z","ce704f3195261d4f38c5f22bf83baf8de3a1d03c477fcbfe33ea9e44422a4124"
"start_skyguard.ps1","898","2026-08-26T07:27:52.4648523Z","4e1585c6d6462da4006fedaaeb15d9269274b33f2c5da2983e7cd2cc9ca42919"
"tests\__init__.py","32","2026-08-24T17:08:53.0625823Z","88a43edeb2cddbf185ccc9768e8b65d7142c5317935d86c6930c0a9876eab4a8"
"tests\test_api.py","4068","2026-08-29T06:11:43.4222284Z","66c904cfa9748df31a930a34ee184225ad4f283854e7e84aeab11b7701049d77"
"tests\test_baselines.py","1511","2026-08-25T13:29:41.8691618Z","c48328a79ae5a11774854a78a8b44eb528517c94ddc4ca3d90a3075b8d16197b"
"tests\test_classification.py","2094","2026-08-25T14:46:47.7911512Z","f133f0cbe2a83d67237034c853e43d62a77e9df9b6937cbd369e221fcd56767a"
"tests\test_correction.py","4285","2026-08-29T05:26:29.4156343Z","79acaca932a4b1f52440cd61131dc8cc00f4a2cdb8d844dd45b476fa8c0eb9b9"
"tests\test_fault_injector.py","3460","2026-08-25T13:02:21.9869240Z","5145437643c010307f19fb9209a7f9403c95db49f32db3b9022c564f06dc4ae4"
"tests\test_features.py","4330","2026-08-25T13:14:02.0528706Z","9ade37fe1e21d5695a84ac5bcf3a1410ab33b9d3f0289ff370ed1eb53f40d8dd"
"tests\test_live.py","3040","2026-08-29T05:25:12.3197311Z","695883e05e15db4dd9e65e0562f15872e461340bc8221672742d28151597d8e3"
"tests\test_metrics.py","1375","2026-08-25T13:29:41.8709510Z","3fcec26ccb7b9a10e17b3d64b65c8b4f6dd89a73d9718c58eaca4eb326fd9805"
"tests\test_phase10_features.py","2017","2026-08-26T18:23:35.7006021Z","8fe1490e06db34f02b18432f490f03d9593909e6149c7c29d9205a218bbb0f8f"
"tests\test_phase10_policy.py","2003","2026-08-26T18:56:10.5494746Z","0ecb2d48186428af8f760f4398999a7a15e9d0b6679562c42ba0ab61da0fa773"
"tests\test_phase10_tcn.py","1401","2026-08-26T18:38:21.3131801Z","6daa5c6c1f3675106ca38a4d487547885a0cb786395ab8d4dc8c9ef55fcaeb2b"
"tests\test_quality_engine.py","3976","2026-08-25T12:55:01.2484736Z","9844647bfe0a685a7b97503ab5ccf5ce11c2aa7c36a563cfa0f9e0f037e27dd8"
"tests\test_streaming.py","3012","2026-08-25T15:05:31.5980443Z","0b3f83d3b01a665904cd231e1122877cdb02515a90fcb2d907e31dece565f379"
"tools\archive_pre_iteration7.ps1","6220","2026-08-29T10:49:41.9099161Z","7f51e999834ef5f5a28d4abb03f5ec327a030039204f6b126a9554ed1f19ef6a"
"tools\build_blind_2025_evaluation_notebook.py","32169","2026-08-29T09:01:00.4298347Z","47d2484274db0d197b7709fa55042b9d0e34c62b1802ec006d270057b27d74df"
"tools\build_gpu_bundle.py","2346","2026-08-27T03:39:28.2773490Z","59a544c00e0c1865d5b28978fa46a0eaeb5a2ecd98d0175a1bc8e72625c4ba87"
"tools\build_gpu_colab_notebook.py","43077","2026-08-27T03:53:03.6980551Z","4ddfbf4c6b69c2d366ff52e7e3781aa2195f12afb2f2b2d169e7a56ec463f5aa"
"tools\build_gpu_iteration2_notebook.py","24221","2026-08-27T04:41:41.8714563Z","d08b6d1c3b0a22fefef3147671047c1d8c6f074a39480866fb5e9df72acb2ce5"
"tools\build_gpu_iteration3_notebook.py","12248","2026-08-27T05:09:42.1807433Z","67753141bec205aaaa3e7d485bc673ad473369b5c5a19fbda42e4f57a72c25fa"
"tools\build_gpu_iteration4_notebook.py","12374","2026-08-27T06:08:00.8989161Z","cb3b6fdf1b3a0fda94e020a8003ba22ca0ba908b765750721dee9c5f83ff0842"
"tools\build_gpu_iteration5_notebook.py","22879","2026-08-29T07:03:49.1014820Z","315507c567f7e618cb56e8359c6ccf93746789ee2cdaf1262cae8356370ec742"
"tools\build_gpu_iteration6_notebook.py","38402","2026-08-29T10:10:10.9759224Z","3d8ecf4d250404f1987f22a4cc53f98cedfd3a30dce48d60049c732e9bbc5703"
"verify_skyguard.ps1","504","2026-08-29T06:05:46.3977926Z","afd42ed3a9ce0b7d513693d867dadc9e36b3e96c2e04ff829813400a1d700e25"
