score_col,threshold,min_points,max_gap_minutes,min_precision,max_false_alarm,min_point_f1_delta,mean_point_f1_delta,min_event_f1_delta,mean_event_f1_delta,min_weak_recall_delta,mean_weak_recall_delta,passes_discovery
weak7_min,0.1,2,90,0.21395348837209302,0.10481919972596287,-0.11319441901343985,-0.06282767330666925,-0.3956959389101007,-0.3839138851830437,0.08333333333333333,0.2916666666666667,False
weak7_min,0.1,2,180,0.21304347826086956,0.11304031342995997,-0.12023079697078981,-0.06323250301880493,-0.3963178294573644,-0.39107903579724385,0.16666666666666669,0.33333333333333337,False
weak7_min,0.1,3,90,0.36585365853658536,0.054464878288980716,-0.04194775990313104,-0.011397781892321393,-0.2673017652003363,-0.25172419888320313,0.08333333333333333,0.2916666666666667,False
weak7_min,0.1,3,180,0.36220472440944884,0.05652015671497999,-0.044103712636747394,-0.011144881928253247,-0.2790697674418606,-0.2617710122148811,0.08333333333333333,0.2916666666666667,False
weak7_min,0.1,4,90,0.5432098765432098,0.04007792930698581,-0.002406000849176859,0.016653134181023904,-0.1659125188536953,-0.15577364410088507,0.08333333333333333,0.2916666666666667,False
weak7_min,0.1,4,180,0.5432098765432098,0.04007792930698581,-0.002406000849176859,0.016653134181023904,-0.1659125188536953,-0.15577364410088507,0.08333333333333333,0.2916666666666667,False
weak7_min,0.1,6,90,0.7621951219512195,0.02363570189899163,0.03622836319465533,0.03876191244315094,-0.046805819101834345,-0.027856150520734146,0.08333333333333333,0.2916666666666667,False
weak7_min,0.1,6,180,0.7621951219512195,0.02363570189899163,0.03622836319465533,0.03876191244315094,-0.046805819101834345,-0.027856150520734146,0.08333333333333333,0.2916666666666667,False
weak7_min,0.15,2,90,0.3465346534653465,0.061658352779978165,-0.05363475177304966,-0.03578194768374003,-0.2638146167557932,-0.25701769989982776,0.08333333333333333,0.2916666666666667,False
weak7_min,0.15,2,180,0.3486238532110092,0.06371363120597744,-0.055795885936258505,-0.031392694247340105,-0.27101533682780043,-0.2592618212378205,0.16666666666666669,0.33333333333333337,False
weak7_min,0.15,3,90,0.5230769230769231,0.032884454815988354,-0.010957692496683213,-0.00917023985973052,-0.14173669467787114,-0.1359057931410641,0.08333333333333333,0.20833333333333334,False
weak7_min,0.15,3,180,0.5223880597014925,0.032884454815988354,-0.010957692496683213,-0.0070296421284914284,-0.14173669467787114,-0.1398605954009511,0.08333333333333333,0.20833333333333334,False
weak7_min,0.15,4,90,0.673469387755102,0.027746258750990176,-0.0050653895745072786,8.833512332297178e-05,-0.10437405731523386,-0.0945126100529658,0.0,0.16666666666666669,False
weak7_min,0.15,4,180,0.673469387755102,0.027746258750990176,-0.0050653895745072786,8.833512332297178e-05,-0.10437405731523386,-0.0945126100529658,0.0,0.16666666666666669,False
weak7_min,0.15,6,90,0.7866666666666666,0.018497505833993448,-0.0005193088471343588,0.013526711186506613,-0.02030812324929976,-0.017025097565453284,0.0,0.16666666666666669,False
weak7_min,0.15,6,180,0.7866666666666666,0.018497505833993448,-0.0005193088471343588,0.013526711186506613,-0.02030812324929976,-0.017025097565453284,0.0,0.16666666666666669,False
weak7_min,0.2,2,90,0.4925373134328358,0.041105568519985446,-0.016864398470438302,-0.015191328448702301,-0.19195275009228502,-0.191753147293503,0.0,0.16666666666666669,False
weak7_min,0.2,2,180,0.5,0.04213320773298508,-0.018146246025923296,-0.011330475740656681,-0.19840116279069775,-0.1977361981737058,0.0,0.16666666666666669,False
weak7_min,0.2,3,90,0.7021276595744681,0.02363570189899163,-0.004074577108284988,0.002395335559332676,-0.07007393121182903,-0.06652921366793008,0.0,0.16666666666666669,False
weak7_min,0.2,3,180,0.7083333333333334,0.02363570189899163,0.0009081114360474096,0.004886679831498875,-0.07007393121182903,-0.06652921366793008,0.0,0.16666666666666669,False
weak7_min,0.2,4,90,0.75,0.02158042347299236,-0.0015492472849050198,0.005961183050587127,-0.05117979395147887,-0.03246093291654284,0.0,0.16666666666666669,False
weak7_min,0.2,4,180,0.75,0.02158042347299236,-0.0015492472849050198,0.005961183050587127,-0.05117979395147887,-0.03246093291654284,0.0,0.16666666666666669,False
weak7_min,0.2,6,90,0.7986111111111112,0.016442227407994177,-0.0005193088471343588,0.010433764163137682,-0.01374207188160681,-0.005781711322067007,0.0,0.16666666666666669,False
weak7_min,0.2,6,180,0.7986111111111112,0.016442227407994177,-0.0005193088471343588,0.010433764163137682,-0.01374207188160681,-0.005781711322067007,0.0,0.16666666666666669,False
weak7_min,0.25,2,90,0.6470588235294118,0.029801537176989447,-0.006045432340009788,-0.003848991732905163,-0.11998829382499276,-0.11703670943992073,0.0,0.16666666666666669,False
weak7_min,0.25,2,180,0.6481481481481481,0.029801537176989447,-0.0016525511258005388,0.000816717865126021,-0.1231696813092163,-0.12157898756710453,0.0,0.16666666666666669,False
weak7_min,0.25,3,90,0.7548387096774194,0.020552784259992723,-0.0010357165275249602,0.006958426638965412,-0.041244083840432655,-0.034058734426676285,0.0,0.16666666666666669,False
weak7_min,0.25,3,180,0.7548387096774194,0.020552784259992723,0.004021783355763503,0.009487176580609644,-0.041244083840432655,-0.034058734426676285,0.0,0.16666666666666669,False
weak7_min,0.25,4,90,0.7837837837837838,0.017469866620993812,0.0,0.010201854882705919,-0.009269162210338688,-0.004634581105169344,0.0,0.16666666666666669,False
weak7_min,0.25,4,180,0.7837837837837838,0.017469866620993812,0.0,0.010201854882705919,-0.009269162210338688,-0.004634581105169344,0.0,0.16666666666666669,False
weak7_min,0.25,6,90,0.8028169014084507,0.016442227407994177,0.0,0.009640957446808485,0.0,0.001089324618736398,0.0,0.16666666666666669,True
weak7_min,0.25,6,180,0.8028169014084507,0.016442227407994177,0.0,0.009640957446808485,0.0,0.001089324618736398,0.0,0.16666666666666669,True
weak7_min,0.3,2,90,0.7333333333333333,0.022608062685991994,-0.0030728164380160183,0.00743208087337012,-0.07403891789273853,-0.06741161580911437,0.0,0.16666666666666669,False
weak7_min,0.3,2,180,0.717391304347826,0.022608062685991994,-0.0035750766087844776,0.00718095078798589,-0.08465116279069773,-0.07271773825809397,0.0,0.16666666666666669,False
weak7_min,0.3,3,90,0.8,0.017469866620993812,0.0,0.012507559513991962,-0.009269162210338688,-0.004634581105169344,0.0,0.16666666666666669,False
weak7_min,0.3,3,180,0.8,0.017469866620993812,0.0,0.012507559513991962,-0.009269162210338688,-0.004634581105169344,0.0,0.16666666666666669,False
weak7_min,0.3,4,90,0.8156028368794326,0.015414588194994541,0.0,0.013027054052552611,0.0,0.007029226785053688,0.0,0.16666666666666669,True
weak7_min,0.3,4,180,0.8156028368794326,0.015414588194994541,0.0,0.013027054052552611,0.0,0.007029226785053688,0.0,0.16666666666666669,True
weak7_min,0.3,6,90,0.8129496402877698,0.015414588194994541,0.0,0.009353883955994846,0.0,0.007029226785053688,0.0,0.16666666666666669,True
weak7_min,0.3,6,180,0.8129496402877698,0.015414588194994541,0.0,0.009353883955994846,0.0,0.007029226785053688,0.0,0.16666666666666669,True
weak7_min,0.35,2,90,0.75,0.020552784259992723,-0.0025677736624233616,0.003471734698284143,-0.06298449612403112,-0.05211428998223189,0.0,0.16666666666666669,False
weak7_min,0.35,2,180,0.7333333333333333,0.020552784259992723,-0.0030728164380160183,0.0032192133104878146,-0.07403891789273853,-0.05764150086658559,0.0,0.16666666666666669,False
weak7_min,0.35,3,90,0.8043478260869565,0.015414588194994541,0.0,0.004871220604703241,0.0,0.007029226785053688,0.0,0.16666666666666669,True
weak7_min,0.35,3,180,0.8043478260869565,0.015414588194994541,0.0,0.004871220604703241,0.0,0.007029226785053688,0.0,0.16666666666666669,True
weak7_min,0.35,4,90,0.8088235294117647,0.014386948981994906,0.0,0.003771248452099474,0.0,0.013197586726998445,0.0,0.16666666666666669,True
weak7_min,0.35,4,180,0.8088235294117647,0.014386948981994906,0.0,0.003771248452099474,0.0,0.013197586726998445,0.0,0.16666666666666669,True
weak7_min,0.35,6,90,0.8059701492537313,0.014386948981994906,0.0,0.0,0.0,0.0,0.0,0.0,False
weak7_min,0.35,6,180,0.8059701492537313,0.014386948981994906,0.0,0.0,0.0,0.0,0.0,0.0,False
weak7_min,0.4,2,90,0.7857142857142857,0.017469866620993812,-0.0015492472849050198,0.0007052445655108541,-0.03943377148634997,-0.024351466848344328,0.0,0.16666666666666669,False
weak7_min,0.4,2,180,0.7674418604651163,0.017469866620993812,-0.0020599250936329805,0.0004499056611468738,-0.0514596734289956,-0.030364417819667144,0.0,0.16666666666666669,False
weak7_min,0.4,3,90,0.8074074074074075,0.014386948981994906,0.0,0.0018906258818217614,0.0,0.013197586726998445,0.0,0.16666666666666669,True
weak7_min,0.4,3,180,0.8074074074074075,0.014386948981994906,0.0,0.0018906258818217614,0.0,0.013197586726998445,0.0,0.16666666666666669,True
weak7_min,0.4,4,90,0.8059701492537313,0.014386948981994906,0.0,0.0,0.0,0.0,0.0,0.0,False
weak7_min,0.4,4,180,0.8059701492537313,0.014386948981994906,0.0,0.0,0.0,0.0,0.0,0.0,False
weak7_min,0.4,6,90,0.8059701492537313,0.014386948981994906,0.0,0.0,0.0,0.0,0.0,0.0,False
weak7_min,0.4,6,180,0.8059701492537313,0.014386948981994906,0.0,0.0,0.0,0.0,0.0,0.0,False
weak7_min,0.5,2,90,0.7857142857142857,0.016442227407994177,-0.0015492472849050198,-0.00040972160461499874,-0.03943377148634997,-0.018627561124438585,0.0,0.16666666666666669,False
weak7_min,0.5,2,180,0.7674418604651163,0.016442227407994177,-0.0020599250936329805,-0.0006650605089789791,-0.0514596734289956,-0.024640512095761402,0.0,0.16666666666666669,False
weak7_min,0.5,3,90,0.8059701492537313,0.014386948981994906,0.0,0.0,0.0,0.0,0.0,0.0,False
weak7_min,0.5,3,180,0.8059701492537313,0.014386948981994906,0.0,0.0,0.0,0.0,0.0,0.0,False
weak7_min,0.5,4,90,0.8059701492537313,0.014386948981994906,0.0,0.0,0.0,0.0,0.0,0.0,False
weak7_min,0.5,4,180,0.8059701492537313,0.014386948981994906,0.0,0.0,0.0,0.0,0.0,0.0,False
weak7_min,0.5,6,90,0.8059701492537313,0.014386948981994906,0.0,0.0,0.0,0.0,0.0,0.0,False
weak7_min,0.5,6,180,0.8059701492537313,0.014386948981994906,0.0,0.0,0.0,0.0,0.0,0.0,False
weak7_min,0.6,2,90,0.8048780487804879,0.014386948981994906,-0.0010357165275249602,-0.0005178582637624801,-0.026873385012919915,-0.013436692506459957,0.0,0.0,False
weak7_min,0.6,2,180,0.7857142857142857,0.014386948981994906,-0.0015492472849050198,-0.0007746236424525099,-0.03943377148634997,-0.019716885743174983,0.0,0.0,False
weak7_min,0.6,3,90,0.8059701492537313,0.014386948981994906,0.0,0.0,0.0,0.0,0.0,0.0,False
weak7_min,0.6,3,180,0.8059701492537313,0.014386948981994906,0.0,0.0,0.0,0.0,0.0,0.0,False
weak7_min,0.6,4,90,0.8059701492537313,0.014386948981994906,0.0,0.0,0.0,0.0,0.0,0.0,False
weak7_min,0.6,4,180,0.8059701492537313,0.014386948981994906,0.0,0.0,0.0,0.0,0.0,0.0,False
weak7_min,0.6,6,90,0.8059701492537313,0.014386948981994906,0.0,0.0,0.0,0.0,0.0,0.0,False
weak7_min,0.6,6,180,0.8059701492537313,0.014386948981994906,0.0,0.0,0.0,0.0,0.0,0.0,False
weak7_min,0.7,2,90,0.8059701492537313,0.014386948981994906,0.0,0.0,0.0,0.0,0.0,0.0,False
weak7_min,0.7,2,180,0.8059701492537313,0.014386948981994906,0.0,0.0,0.0,0.0,0.0,0.0,False
weak7_min,0.7,3,90,0.8059701492537313,0.014386948981994906,0.0,0.0,0.0,0.0,0.0,0.0,False
weak7_min,0.7,3,180,0.8059701492537313,0.014386948981994906,0.0,0.0,0.0,0.0,0.0,0.0,False
weak7_min,0.7,4,90,0.8059701492537313,0.014386948981994906,0.0,0.0,0.0,0.0,0.0,0.0,False
weak7_min,0.7,4,180,0.8059701492537313,0.014386948981994906,0.0,0.0,0.0,0.0,0.0,0.0,False
weak7_min,0.7,6,90,0.8059701492537313,0.014386948981994906,0.0,0.0,0.0,0.0,0.0,0.0,False
weak7_min,0.7,6,180,0.8059701492537313,0.014386948981994906,0.0,0.0,0.0,0.0,0.0,0.0,False
weak7_min,0.8,2,90,0.8059701492537313,0.014386948981994906,0.0,0.0,0.0,0.0,0.0,0.0,False
weak7_min,0.8,2,180,0.8059701492537313,0.014386948981994906,0.0,0.0,0.0,0.0,0.0,0.0,False
weak7_min,0.8,3,90,0.8059701492537313,0.014386948981994906,0.0,0.0,0.0,0.0,0.0,0.0,False
weak7_min,0.8,3,180,0.8059701492537313,0.014386948981994906,0.0,0.0,0.0,0.0,0.0,0.0,False
weak7_min,0.8,4,90,0.8059701492537313,0.014386948981994906,0.0,0.0,0.0,0.0,0.0,0.0,False
weak7_min,0.8,4,180,0.8059701492537313,0.014386948981994906,0.0,0.0,0.0,0.0,0.0,0.0,False
weak7_min,0.8,6,90,0.8059701492537313,0.014386948981994906,0.0,0.0,0.0,0.0,0.0,0.0,False
weak7_min,0.8,6,180,0.8059701492537313,0.014386948981994906,0.0,0.0,0.0,0.0,0.0,0.0,False
weak7_geom,0.1,2,90,0.023654513888888888,0.6648825708107645,-0.47294187409112093,-0.30703558656361213,-0.5710543248460337,-0.5701828851772348,0.8333333333333333,0.8333333333333333,False
weak7_geom,0.1,2,180,0.02280481235410307,0.8508852683636987,-0.4824226305609285,-0.3123313219998937,-0.5814210609445158,-0.5782845590725758,0.8333333333333334,0.875,False
weak7_geom,0.1,3,90,0.02629416598192276,0.44572984008166033,-0.45020276184861646,-0.2936044617506946,-0.5555891137286487,-0.5502156992343159,0.5,0.6666666666666666,False
weak7_geom,0.1,3,180,0.024638336347197108,0.5757060224566178,-0.46191397255227046,-0.3006626853061128,-0.5639731966890028,-0.5637793154313362,0.5,0.7083333333333333,False
weak7_geom,0.1,4,90,0.028533510285335104,0.329363729159578,-0.4288664673106297,-0.2813117902179424,-0.5395170631738395,-0.5288863206335729,0.5,0.6666666666666666,False
weak7_geom,0.1,4,180,0.02623667668761957,0.41919020074855384,-0.4417208323591303,-0.28941217617775655,-0.549689330729629,-0.5454862553341355,0.5,0.7083333333333333,False
weak7_geom,0.1,6,90,0.033501606241395136,0.20619258251105815,-0.38991579529093534,-0.25840773198715594,-0.5161555875694588,-0.49215726628169276,0.4166666666666667,0.45833333333333337,False
weak7_geom,0.1,6,180,0.0300187617260788,0.2742429397754338,-0.4053683284153855,-0.26855316095974063,-0.536314032950151,-0.5173663776388959,0.4166666666666667,0.45833333333333337,False
weak7_geom,0.15,2,90,0.07507218479307026,0.29390481491789594,-0.3266649216617433,-0.1985069661505495,-0.5174716756112105,-0.5170767126170683,0.5,0.6666666666666666,False
weak7_geom,0.15,2,180,0.06487695749440715,0.3637842814018712,-0.3426068863682127,-0.21152721353148574,-0.5358479269570423,-0.5340322410509324,0.5,0.7083333333333333,False
weak7_geom,0.15,3,90,0.10274963820549927,0.16442227407994178,-0.25576138764679873,-0.15014081510037458,-0.46848095002474033,-0.4575137039019159,0.5,0.5,False
weak7_geom,0.15,3,180,0.08603351955307263,0.20141728574792866,-0.26988874538327334,-0.16410964876980627,-0.4986908978900355,-0.4864751944602451,0.5,0.5,False
weak7_geom,0.15,4,90,0.13253012048192772,0.10173628208696398,-0.1961648862190395,-0.10979747723097835,-0.4292125662994697,-0.3978969907371176,0.4166666666666667,0.45833333333333337,False
weak7_geom,0.15,4,180,0.107981220657277,0.12249064307587613,-0.2060470324748041,-0.12354441323331199,-0.46576227390180885,-0.4289595683234535,0.4166666666666667,0.45833333333333337,False
weak7_geom,0.15,6,90,0.21978021978021978,0.054464878288980716,-0.11533765032377435,-0.04867053912113303,-0.33014135886912915,-0.2831439957175995,0.08333333333333333,0.2916666666666667,False
weak7_geom,0.15,6,180,0.1744186046511628,0.061658352779978165,-0.12068657250134102,-0.06226835721907045,-0.37514296606938624,-0.3194787914125897,0.08333333333333333,0.2916666666666667,False
weak7_geom,0.2,2,90,0.17567567567567569,0.1510629643109465,-0.18236653362542393,-0.08926563110625334,-0.4339025932953827,-0.4315575797974262,0.4166666666666667,0.45833333333333337,False
weak7_geom,0.2,2,180,0.15065502183406113,0.1767539446359374,-0.19478894072135627,-0.10105884150964516,-0.4571857250026793,-0.45701029582538016,0.5,0.5,False
weak7_geom,0.2,3,90,0.26141078838174275,0.08529405467896979,-0.10653047678749222,-0.03305864180077765,-0.35010570824524323,-0.3412373607121427,0.08333333333333333,0.2916666666666667,False
weak7_geom,0.2,3,180,0.23049645390070922,0.09351516838296689,-0.11318862382692174,-0.0407767508097487,-0.3909107047754306,-0.3707193041222553,0.08333333333333333,0.2916666666666667,False
weak7_geom,0.2,4,90,0.3583815028901734,0.05652015671497999,-0.048776385501639985,0.009445790280594807,-0.2790697674418606,-0.2617710122148811,0.08333333333333333,0.2916666666666667,False
weak7_geom,0.2,4,180,0.328125,0.06063071356697853,-0.05407973559181989,0.004035605151707103,-0.318936877076412,-0.2895204593465293,0.08333333333333333,0.2916666666666667,False
weak7_geom,0.2,6,90,0.5959595959595959,0.03185681560298872,0.018635363169479002,0.05844797544817942,-0.14563476934807484,-0.12940001772725868,0.08333333333333333,0.2916666666666667,False
weak7_geom,0.2,6,180,0.5841584158415841,0.032884454815988354,0.015920930911923592,0.05641216160133031,-0.15303825956489125,-0.13672349321796068,0.08333333333333333,0.2916666666666667,False
weak7_geom,0.25,2,90,0.3333333333333333,0.08632169389196943,-0.08983879035050601,-0.029105386090863813,-0.3347680535628885,-0.32234118712416154,0.08333333333333333,0.2916666666666667,False
weak7_geom,0.25,2,180,0.30857142857142855,0.09762572523496543,-0.10263709919089009,-0.034259081247952586,-0.3587942639742464,-0.3415357974946216,0.16666666666666669,0.33333333333333337,False
weak7_geom,0.25,3,90,0.49504950495049505,0.04932668222398253,-0.030899620376092618,0.011470785478853315,-0.213657876943881,-0.20915451986728936,0.08333333333333333,0.2916666666666667,False
weak7_geom,0.25,3,180,0.4636363636363636,0.05343723907598107,-0.0375828392047437,0.00794989029421525,-0.23184658478776132,-0.22905968460004036,0.08333333333333333,0.2916666666666667,False
weak7_geom,0.25,4,90,0.6323529411764706,0.03802265088098653,0.004007251216486929,0.03462668948938946,-0.1537667698658411,-0.13782965598344185,0.08333333333333333,0.2916666666666667,False
weak7_geom,0.25,4,180,0.6231884057971014,0.04007792930698581,0.00014215988248111877,0.03142508363914981,-0.1659125188536953,-0.15577364410088507,0.08333333333333333,0.2916666666666667,False
weak7_geom,0.25,6,90,0.7621951219512195,0.02363570189899163,0.04129546169164655,0.0542951876538455,-0.046805819101834345,-0.021380664859309506,0.08333333333333333,0.2916666666666667,False
weak7_geom,0.25,6,180,0.7621951219512195,0.02363570189899163,0.04129546169164655,0.0542951876538455,-0.046805819101834345,-0.021380664859309506,0.08333333333333333,0.2916666666666667,False
weak7_geom,0.3,2,90,0.45,0.05754779592797962,-0.03131019036954097,-0.00043805533350543824,-0.2485036119711042,-0.2321329429364565,0.08333333333333333,0.2916666666666667,False
weak7_geom,0.3,2,180,0.43636363636363634,0.06268599199297781,-0.03696808510638305,0.0012315062192738008,-0.26745098039215687,-0.24374337928373502,0.16666666666666669,0.33333333333333337,False
weak7_geom,0.3,3,90,0.6197183098591549,0.03185681560298872,0.0042356185973206895,0.022823241940847297,-0.12189254210104261,-0.11752890410374256,0.08333333333333333,0.2916666666666667,False
weak7_geom,0.3,3,180,0.6081081081081081,0.032884454815988354,0.0028991204363421064,0.023842445071184062,-0.13798449612403108,-0.1291966114975306,0.08333333333333333,0.2916666666666667,False
weak7_geom,0.3,4,90,0.7134502923976608,0.026718619537990537,0.016330946370614496,0.030750345312306665,-0.07360482654600298,-0.05341370895406461,0.08333333333333333,0.2916666666666667,False
weak7_geom,0.3,4,180,0.7134502923976608,0.026718619537990537,0.016330946370614496,0.030750345312306665,-0.07360482654600298,-0.05341370895406461,0.08333333333333333,0.2916666666666667,False
weak7_geom,0.3,6,90,0.7880794701986755,0.018497505833993448,0.031129879270207272,0.035197077544908154,-0.02030812324929976,-0.001368531908887638,0.08333333333333333,0.20833333333333334,False
weak7_geom,0.3,6,180,0.7880794701986755,0.018497505833993448,0.031129879270207272,0.035197077544908154,-0.02030812324929976,-0.001368531908887638,0.08333333333333333,0.20833333333333334,False
weak7_geom,0.35,2,90,0.4861111111111111,0.03802265088098653,-0.014835057583447275,-0.010139864946080823,-0.17411764705882354,-0.1598762082034492,0.08333333333333333,0.20833333333333334,False
weak7_geom,0.35,2,180,0.475,0.04007792930698581,-0.017390459535606806,-0.0056739748503041865,-0.18589253883371532,-0.1679991235394793,0.16666666666666669,0.25,False
weak7_geom,0.35,3,90,0.6296296296296297,0.02363570189899163,-0.002104848723462255,0.0022704338114695882,-0.07634927599824493,-0.07321160360503698,0.08333333333333333,0.20833333333333334,False
weak7_geom,0.35,3,180,0.625,0.02363570189899163,0.002274301894749503,0.004460009120575467,-0.08613264427217926,-0.07810328774200415,0.08333333333333333,0.20833333333333334,False
weak7_geom,0.35,4,90,0.7391304347826086,0.02158042347299236,-0.0025677736624233616,0.006767430417085649,-0.05117979395147887,-0.04530678271891442,0.0,0.16666666666666669,False
weak7_geom,0.35,4,180,0.7391304347826086,0.02158042347299236,-0.0025677736624233616,0.006767430417085649,-0.05117979395147887,-0.04530678271891442,0.0,0.16666666666666669,False
weak7_geom,0.35,6,90,0.7905405405405406,0.017469866620993812,-0.0005193088471343588,0.012506303023241294,-0.01374207188160681,-0.01150561704597275,0.0,0.16666666666666669,False
weak7_geom,0.35,6,180,0.7905405405405406,0.017469866620993812,-0.0005193088471343588,0.012506303023241294,-0.01374207188160681,-0.01150561704597275,0.0,0.16666666666666669,False
weak7_geom,0.4,2,90,0.6,0.02877389796398981,-0.007973903588256614,-0.0041163714762736114,-0.13192389006342503,-0.12211167765203337,0.0,0.16666666666666669,False
weak7_geom,0.4,2,180,0.603448275862069,0.029801537176989447,-0.0016525511258005388,-0.00018957144305008222,-0.14036544850498345,-0.1301768711649881,0.0,0.16666666666666669,False
weak7_geom,0.4,3,90,0.7548387096774194,0.019525145046993087,-0.0020599250936329805,0.006446322355911402,-0.0514596734289956,-0.04120971287548847,0.0,0.16666666666666669,False
weak7_geom,0.4,3,180,0.7548387096774194,0.019525145046993087,0.0029723925425627906,0.008962481174009287,-0.0514596734289956,-0.04120971287548847,0.0,0.16666666666666669,False
weak7_geom,0.4,4,90,0.7785234899328859,0.017469866620993812,0.0,0.00944114926266526,-0.009269162210338688,-0.004634581105169344,0.0,0.16666666666666669,False
weak7_geom,0.4,4,180,0.7785234899328859,0.017469866620993812,0.0,0.00944114926266526,-0.009269162210338688,-0.004634581105169344,0.0,0.16666666666666669,False
weak7_geom,0.4,6,90,0.7972027972027972,0.016442227407994177,0.0,0.008869853550704576,0.0,0.001089324618736398,0.0,0.16666666666666669,True
weak7_geom,0.4,6,180,0.7972027972027972,0.016442227407994177,0.0,0.008869853550704576,0.0,0.001089324618736398,0.0,0.16666666666666669,True
weak7_geom,0.5,2,90,0.7333333333333333,0.019525145046993087,-0.0030728164380160183,0.004736042734293969,-0.07403891789273853,-0.052499335107359935,0.0,0.16666666666666669,False
weak7_geom,0.5,2,180,0.717391304347826,0.019525145046993087,-0.0035750766087844776,0.004484912648909739,-0.08465116279069773,-0.057805457556339535,0.0,0.16666666666666669,False
weak7_geom,0.5,3,90,0.8115942028985508,0.015414588194994541,0.0,0.007502799552071615,0.0,0.007029226785053688,0.0,0.16666666666666669,True
weak7_geom,0.5,3,180,0.8115942028985508,0.015414588194994541,0.0,0.007502799552071615,0.0,0.007029226785053688,0.0,0.16666666666666669,True
weak7_geom,0.5,4,90,0.8102189781021898,0.015414588194994541,0.0,0.005641946892718797,0.0,0.007029226785053688,0.0,0.16666666666666669,True
weak7_geom,0.5,4,180,0.8102189781021898,0.015414588194994541,0.0,0.005641946892718797,0.0,0.007029226785053688,0.0,0.16666666666666669,True
weak7_geom,0.5,6,90,0.8074074074074075,0.014386948981994906,0.0,0.0018906258818217614,0.0,0.013197586726998445,0.0,0.16666666666666669,True
weak7_geom,0.5,6,180,0.8074074074074075,0.014386948981994906,0.0,0.0018906258818217614,0.0,0.013197586726998445,0.0,0.16666666666666669,True
weak7_geom,0.6,2,90,0.8048780487804879,0.014386948981994906,-0.0010357165275249602,0.0013727676180592813,-0.026873385012919915,-0.00023910577946151257,0.0,0.16666666666666669,False
weak7_geom,0.6,2,180,0.7857142857142857,0.014386948981994906,-0.0015492472849050198,0.0011160022393692515,-0.03943377148634997,-0.0065192990161765385,0.0,0.16666666666666669,False
weak7_geom,0.6,3,90,0.8059701492537313,0.014386948981994906,0.0,0.0,0.0,0.0,0.0,0.0,False
weak7_geom,0.6,3,180,0.8059701492537313,0.014386948981994906,0.0,0.0,0.0,0.0,0.0,0.0,False
weak7_geom,0.6,4,90,0.8059701492537313,0.014386948981994906,0.0,0.0,0.0,0.0,0.0,0.0,False
weak7_geom,0.6,4,180,0.8059701492537313,0.014386948981994906,0.0,0.0,0.0,0.0,0.0,0.0,False
weak7_geom,0.6,6,90,0.8059701492537313,0.014386948981994906,0.0,0.0,0.0,0.0,0.0,0.0,False
weak7_geom,0.6,6,180,0.8059701492537313,0.014386948981994906,0.0,0.0,0.0,0.0,0.0,0.0,False
weak7_geom,0.7,2,90,0.8059701492537313,0.014386948981994906,-0.0005193088471343588,-0.0002596544235671794,-0.01374207188160681,-0.006871035940803405,0.0,0.0,False
weak7_geom,0.7,2,180,0.8048780487804879,0.014386948981994906,-0.0010357165275249602,-0.0005178582637624801,-0.026873385012919915,-0.013436692506459957,0.0,0.0,False
weak7_geom,0.7,3,90,0.8059701492537313,0.014386948981994906,0.0,0.0,0.0,0.0,0.0,0.0,False
weak7_geom,0.7,3,180,0.8059701492537313,0.014386948981994906,0.0,0.0,0.0,0.0,0.0,0.0,False
weak7_geom,0.7,4,90,0.8059701492537313,0.014386948981994906,0.0,0.0,0.0,0.0,0.0,0.0,False
weak7_geom,0.7,4,180,0.8059701492537313,0.014386948981994906,0.0,0.0,0.0,0.0,0.0,0.0,False
weak7_geom,0.7,6,90,0.8059701492537313,0.014386948981994906,0.0,0.0,0.0,0.0,0.0,0.0,False
weak7_geom,0.7,6,180,0.8059701492537313,0.014386948981994906,0.0,0.0,0.0,0.0,0.0,0.0,False
weak7_geom,0.8,2,90,0.8059701492537313,0.014386948981994906,0.0,0.0,0.0,0.0,0.0,0.0,False
weak7_geom,0.8,2,180,0.8059701492537313,0.014386948981994906,0.0,0.0,0.0,0.0,0.0,0.0,False
weak7_geom,0.8,3,90,0.8059701492537313,0.014386948981994906,0.0,0.0,0.0,0.0,0.0,0.0,False
weak7_geom,0.8,3,180,0.8059701492537313,0.014386948981994906,0.0,0.0,0.0,0.0,0.0,0.0,False
weak7_geom,0.8,4,90,0.8059701492537313,0.014386948981994906,0.0,0.0,0.0,0.0,0.0,0.0,False
weak7_geom,0.8,4,180,0.8059701492537313,0.014386948981994906,0.0,0.0,0.0,0.0,0.0,0.0,False
weak7_geom,0.8,6,90,0.8059701492537313,0.014386948981994906,0.0,0.0,0.0,0.0,0.0,0.0,False
weak7_geom,0.8,6,180,0.8059701492537313,0.014386948981994906,0.0,0.0,0.0,0.0,0.0,0.0,False
weak7_blend,0.1,2,90,0.011811023622047244,1.1930891262925776,-0.5447525056525837,-0.35343477184719196,-0.5941731101758507,-0.5898400644112022,0.8333333333333333,0.8333333333333333,False
weak7_blend,0.1,2,180,0.011507389162561577,1.649360936864416,-0.5475248328412423,-0.35509364006038485,-0.6031496438186453,-0.5953130267482095,0.8333333333333334,0.875,False
weak7_blend,0.1,3,90,0.012390189407403647,1.0266115737866364,-0.5429310367291632,-0.35196824452958897,-0.5889894419306184,-0.5851604944045539,0.8333333333333333,0.8333333333333333,False
weak7_blend,0.1,3,180,0.011888701517706577,1.4756899098674774,-0.5461752156741521,-0.35405232375023055,-0.6003690575756369,-0.5930526686699766,0.8333333333333334,0.875,False
weak7_blend,0.1,4,90,0.012854030501089325,0.8447194330857009,-0.5410414425903284,-0.3505814882181296,-0.5811010383295845,-0.5789302433000919,0.8333333333333333,0.8333333333333333,False
weak7_blend,0.1,4,180,0.012222968435191404,1.2855766554625447,-0.5447671289797132,-0.35302827775772794,-0.5964912280701754,-0.5897140525732938,0.8333333333333334,0.875,False
weak7_blend,0.1,6,90,0.013653136531365314,0.6525509002547689,-0.5378543874946369,-0.34823177373597203,-0.5711546840958606,-0.5708003077491142,0.5,0.6666666666666666,False
weak7_blend,0.1,6,180,0.012783525666534023,1.0225010169346378,-0.5423195680133335,-0.35127132923797466,-0.5907360045467462,-0.5856964065339302,0.5,0.6666666666666666,False
weak7_blend,0.15,2,90,0.017105372415511085,1.1756192596715838,-0.5288572668620557,-0.34045859597784434,-0.5936957061305534,-0.5885881293547726,0.8333333333333333,0.8333333333333333,False
weak7_blend,0.15,2,180,0.015276734284998747,1.5918131409364362,-0.5364419089479111,-0.3459381497135913,-0.6022937476877543,-0.5939304705064017,0.8333333333333334,0.875,False
weak7_blend,0.15,3,90,0.018332066869300914,0.920764734847674,-0.524030348271155,-0.3369155838930902,-0.5847615460271622,-0.5807719281794218,0.8333333333333333,0.8333333333333333,False
weak7_blend,0.15,3,180,0.015882967607105537,1.3235993063435312,-0.5333587223998527,-0.34383618670566685,-0.5973531624839552,-0.5898584676226637,0.8333333333333334,0.875,False
weak7_blend,0.15,4,90,0.019169329073482427,0.7183198098867456,-0.5189451708878167,-0.333625895403245,-0.5733969263381028,-0.5712787418504128,0.8333333333333333,0.8333333333333333,False
weak7_blend,0.15,4,180,0.016310590397427063,1.1026568755486095,-0.5300140029205432,-0.3417795876115538,-0.591544337663252,-0.5845360086138414,0.8333333333333334,0.875,False
weak7_blend,0.15,6,90,0.02092426187419769,0.5076537712218202,-0.5100093956476935,-0.3275952458729041,-0.5563127942106373,-0.5563013629568279,0.5,0.5,False
weak7_blend,0.15,6,180,0.0171886249100072,0.796420390074718,-0.5237928439488267,-0.3378811778831454,-0.5808252135209913,-0.5768336155912321,0.5,0.5,False
weak7_blend,0.2,2,90,0.026881720430107527,0.8991843113746816,-0.4950754603775327,-0.3147535111365911,-0.5837828581214145,-0.578720200975655,0.8333333333333333,0.8333333333333333,False
weak7_blend,0.2,2,180,0.021227452705675318,1.3112676357875357,-0.5159128401453709,-0.3301407738052461,-0.5970789226852472,-0.5878948741257806,0.8333333333333334,0.875,False
weak7_blend,0.2,3,90,0.029393106364982026,0.6145282493737824,-0.4808668159366316,-0.3055834656399836,-0.5648531713154745,-0.5614644958202094,0.8333333333333333,0.8333333333333333,False
weak7_blend,0.2,3,180,0.022153924958381355,0.9947547581836478,-0.5078938826098505,-0.325353883095322,-0.5878077692920577,-0.579821866732224,0.8333333333333334,0.875,False
weak7_blend,0.2,4,90,0.031042128603104215,0.4161938812648526,-0.467602598930552,-0.2977045100315928,-0.5414541367683929,-0.5396095092529206,0.8333333333333333,0.8333333333333333,False
weak7_blend,0.2,4,180,0.02261783160659565,0.7491489862767347,-0.49993392361569977,-0.3210457388595478,-0.5755029284441049,-0.5689893652622404,0.8333333333333334,0.875,False
weak7_blend,0.2,6,90,0.03298774740810556,0.2815731443619003,-0.4463737825523555,-0.2858835204896609,-0.5147635223412595,-0.5105976972265809,0.5,0.5,False
weak7_blend,0.2,6,180,0.022335209733067005,0.5035432143698216,-0.48577067000248036,-0.31446245872021783,-0.5557528671846097,-0.5528515876372264,0.5,0.5,False
weak7_blend,0.25,2,90,0.04965662968832541,0.4048898499218566,-0.39723869643560344,-0.24878204077970117,-0.5405229062776717,-0.5380099318406615,0.5,0.6666666666666667,False
weak7_blend,0.25,2,180,0.03591250408096637,0.6484403434027703,-0.4403167558630292,-0.2803106284467729,-0.5679271708683473,-0.5642112447516004,0.5833333333333333,0.7083333333333333,False
weak7_blend,0.25,3,90,0.05547850208044383,0.2579374424629087,-0.3615511227217131,-0.22799180399105373,-0.5082656206220231,-0.5025662042871587,0.5,0.5,False
weak7_blend,0.25,3,180,0.038331929233361414,0.4223597165428504,-0.41009905011168524,-0.26392972914855284,-0.5431937741837312,-0.5409767320531059,0.5,0.5416666666666666,False
weak7_blend,0.25,4,90,0.06044905008635579,0.16031171722794324,-0.3280789602125852,-0.20927848220113168,-0.4750965069202524,-0.4589660513485123,0.5,0.5,False
weak7_blend,0.25,4,180,0.04045643153526971,0.2754073090839025,-0.3795694585530802,-0.2477374832116268,-0.5127592708988059,-0.5114732038213772,0.5,0.5416666666666666,False
weak7_blend,0.25,6,90,0.07625,0.10995739579096106,-0.2785717568126465,-0.17737194360906333,-0.42607973421926915,-0.4034776860728363,0.4166666666666667,0.45833333333333337,False
weak7_blend,0.25,6,180,0.04747991234477721,0.17264338778393887,-0.3286384099527395,-0.21846304652674498,-0.48465116279069775,-0.46909454985229687,0.4166666666666667,0.45833333333333337,False
weak7_blend,0.3,2,90,0.20955882352941177,0.1140679526429596,-0.1367684045952009,-0.0643066379626965,-0.3941248470012241,-0.39078791369669047,0.08333333333333333,0.2916666666666667,False
weak7_blend,0.3,2,180,0.17847025495750707,0.14592476824594833,-0.15792451051258688,-0.07762903372350793,-0.42855595276784747,-0.42624211199614004,0.16666666666666669,0.33333333333333337,False
weak7_blend,0.3,3,90,0.29891304347826086,0.06987946648397525,-0.07919398302698794,-0.02251318160522063,-0.31298449612403106,-0.3019934391926734,0.08333333333333333,0.2916666666666667,False
weak7_blend,0.3,3,180,0.2532188841201717,0.08221113703997089,-0.0924536966171744,-0.03165075024934308,-0.35686355217122867,-0.3408967620800121,0.08333333333333333,0.2916666666666667,False
weak7_blend,0.3,4,90,0.40601503759398494,0.04521612537198399,-0.03747019927128792,0.008568271150872886,-0.2210895189550814,-0.20740277979410104,0.08333333333333333,0.2916666666666667,False
weak7_blend,0.3,4,180,0.3393939393939394,0.05240959986298144,-0.04900983663387792,-0.0010189749163142248,-0.27131782945736443,-0.24938440492476063,0.08333333333333333,0.2916666666666667,False
weak7_blend,0.3,6,90,0.5909090909090909,0.02877389796398981,0.007092198581560183,0.03924453180569201,-0.11342309261525918,-0.10178032008579757,0.08333333333333333,0.2916666666666667,False
weak7_blend,0.3,6,180,0.49523809523809526,0.03391209402898799,-0.004353142577647406,0.02834954831285902,-0.14563476934807484,-0.13654287487011585,0.08333333333333333,0.2916666666666667,False
weak7_blend,0.35,2,90,0.4946236559139785,0.04213320773298508,-0.026153478364809968,0.00642175355533138,-0.19885406134142236,-0.18815252086678957,0.08333333333333333,0.2916666666666667,False
weak7_blend,0.35,2,180,0.47572815533980584,0.048299043010982895,-0.03464507625682556,0.006647499324770739,-0.20991432068543464,-0.20938032495740042,0.16666666666666669,0.33333333333333337,False
weak7_blend,0.35,3,90,0.6470588235294118,0.0256909803249909,0.0010714832389406848,0.022124826691701474,-0.12189254210104261,-0.1048304914053299,0.08333333333333333,0.20833333333333334,False
weak7_blend,0.35,3,180,0.6338028169014085,0.027746258750990176,-0.0016757223378865982,0.022444891060872524,-0.13798449612403108,-0.12117927671963247,0.08333333333333333,0.20833333333333334,False
weak7_blend,0.35,4,90,0.7300613496932515,0.022608062685991994,0.013186235881271324,0.027104035896963835,-0.0607843137254902,-0.058207934336525324,0.08333333333333333,0.20833333333333334,False
weak7_blend,0.35,4,180,0.7300613496932515,0.022608062685991994,0.013186235881271324,0.02679971453360412,-0.06618962432915931,-0.06348696902732476,0.08333333333333333,0.20833333333333334,False
weak7_blend,0.35,6,90,0.785234899328859,0.018497505833993448,0.023997388039396994,0.024565222700952183,-0.02030812324929976,0.005702175161819478,0.08333333333333333,0.20833333333333334,False
weak7_blend,0.35,6,180,0.785234899328859,0.018497505833993448,0.023997388039396994,0.024565222700952183,-0.02030812324929976,0.005702175161819478,0.08333333333333333,0.20833333333333334,False
weak7_blend,0.4,2,90,0.55,0.029801537176989447,-0.010326945429618817,-0.005989748277709678,-0.1485108119135048,-0.13424955286924878,0.0,0.16666666666666669,False
weak7_blend,0.4,2,180,0.5555555555555556,0.03185681560298872,-0.004419775927639091,-0.0028012540194079644,-0.15637530072173217,-0.1455363289627416,0.0,0.16666666666666669,False
weak7_blend,0.4,3,90,0.717391304347826,0.019525145046993087,-0.0035750766087844776,0.005688746598335653,-0.07403891789273853,-0.052499335107359935,0.0,0.16666666666666669,False
weak7_blend,0.4,3,180,0.723404255319149,0.019525145046993087,0.0014199283862205148,0.00818624909583815,-0.07403891789273853,-0.052499335107359935,0.0,0.16666666666666669,False
weak7_blend,0.4,4,90,0.7785234899328859,0.017469866620993812,-0.0005193088471343588,0.009181494839098081,-0.01374207188160681,-0.01150561704597275,0.0,0.16666666666666669,False
weak7_blend,0.4,4,180,0.7785234899328859,0.017469866620993812,-0.0005193088471343588,0.009181494839098081,-0.01374207188160681,-0.01150561704597275,0.0,0.16666666666666669,False
weak7_blend,0.4,6,90,0.7972027972027972,0.016442227407994177,0.0,0.008869853550704576,0.0,0.001089324618736398,0.0,0.16666666666666669,True
weak7_blend,0.4,6,180,0.7972027972027972,0.016442227407994177,0.0,0.008869853550704576,0.0,0.001089324618736398,0.0,0.16666666666666669,True
weak7_blend,0.5,2,90,0.7674418604651163,0.018497505833993448,-0.0020599250936329805,0.0015532272759711113,-0.0514596734289956,-0.03588389833914768,0.0,0.16666666666666669,False
weak7_blend,0.5,2,180,0.75,0.018497505833993448,-0.0025677736624233616,0.0012993029915759208,-0.06298449612403112,-0.04164630968666544,0.0,0.16666666666666669,False
weak7_blend,0.5,3,90,0.8088235294117647,0.014386948981994906,0.0,0.003771248452099474,0.0,0.013197586726998445,0.0,0.16666666666666669,True
weak7_blend,0.5,3,180,0.8088235294117647,0.014386948981994906,0.0,0.003771248452099474,0.0,0.013197586726998445,0.0,0.16666666666666669,True
weak7_blend,0.5,4,90,0.8074074074074075,0.014386948981994906,0.0,0.0018906258818217614,0.0,0.013197586726998445,0.0,0.16666666666666669,True
weak7_blend,0.5,4,180,0.8074074074074075,0.014386948981994906,0.0,0.0018906258818217614,0.0,0.013197586726998445,0.0,0.16666666666666669,True
weak7_blend,0.5,6,90,0.8059701492537313,0.014386948981994906,0.0,0.0,0.0,0.0,0.0,0.0,False
weak7_blend,0.5,6,180,0.8059701492537313,0.014386948981994906,0.0,0.0,0.0,0.0,0.0,0.0,False
weak7_blend,0.6,2,90,0.8048780487804879,0.014386948981994906,-0.0010357165275249602,-0.0005178582637624801,-0.026873385012919915,-0.013436692506459957,0.0,0.0,False
weak7_blend,0.6,2,180,0.7857142857142857,0.014386948981994906,-0.0015492472849050198,-0.0007746236424525099,-0.03943377148634997,-0.019716885743174983,0.0,0.0,False
weak7_blend,0.6,3,90,0.8059701492537313,0.014386948981994906,0.0,0.0,0.0,0.0,0.0,0.0,False
weak7_blend,0.6,3,180,0.8059701492537313,0.014386948981994906,0.0,0.0,0.0,0.0,0.0,0.0,False
weak7_blend,0.6,4,90,0.8059701492537313,0.014386948981994906,0.0,0.0,0.0,0.0,0.0,0.0,False
weak7_blend,0.6,4,180,0.8059701492537313,0.014386948981994906,0.0,0.0,0.0,0.0,0.0,0.0,False
weak7_blend,0.6,6,90,0.8059701492537313,0.014386948981994906,0.0,0.0,0.0,0.0,0.0,0.0,False
weak7_blend,0.6,6,180,0.8059701492537313,0.014386948981994906,0.0,0.0,0.0,0.0,0.0,0.0,False
weak7_blend,0.7,2,90,0.8059701492537313,0.014386948981994906,-0.0005193088471343588,-0.0002596544235671794,-0.01374207188160681,-0.006871035940803405,0.0,0.0,False
weak7_blend,0.7,2,180,0.8048780487804879,0.014386948981994906,-0.0010357165275249602,-0.0005178582637624801,-0.026873385012919915,-0.013436692506459957,0.0,0.0,False
weak7_blend,0.7,3,90,0.8059701492537313,0.014386948981994906,0.0,0.0,0.0,0.0,0.0,0.0,False
weak7_blend,0.7,3,180,0.8059701492537313,0.014386948981994906,0.0,0.0,0.0,0.0,0.0,0.0,False
weak7_blend,0.7,4,90,0.8059701492537313,0.014386948981994906,0.0,0.0,0.0,0.0,0.0,0.0,False
weak7_blend,0.7,4,180,0.8059701492537313,0.014386948981994906,0.0,0.0,0.0,0.0,0.0,0.0,False
weak7_blend,0.7,6,90,0.8059701492537313,0.014386948981994906,0.0,0.0,0.0,0.0,0.0,0.0,False
weak7_blend,0.7,6,180,0.8059701492537313,0.014386948981994906,0.0,0.0,0.0,0.0,0.0,0.0,False
weak7_blend,0.8,2,90,0.8059701492537313,0.014386948981994906,0.0,0.0,0.0,0.0,0.0,0.0,False
weak7_blend,0.8,2,180,0.8059701492537313,0.014386948981994906,0.0,0.0,0.0,0.0,0.0,0.0,False
weak7_blend,0.8,3,90,0.8059701492537313,0.014386948981994906,0.0,0.0,0.0,0.0,0.0,0.0,False
weak7_blend,0.8,3,180,0.8059701492537313,0.014386948981994906,0.0,0.0,0.0,0.0,0.0,0.0,False
weak7_blend,0.8,4,90,0.8059701492537313,0.014386948981994906,0.0,0.0,0.0,0.0,0.0,0.0,False
weak7_blend,0.8,4,180,0.8059701492537313,0.014386948981994906,0.0,0.0,0.0,0.0,0.0,0.0,False
weak7_blend,0.8,6,90,0.8059701492537313,0.014386948981994906,0.0,0.0,0.0,0.0,0.0,0.0,False
weak7_blend,0.8,6,180,0.8059701492537313,0.014386948981994906,0.0,0.0,0.0,0.0,0.0,0.0,False
