station_id,station_name,climate_zone,cluster,evaluation_role,latitude,longitude,elevation_m,icao,is_benchmark,is_active_2024_plus,is_active_2020_plus,BEGIN,END
43279099999,Chennai Intl,Central Plateau,chennai,development,12.994,80.181,15.8,VOMM,1,1,1,19440101,20250824
43278099999,Numgambakkam,Central Plateau,chennai,development,13.067,80.2,7.0,,1,1,1,19870110,20250824
43181099999,Vijayawada,Central Plateau,hyderabad,development,16.53,80.797,25.0,VOBZ,1,1,1,19730103,20250824
43321099999,Coimbatore,Coastal Plains,bengaluru,development,11.031,77.044,403.6,VOCB,1,1,1,19730101,20250824
43329099999,Cuddalore,Coastal Plains,chennai,development,11.767,79.767,12.0,,1,1,1,19440101,20250824
43331099999,M.O. Pondicherry,Coastal Plains,chennai,station_holdout,11.967,79.817,38.0,,1,1,1,20090204,20250824
43295099999,Bangalore,Deccan Plateau,bengaluru,development,12.967,77.583,921.0,,1,1,1,19730101,20250824
43302599999,Bangalore / Hal Airport Bengaluru,Deccan Plateau,bengaluru,development,12.95,77.668,887.6,VOBG,1,1,1,20050507,20250824
42705699999,Bangaluru Intl Airport / Kempegowda Intl,Deccan Plateau,bengaluru,development,13.2,77.7,915.0,VOBL,1,1,1,20080721,20250824
43128099999,Begumpet Airport / Hyderabad Intl,Deccan Plateau,hyderabad,development,17.452,78.461,531.0,VOHY,1,1,1,19440101,20250824
43233099999,Chitradurga,Deccan Plateau,bengaluru,station_holdout,14.233,76.433,733.0,,1,1,1,19440101,20250824
43128599999,Hyderabad Intl Airport / Rajiv Gandhi Intl,Deccan Plateau,hyderabad,development,17.233,78.417,617.0,VOHS,1,1,1,20080721,20250824
43213099999,Kurnool,Deccan Plateau,hyderabad,development,15.8,78.067,281.0,,1,1,1,19440101,20250824
43284099999,Mangalore,Deccan Plateau,bengaluru,development,12.961,74.89,102.7,VOML,1,1,1,19730101,20250824
43021099999,Nanded,Deccan Plateau,hyderabad,development,19.083,77.333,358.0,,1,1,1,20151207,20250824
43245099999,Nellore,Deccan Plateau,chennai,development,14.45,79.983,20.0,,1,1,1,19440101,20250824
43086099999,Ramgundam,Deccan Plateau,hyderabad,station_holdout,18.767,79.433,156.0,,1,1,1,19730101,20250824
43275099999,Tirupathi,Deccan Plateau,chennai,development,13.667,79.583,105.0,,1,1,1,19860108,20250824
42189099999,Bareilly,Indo-Gangetic Plains,delhi,development,28.422,79.451,176.8,VIBY,1,1,1,19440101,20250824
42361099999,Gwalior,Indo-Gangetic Plains,delhi,development,26.293,78.228,188.1,VIGR,1,1,1,19440101,20250824
42181099999,Indira Gandhi Intl,Indo-Gangetic Plains,delhi,development,28.567,77.103,236.8,VIDP,1,1,1,19750307,20250824
42182099999,Safdarjung,Indo-Gangetic Plains,delhi,development,28.585,77.206,214.9,VIDD,1,1,1,19420702,20250824
42131099999,Hisar,Western Arid/Semi-Arid,delhi,station_holdout,29.179,75.755,213.4,VIHR,1,1,1,19440101,20250824
42348099999,Jaipur,Western Arid/Semi-Arid,delhi,development,26.824,75.812,385.0,VIJP,1,1,1,19440101,20250824
42933099999,Akola,Central Plateau,central_plateau,all_india_network,20.7,77.033,282.0,,0,1,1,19440101,20250824
42934099999,Akola,Central Plateau,central_plateau,all_india_network,20.699,77.059,304.5,VAAK,0,1,1,19730101,20241109
42693099999,Ambikapur,Central Plateau,central_plateau,all_india_network,23.167,83.25,611.0,,0,1,1,19730101,20250824
42937099999,Amraoti,Central Plateau,central_plateau,all_india_network,20.933,77.783,370.0,,0,1,1,19440101,20250824
42834099999,Amreli,Central Plateau,central_plateau,all_india_network,21.6,71.217,115.0,,0,1,1,19740517,20250824
43093099999,Bailadila,Central Plateau,central_plateau,all_india_network,18.583,81.233,1144.0,,0,1,1,19890521,20250212
42895099999,Balasore,Central Plateau,central_plateau,all_india_network,21.517,86.933,20.0,,0,1,1,19440101,20250824
42706099999,Bankura,Central Plateau,central_plateau,all_india_network,23.383,87.083,100.0,,0,1,1,20050225,20250824
43220099999,Bapatla,Central Plateau,central_plateau,all_india_network,15.9,80.467,6.0,,0,1,1,19790416,20250824
42894099999,Baripada,Central Plateau,central_plateau,all_india_network,21.933,86.767,54.0,,0,1,1,20090205,20250824
42860099999,Betul,Central Plateau,central_plateau,all_india_network,21.867,77.933,653.0,,0,1,1,19730101,20250824
43136099999,Bhadrachalam,Central Plateau,central_plateau,all_india_network,17.667,80.883,54.0,,0,1,1,19730104,20250824
42838099999,Bhaunagar,Central Plateau,central_plateau,all_india_network,21.75,72.2,5.0,,0,1,1,19730102,20250824
42080199999,Bhavnagar,Central Plateau,central_plateau,all_india_network,21.752,72.185,13.4,VABV,0,1,1,20110129,20250824
42667099999,Bhopal / Raja Bhoj,Central Plateau,central_plateau,all_india_network,23.287,77.337,524.0,VABP,0,1,1,19440101,20250824
42782099999,Bilaspur,Central Plateau,central_plateau,all_india_network,21.988,82.111,274.0,VABI,0,1,1,20110724,20250824
42701099999,Birsa Munda,Central Plateau,central_plateau,all_india_network,23.314,85.322,654.7,VERC,0,1,1,19440101,20250824
42946099999,Bramhapuri,Central Plateau,central_plateau,all_india_network,20.6,79.85,229.0,,0,1,1,19831018,20250824
42841099999,Broach,Central Plateau,central_plateau,all_india_network,21.733,73.0,17.0,,0,1,1,20011001,20240101
42931099999,Buldana,Central Plateau,central_plateau,all_india_network,20.533,76.233,650.0,,0,1,1,19730101,20250824
42709099999,Burdwan,Central Plateau,central_plateau,all_india_network,23.233,87.85,30.0,,0,1,1,19440101,20250824
42795099999,Chaibasa,Central Plateau,central_plateau,all_india_network,22.55,85.817,226.0,,0,1,1,19440101,20250824
42768099999,Chhindwara,Central Plateau,central_plateau,all_india_network,22.1,79.0,685.0,,0,1,1,20020814,20250824
42900099999,Contai,Central Plateau,central_plateau,all_india_network,21.783,87.75,11.0,,0,1,1,20020314,20250824
42674099999,Damoh,Central Plateau,central_plateau,all_india_network,23.833,79.45,371.0,,0,1,1,20040603,20250824
42901099999,Digha,Central Plateau,central_plateau,all_india_network,21.617,87.5,6.0,,0,1,1,20090204,20250824
42867099999,Dr Baba Saheb Ambedkar Intl,Central Plateau,central_plateau,all_india_network,21.092,79.047,314.9,VANP,0,1,1,19440101,20250824
42876099999,Durg,Central Plateau,central_plateau,all_india_network,21.183,81.283,293.0,,0,1,1,20020315,20250824
43194099999,Goa Intl,Central Plateau,central_plateau,all_india_network,15.381,73.831,56.1,VOGO,0,1,1,19730101,20250824
43192099999,Goa/Panjim,Central Plateau,central_plateau,all_india_network,15.483,73.817,58.4,,0,1,1,19730101,20250824
42871099999,Gondia Arpt/Birsi,Central Plateau,central_plateau,all_india_network,21.524,80.288,300.8,VAGD,0,1,1,19730101,20250824
42763099999,Hoshangabad,Central Plateau,central_plateau,all_india_network,22.767,77.767,302.0,,0,1,1,19440101,20250824
42675099999,Jabalpur,Central Plateau,central_plateau,all_india_network,23.178,80.052,495.0,VAJB,0,1,1,19440101,20250824
42851099999,Jalgaon,Central Plateau,central_plateau,all_india_network,21.05,75.567,201.0,,0,1,1,19440101,20250824
42798099999,Jamshedpur,Central Plateau,central_plateau,all_india_network,22.813,86.169,153.9,VEJS,0,1,1,19730101,20250824
42799099999,Jamshedpur,Central Plateau,central_plateau,all_india_network,22.817,86.183,129.0,,0,1,1,19450801,20250824
42790099999,Jashpurnagar,Central Plateau,central_plateau,all_india_network,22.883,84.133,771.0,,0,1,1,20011004,20240423
42886099999,Jharsuguda / Veer Surendra Sai,Central Plateau,central_plateau,all_india_network,21.914,84.05,228.9,VEJH,0,1,1,19570102,20250824
42891099999,Keongjhargarh,Central Plateau,central_plateau,all_india_network,21.617,85.517,463.0,,0,1,1,20010917,20250824
42832099999,Keshod,Central Plateau,central_plateau,all_india_network,21.317,70.317,50.0,,0,1,1,20010916,20250824
43137099999,Khammam,Central Plateau,central_plateau,all_india_network,17.25,80.15,112.0,,0,1,1,19440101,20250824
42855099999,Khandwa,Central Plateau,central_plateau,all_india_network,21.833,76.367,318.0,VAKD,0,1,1,19440101,20250824
42849099999,Khargone,Central Plateau,central_plateau,all_india_network,21.817,75.617,251.0,,0,1,1,20090205,20250824
43185099999,Machilipatnam/Franchpet,Central Plateau,central_plateau,all_india_network,16.2,81.15,3.0,,0,1,1,19540101,20250824
43111099999,Mahabaleshwar,Central Plateau,central_plateau,all_india_network,17.933,73.667,1382.0,,0,1,1,19440101,20250824
42837099999,Mahuva,Central Plateau,central_plateau,all_india_network,21.083,71.783,9.0,,0,1,1,20010711,20250824
42715099999,Malanjkhand,Central Plateau,central_plateau,all_india_network,22.0,80.7,581.0,,0,1,1,20011121,20250824
42925099999,Malegaon,Central Plateau,central_plateau,all_india_network,20.55,74.533,437.0,,0,1,1,19440101,20250824
42872099999,Mana,Central Plateau,central_plateau,all_india_network,21.233,81.65,313.0,,0,1,1,20151207,20250824
42776099999,Mandla,Central Plateau,central_plateau,all_india_network,22.583,80.367,443.0,,0,1,1,20070520,20250824
42803099999,Midnapore,Central Plateau,central_plateau,all_india_network,22.417,87.317,45.0,,0,1,1,19730101,20250824
43196099999,Mormugao,Central Plateau,central_plateau,all_india_network,15.417,73.783,62.0,,0,1,1,19440101,20250823
42866099999,Nagpur (Mayo Hospital),Central Plateau,central_plateau,all_india_network,21.15,79.117,311.0,,0,1,1,19860516,20250405
43182099999,Nandigama,Central Plateau,central_plateau,all_india_network,16.783,80.283,51.0,,0,1,1,20090205,20250824
42846099999,Nandurbar,Central Plateau,central_plateau,all_india_network,21.333,74.25,206.0,,0,1,1,20160321,20250824
43187099999,Narsapur,Central Plateau,central_plateau,all_india_network,16.433,81.7,4.0,,0,1,1,20040528,20250824
42770099999,Narsinghpur,Central Plateau,central_plateau,all_india_network,22.95,79.183,356.0,,0,1,1,20010709,20250824
42921099999,Nasik City,Central Plateau,central_plateau,all_india_network,19.967,73.817,598.0,,0,1,1,20060202,20250824
43184099999,Nidadavole,Central Plateau,central_plateau,all_india_network,16.833,81.583,13.0,,0,1,1,20011125,20250413
43221099999,Ongole,Central Plateau,central_plateau,all_india_network,15.5,80.083,12.0,,0,1,1,19730101,20250824
42920099999,Ozar Air Force Station /Nashik Arpt,Central Plateau,central_plateau,all_india_network,20.119,73.914,598.0,VAOZ,0,1,1,19890430,20250824
42767099999,Pachmarhi,Central Plateau,central_plateau,all_india_network,22.467,78.433,1075.0,,0,1,1,19440101,20250824
43067099999,Pashan Cti,Central Plateau,central_plateau,all_india_network,18.533,73.85,560.0,,0,1,1,20180724,20250823
42874099999,Pbo Raipur,Central Plateau,central_plateau,all_india_network,21.233,81.65,298.0,,0,1,1,19960701,20250824
42779099999,Pendra Road,Central Plateau,central_plateau,all_india_network,22.767,81.9,625.0,,0,1,1,19440101,20250824
42830099999,Porbandar,Central Plateau,central_plateau,all_india_network,21.65,69.667,5.0,,0,1,1,19730101,20250824
43063099999,Pune,Central Plateau,central_plateau,all_india_network,18.533,73.85,558.0,,0,1,1,19440101,20250824
42705099999,Purulia,Central Plateau,central_plateau,all_india_network,23.333,86.417,255.0,,0,1,1,19440325,20250824
42672099999,Raisen,Central Plateau,central_plateau,all_india_network,23.317,77.833,440.0,,0,1,1,19840225,20250824
42948099999,Rajnandgaon,Central Plateau,central_plateau,all_india_network,21.1,81.033,329.0,,0,1,1,20151208,20250824
42793099999,Rourkela,Central Plateau,central_plateau,all_india_network,22.217,84.883,196.0,,0,1,1,20170815,20250824
42671099999,Sagar,Central Plateau,central_plateau,all_india_network,23.85,78.75,551.0,,0,1,1,19440101,20250824
42883099999,Sambalpur,Central Plateau,central_plateau,all_india_network,21.467,83.967,148.0,,0,1,1,19440101,20250824
42771099999,Seoni,Central Plateau,central_plateau,all_india_network,22.083,79.55,619.0,,0,1,1,19440101,20250824
42708099999,Shanti Niketan,Central Plateau,central_plateau,all_india_network,23.65,87.7,59.0,,0,1,1,20010913,20250824
42792099999,Sundargarh,Central Plateau,central_plateau,all_india_network,22.117,84.033,240.0,,0,1,1,20020620,20250824
42840099999,Surat,Central Plateau,central_plateau,all_india_network,21.2,72.833,12.0,,0,1,1,19440101,20250824
42875099999,Swami Vivekananda,Central Plateau,central_plateau,all_india_network,21.183,81.733,317.6,VERP,0,1,1,19440101,20250824
42805099999,Uluberia,Central Plateau,central_plateau,all_india_network,22.5,87.95,5.0,,0,1,1,19810506,20250824
42679099999,Umaria,Central Plateau,central_plateau,all_india_network,23.533,80.883,459.0,,0,1,1,19730101,20250824
43193099999,Vengurla,Central Plateau,central_plateau,all_india_network,15.867,73.633,16.0,,0,1,1,19561031,20241230
42939099999,Wardha,Central Plateau,central_plateau,all_india_network,20.667,78.583,283.0,,0,1,1,20070520,20250824
42935099999,Washim,Central Plateau,central_plateau,all_india_network,20.117,77.117,565.0,,0,1,1,20090205,20250824
42943099999,Yeotmal,Central Plateau,central_plateau,all_india_network,20.4,78.15,451.0,,0,1,1,19730101,20250824
43352099999,Alapuzha,Coastal Plains,coastal_plains,all_india_network,9.55,76.417,4.0,,0,1,1,19440701,20241029
43058099999,Alibag,Coastal Plains,coastal_plains,all_india_network,18.633,72.867,7.0,,0,1,1,20020509,20250822
42969099999,Angul,Coastal Plains,coastal_plains,all_india_network,20.833,85.1,139.0,,0,1,1,19730101,20250824
43324099999,Ariyalur,Coastal Plains,coastal_plains,all_india_network,11.167,79.0,747.0,,0,1,1,19771101,20250823
43348099999,Atiramapattinam,Coastal Plains,coastal_plains,all_india_network,10.333,79.383,6.0,,0,1,1,20030727,20250824
43042099999,Bhawanipatna,Coastal Plains,coastal_plains,all_india_network,19.917,83.183,261.0,,0,1,1,19810103,20250824
42971099999,Bhubaneshwar / Biju Patnaik Intl,Coastal Plains,coastal_plains,all_india_network,20.244,85.818,42.1,VEBS,0,1,1,19570102,20250824
43057099999,Bombay / Colaba,Coastal Plains,coastal_plains,all_india_network,18.9,72.817,11.0,,0,1,1,20041228,20250824
42915099999,Bulsar,Coastal Plains,coastal_plains,all_india_network,20.617,72.933,15.0,,0,1,1,20090205,20240918
42705599999,Calicut,Coastal Plains,coastal_plains,all_india_network,11.137,75.955,104.2,VOCL,0,1,1,20100125,20250824
43315099999,Cannur,Coastal Plains,coastal_plains,all_india_network,11.833,75.333,18.0,,0,1,1,19771015,20250824
43322099999,Chamarajnagar,Coastal Plains,coastal_plains,all_india_network,11.933,76.933,760.0,,0,1,1,20151208,20250802
42973099999,Chandbali,Coastal Plains,coastal_plains,all_india_network,20.783,86.733,6.0,,0,1,1,19440101,20250824
43003099999,Chhatrapati Shivaji Maharaj Intl,Coastal Plains,coastal_plains,all_india_network,19.089,72.868,11.3,VABB,0,1,1,19440101,20250824
43353099999,Cochin,Coastal Plains,coastal_plains,all_india_network,9.946,76.272,2.4,VOCC,0,1,1,19440101,20250824
43318099999,Coonoor,Coastal Plains,coastal_plains,all_india_network,11.35,76.8,1747.0,,0,1,1,19860214,20250824
42970099999,Cuttack,Coastal Plains,coastal_plains,all_india_network,20.467,85.933,27.0,,0,1,1,19440101,20250824
43150099999,Cwc Vishakhapatnam/Waltair,Coastal Plains,coastal_plains,all_india_network,17.7,83.3,66.0,,0,1,1,19440101,20250824
43001099999,Dahanu,Coastal Plains,coastal_plains,all_india_network,19.967,72.717,5.0,,0,1,1,19440101,20250824
42916099999,Daman,Coastal Plains,coastal_plains,all_india_network,20.417,72.85,12.0,,0,1,1,19780110,20250824
42914099999,Diu Aprt,Coastal Plains,coastal_plains,all_india_network,20.715,70.922,9.1,VADU,0,1,1,20151207,20250824
43338099999,Erode,Coastal Plains,coastal_plains,all_india_network,11.483,77.767,172.0,,0,1,1,20190623,20250824
43351099999,Fort Cochin,Coastal Plains,coastal_plains,all_india_network,9.967,76.233,3.0,,0,1,1,19540101,20250418
43049099999,Gopalpur,Coastal Plains,coastal_plains,all_india_network,19.267,84.883,17.0,,0,1,1,19440101,20250824
43109099999,Harnai,Coastal Plains,coastal_plains,all_india_network,17.817,73.1,20.0,,0,1,1,19440101,20250824
43041099999,Jagdalpur,Coastal Plains,coastal_plains,all_india_network,19.083,82.033,553.0,,0,1,1,19440101,20250824
43342099999,K. Paramathy,Coastal Plains,coastal_plains,all_india_network,10.95,78.083,181.0,,0,1,1,19780731,20250824
43189099999,Kakinada,Coastal Plains,coastal_plains,all_india_network,16.95,82.233,8.0,,0,1,1,19440101,20250824
43105099999,Kalingapatam,Coastal Plains,coastal_plains,all_india_network,18.333,84.133,6.0,,0,1,1,19440101,20250824
43326099999,Kallakkurichchi,Coastal Plains,coastal_plains,all_india_network,11.733,78.967,127.0,,0,1,1,19730101,20240702
43377099999,Kanniyakumari,Coastal Plains,coastal_plains,all_india_network,8.083,77.5,37.0,,0,1,1,19800710,20250824
43346099999,Karaikal,Coastal Plains,coastal_plains,all_india_network,10.917,79.833,7.0,,0,1,1,19990412,20250824
43327099999,Karaikudi,Coastal Plains,coastal_plains,all_india_network,10.067,78.8,92.0,,0,1,1,19760323,20250522
43339099999,Kodaikanal,Coastal Plains,coastal_plains,all_india_network,10.233,77.467,2343.0,,0,1,1,19440101,20250824
43097099999,Koraput,Coastal Plains,coastal_plains,all_india_network,18.817,82.717,913.0,,0,1,1,19730113,20250824
43355099999,Kottayam,Coastal Plains,coastal_plains,all_india_network,9.533,76.6,78.0,,0,1,1,20010707,20250824
43314099999,Kozhikode,Coastal Plains,coastal_plains,all_india_network,11.25,75.783,5.0,,0,1,1,19440101,20250824
43345099999,Kudimiamalai,Coastal Plains,coastal_plains,all_india_network,10.4,78.667,123.0,,0,1,1,20151211,20241213
43320099999,M.O. Karipur Airport,Coastal Plains,coastal_plains,all_india_network,11.133,75.95,100.0,,0,1,1,20090205,20240531
43359099999,Madurai,Coastal Plains,coastal_plains,all_india_network,9.917,78.117,133.0,,0,1,1,19730101,20250824
43360099999,Madurai,Coastal Plains,coastal_plains,all_india_network,9.835,78.093,139.9,VOMD,0,1,1,19440101,20250824
43060099999,Matheran,Coastal Plains,coastal_plains,all_india_network,18.983,73.283,695.0,,0,1,1,20170604,20250824
43347099999,Nagappattinam,Coastal Plains,coastal_plains,all_india_network,10.767,79.85,9.0,,0,1,1,19440101,20250824
43316099999,Nilambur,Coastal Plains,coastal_plains,all_india_network,11.283,76.233,31.0,,0,1,1,19990225,20241028
43335099999,Palakkad,Coastal Plains,coastal_plains,all_india_network,10.767,76.65,97.0,,0,1,1,19440101,20250824
43376099999,Palayankottai,Coastal Plains,coastal_plains,all_india_network,8.733,77.75,51.0,,0,1,1,19730101,20250823
43363099999,Pamban,Coastal Plains,coastal_plains,all_india_network,9.283,79.217,11.0,,0,1,1,19440101,20250824
42976099999,Paradip (C.W.R.),Coastal Plains,coastal_plains,all_india_network,20.3,86.683,8.0,,0,1,1,20020521,20250824
43207099999,Parangipettai,Coastal Plains,coastal_plains,all_india_network,11.5,79.767,3.0,,0,1,1,20151207,20250824
43356099999,Periakulam,Coastal Plains,coastal_plains,all_india_network,10.0,77.133,300.0,,0,1,1,20151207,20250824
42966099999,Phulbani,Coastal Plains,coastal_plains,all_india_network,20.483,84.267,489.0,,0,1,1,20010707,20250813
43354099999,Punalur,Coastal Plains,coastal_plains,all_india_network,9.0,76.917,34.0,,0,1,1,20020827,20250824
43053099999,Puri,Coastal Plains,coastal_plains,all_india_network,19.8,85.817,6.0,,0,1,1,19730101,20250824
43110099999,Ratnagiri,Coastal Plains,coastal_plains,all_india_network,16.983,73.333,67.0,,0,1,1,19440101,20250824
43325099999,Salem,Coastal Plains,coastal_plains,all_india_network,11.65,78.167,278.0,,0,1,1,19440101,20250824
43005099999,T B I A,Coastal Plains,coastal_plains,all_india_network,19.15,72.0,12.0,,0,1,1,20170418,20250824
43330099999,Thanjavur,Coastal Plains,coastal_plains,all_india_network,10.783,79.133,68.0,,0,1,1,19761009,20250824
43371099999,Thiruvananthapuram,Coastal Plains,coastal_plains,all_india_network,8.483,76.95,64.0,,0,1,1,19440101,20250824
43372099999,Thiruvananthapuram Intl,Coastal Plains,coastal_plains,all_india_network,8.482,76.92,4.6,VOTV,0,1,1,19960201,20250824
43357099999,Thrissur,Coastal Plains,coastal_plains,all_india_network,10.517,76.217,39.0,,0,1,1,20151207,20250824
43343099999,Tiruchirapalli Town,Coastal Plains,coastal_plains,all_india_network,10.767,78.717,88.0,,0,1,1,20160205,20250104
43344099999,Tiruchirappalli,Coastal Plains,coastal_plains,all_india_network,10.765,78.71,87.8,VOTR,0,1,1,19440101,20250824
42961099999,Titlagarh,Coastal Plains,coastal_plains,all_india_network,20.3,83.3,211.0,,0,1,1,19730101,20250824
43361099999,Tondi,Coastal Plains,coastal_plains,all_india_network,9.733,79.033,5.0,,0,1,1,20030727,20250824
43147099999,Tuni,Coastal Plains,coastal_plains,all_india_network,17.35,82.55,35.0,,0,1,1,20090204,20250824
43379099999,Tuticorin New Port,Coastal Plains,coastal_plains,all_india_network,8.75,78.183,2.0,,0,1,1,20090205,20250822
43317099999,Udhagamandalam,Coastal Plains,coastal_plains,all_india_network,11.4,76.733,2249.0,,0,1,1,19440101,20250824
43341099999,Valparai,Coastal Plains,coastal_plains,all_india_network,10.283,77.0,1041.0,,0,1,1,20151207,20250824
43349099999,Vedaranniyam,Coastal Plains,coastal_plains,all_india_network,10.367,79.85,4.0,,0,1,1,19990908,20241112
42909099999,Veraval,Coastal Plains,coastal_plains,all_india_network,20.9,70.367,8.0,,0,1,1,19440101,20250824
43149099999,Vishakhapatnam Ctlz,Coastal Plains,coastal_plains,all_india_network,17.717,83.217,4.6,VOVZ,0,1,1,19540101,20250824
43340099999,Yercaud,Coastal Plains,coastal_plains,all_india_network,11.75,78.167,1463.0,,0,1,1,20151207,20250824
43025099999,Adilabad,Deccan Plateau,deccan_plateau,all_india_network,19.65,78.533,269.0,,0,1,1,19851202,20250824
43009099999,Ahmadnagar,Deccan Plateau,deccan_plateau,all_india_network,19.083,74.8,657.0,,0,1,1,19440101,20250824
43271099999,Arogyavaram,Deccan Plateau,deccan_plateau,all_india_network,13.533,78.5,701.0,,0,1,1,19730101,20250824
43014099999,Aurangabad,Deccan Plateau,deccan_plateau,all_india_network,19.863,75.398,582.5,VAAU,0,1,1,19730101,20250824
43296099999,Bangalore/Hindustan Airport,Deccan Plateau,deccan_plateau,all_india_network,12.95,77.633,888.0,,0,1,1,19420901,20240531
43069099999,Baramati,Deccan Plateau,deccan_plateau,all_india_network,18.15,74.583,551.0,,0,1,1,19840213,20250824
43197099999,Belgaum,Deccan Plateau,deccan_plateau,all_india_network,15.85,74.533,753.0,,0,1,1,19440101,20250625
43198099999,Belgaum,Deccan Plateau,deccan_plateau,all_india_network,15.859,74.618,758.0,VABM,0,1,1,19730101,20250824
43197199999,Belgaum Airport / Belagavi,Deccan Plateau,deccan_plateau,all_india_network,15.85,74.617,747.0,VOBM,0,1,1,20151207,20250824
43125099999,Bidar,Deccan Plateau,deccan_plateau,all_india_network,17.917,77.533,663.0,VOBR,0,1,1,19440701,20250824
43161099999,Bijapur,Deccan Plateau,deccan_plateau,all_india_network,16.817,75.717,594.0,,0,1,1,19440101,20250824
43011099999,Bir,Deccan Plateau,deccan_plateau,all_india_network,19.0,75.717,519.0,,0,1,1,20020317,20250824
43029099999,Chandrapur,Deccan Plateau,deccan_plateau,all_india_network,19.967,79.3,193.0,,0,1,1,19440101,20250824
43260099999,Chickmagalur,Deccan Plateau,deccan_plateau,all_india_network,13.25,75.75,1057.0,,0,1,1,20090205,20250602
43272099999,Chintamani,Deccan Plateau,deccan_plateau,all_india_network,13.2,78.067,857.0,,0,1,1,20151208,20250824
43241099999,Cuddapah,Deccan Plateau,deccan_plateau,all_india_network,14.483,78.833,130.0,,0,1,1,19440101,20250824
43230099999,Davangere,Deccan Plateau,deccan_plateau,all_india_network,14.5,75.917,620.0,,0,1,1,20151208,20250824
43301099999,Dharmapuri,Deccan Plateau,deccan_plateau,all_india_network,12.133,78.033,396.0,,0,1,1,19771125,20250824
43200099999,Dharwad,Deccan Plateau,deccan_plateau,all_india_network,15.483,74.983,678.0,,0,1,1,20151208,20250824
43201099999,Gadag,Deccan Plateau,deccan_plateau,all_india_network,15.417,75.633,650.0,,0,1,1,19440101,20250824
43121099999,Gulbarga,Deccan Plateau,deccan_plateau,all_india_network,17.35,76.85,458.0,,0,1,1,19440101,20250824
43087099999,Hanamkonda,Deccan Plateau,deccan_plateau,all_india_network,18.017,79.567,269.0,,0,1,1,19440101,20250824
43263099999,Hassan,Deccan Plateau,deccan_plateau,all_india_network,12.967,76.333,955.0,,0,1,1,20020522,20241019
43227099999,Haveri,Deccan Plateau,deccan_plateau,all_india_network,14.783,75.4,573.0,,0,1,1,20151208,20250824
43226099999,Honavar,Deccan Plateau,deccan_plateau,all_india_network,14.283,74.45,9.0,,0,1,1,19440101,20250824
43201199999,Hubli / Hubballi,Deccan Plateau,deccan_plateau,all_india_network,15.35,75.083,661.3,VOHB,0,1,1,20151110,20250824
43071099999,Jeur,Deccan Plateau,deccan_plateau,all_india_network,18.2,75.2,521.0,,0,1,1,20151208,20250824
43225099999,Karwar,Deccan Plateau,deccan_plateau,all_india_network,14.783,74.133,4.0,,0,1,1,19730101,20250824
43243099999,Kavali,Deccan Plateau,deccan_plateau,all_india_network,14.9,79.983,17.0,,0,1,1,20040528,20250824
43157099999,Kolhapur,Deccan Plateau,deccan_plateau,all_india_network,16.665,74.289,608.4,VAKP,0,1,1,19730101,20250824
43287099999,Madikeri,Deccan Plateau,deccan_plateau,all_india_network,12.417,75.733,1153.0,,0,1,1,19440101,20250729
43168099999,Mahabubnagar,Deccan Plateau,deccan_plateau,all_india_network,16.75,78.0,505.0,,0,1,1,20090205,20250824
43289099999,Mandya,Deccan Plateau,deccan_plateau,all_india_network,12.5,76.833,695.0,,0,1,1,19811012,20250318
43285099999,Mangalore/Panambur,Deccan Plateau,deccan_plateau,all_india_network,12.95,74.833,31.0,,0,1,1,19740429,20250107
43083099999,Medak,Deccan Plateau,deccan_plateau,all_india_network,18.05,78.267,472.0,,0,1,1,19870905,20250824
43291099999,Mysore,Deccan Plateau,deccan_plateau,all_india_network,12.3,76.7,767.0,,0,1,1,19440101,20250824
43133099999,Nalgonda,Deccan Plateau,deccan_plateau,all_india_network,17.0,79.25,227.0,,0,1,1,19771019,20250824
43212099999,Nandyal,Deccan Plateau,deccan_plateau,all_india_network,15.467,78.483,212.0,,0,1,1,20010825,20250824
43081099999,Nizamabad,Deccan Plateau,deccan_plateau,all_india_network,18.667,78.1,381.0,,0,1,1,19440101,20250824
43017099999,Parbhani,Deccan Plateau,deccan_plateau,all_india_network,19.133,76.833,422.0,,0,1,1,19440101,20250824
43237099999,Pbo Anantapur,Deccan Plateau,deccan_plateau,all_india_network,14.583,77.633,364.0,,0,1,1,19540101,20250824
43169099999,Raichur,Deccan Plateau,deccan_plateau,all_india_network,16.2,77.35,400.0,,0,1,1,19440101,20250824
43177099999,Rentachintala,Deccan Plateau,deccan_plateau,all_india_network,16.55,79.55,106.0,,0,1,1,19440101,20250823
43158099999,Sangli,Deccan Plateau,deccan_plateau,all_india_network,16.85,74.6,549.0,,0,1,1,19750906,20250824
43113099999,Satara,Deccan Plateau,deccan_plateau,all_india_network,17.517,74.05,612.0,,0,1,1,20020727,20250824
43229099999,Shirali,Deccan Plateau,deccan_plateau,all_india_network,14.067,74.533,45.0,,0,1,1,19771222,20250128
43258099999,Shivamogga,Deccan Plateau,deccan_plateau,all_india_network,13.858,75.62,630.6,VOSH,0,1,1,20010904,20250824
43117099999,Solapur,Deccan Plateau,deccan_plateau,all_india_network,17.628,75.935,482.8,VASL,0,1,1,19440101,20250824
43302099999,Tiruppattur,Deccan Plateau,deccan_plateau,all_india_network,12.483,78.567,385.0,,0,1,1,20151212,20250824
43277099999,Tiruttani,Deccan Plateau,deccan_plateau,all_india_network,13.15,79.533,87.0,,0,1,1,19780210,20250824
43076099999,Udgir,Deccan Plateau,deccan_plateau,all_india_network,18.067,77.117,639.0,,0,1,1,20151208,20250824
43303099999,Vellore,Deccan Plateau,deccan_plateau,all_india_network,12.917,79.15,214.0,VOVR,0,1,1,19440101,20250824
42260099999,Agra,Indo-Gangetic Plains,indo_gangetic_plains,all_india_network,27.156,77.961,167.9,VIAG,0,1,1,19420824,20250824
42261099999,Agra,Indo-Gangetic Plains,indo_gangetic_plains,all_india_network,27.167,78.033,169.0,,0,1,1,19440101,20240412
42262099999,Aligarh,Indo-Gangetic Plains,indo_gangetic_plains,all_india_network,27.883,78.067,187.0,,0,1,1,19730101,20250824
42475099999,Allahabad Arpt,Indo-Gangetic Plains,indo_gangetic_plains,all_india_network,25.44,81.734,98.2,VEAB,0,1,1,19420727,20250716
42255099999,Alwar,Indo-Gangetic Plains,indo_gangetic_plains,all_india_network,27.5,76.583,271.0,,0,1,1,19730101,20250824
42374099999,Ayodha,Indo-Gangetic Plains,indo_gangetic_plains,all_india_network,26.748,82.163,100.0,VEAY,0,1,1,20020203,20250824
42273099999,Bahraich,Indo-Gangetic Plains,indo_gangetic_plains,all_india_network,27.567,81.6,124.0,,0,1,1,19440101,20250824
42484099999,Ballia,Indo-Gangetic Plains,indo_gangetic_plains,all_india_network,25.75,84.167,64.0,,0,1,1,20020217,20240326
42473099999,Banda,Indo-Gangetic Plains,indo_gangetic_plains,all_india_network,25.467,80.367,121.0,,0,1,1,20040902,20250824
42279099999,Basti,Indo-Gangetic Plains,indo_gangetic_plains,all_india_network,26.8,82.733,89.0,,0,1,1,20160804,20250824
42498099999,Bhagalpur,Indo-Gangetic Plains,indo_gangetic_plains,all_india_network,25.233,86.95,49.0,,0,1,1,19570102,20250824
42258099999,Bharatpur,Indo-Gangetic Plains,indo_gangetic_plains,all_india_network,27.217,77.5,176.0,,0,1,1,20020214,20240814
42183099999,Bulandshahr,Indo-Gangetic Plains,indo_gangetic_plains,all_india_network,28.4,77.867,218.0,,0,1,1,20010823,20250708
42488099999,Chapra,Indo-Gangetic Plains,indo_gangetic_plains,all_india_network,25.783,84.733,58.0,,0,1,1,20051019,20250824
42587099999,Daltonganj,Indo-Gangetic Plains,indo_gangetic_plains,all_india_network,24.05,84.067,221.0,,0,1,1,19440101,20250824
42391099999,Darbhanga,Indo-Gangetic Plains,indo_gangetic_plains,all_india_network,26.167,85.9,49.0,,0,1,1,19440101,20250824
42460099999,Datia,Indo-Gangetic Plains,indo_gangetic_plains,all_india_network,25.667,78.467,229.0,,0,1,1,20020417,20250824
42588099999,Dehri,Indo-Gangetic Plains,indo_gangetic_plains,all_india_network,24.917,84.183,107.0,,0,1,1,19730101,20250824
42354099999,Dholpur,Indo-Gangetic Plains,indo_gangetic_plains,all_india_network,26.667,77.833,176.0,,0,1,1,19730101,20250817
42599099999,Dumka,Indo-Gangetic Plains,indo_gangetic_plains,all_india_network,24.267,87.25,149.0,,0,1,1,19440102,20241216
42364099999,Etawah,Indo-Gangetic Plains,indo_gangetic_plains,all_india_network,26.921,79.062,149.0,VIXX,0,1,1,20010711,20250813
42471099999,Fatehpur,Indo-Gangetic Plains,indo_gangetic_plains,all_india_network,25.933,80.833,114.0,,0,1,1,19730101,20250421
42395099999,Forbesganj,Indo-Gangetic Plains,indo_gangetic_plains,all_india_network,26.3,87.267,61.0,,0,1,1,19730101,20250824
42372099999,Fursatganj Airport,Indo-Gangetic Plains,indo_gangetic_plains,all_india_network,26.25,81.383,109.7,VERB,0,1,1,20130529,20250824
42591099999,Gaya,Indo-Gangetic Plains,indo_gangetic_plains,all_india_network,24.744,84.951,115.8,VEGY,0,1,1,19421122,20250824
42482099999,Ghazipur,Indo-Gangetic Plains,indo_gangetic_plains,all_india_network,25.4,83.55,67.0,,0,1,1,20010718,20250824
42379099999,Gorakhpur,Indo-Gangetic Plains,indo_gangetic_plains,all_india_network,26.74,83.45,78.9,VEGK,0,1,1,19440101,20250824
42559099999,Guna,Indo-Gangetic Plains,indo_gangetic_plains,all_india_network,24.65,77.317,478.0,,0,1,1,19440101,20250824
42469099999,Hamirpur,Indo-Gangetic Plains,indo_gangetic_plains,all_india_network,25.95,80.15,109.0,,0,1,1,20090205,20250824
42271099999,Hardoi,Indo-Gangetic Plains,indo_gangetic_plains,all_india_network,27.383,80.167,142.0,,0,1,1,19730101,20250824
42492099999,Jai Prakash Narayan Intl Patna,Indo-Gangetic Plains,indo_gangetic_plains,all_india_network,25.591,85.088,51.8,VEPT,0,1,1,19440101,20250824
42463099999,Jhansi,Indo-Gangetic Plains,indo_gangetic_plains,all_india_network,25.491,78.558,244.1,VIJN,0,1,1,19440101,20250824
42367099999,Kanpur Chakeri,Indo-Gangetic Plains,indo_gangetic_plains,all_india_network,26.404,80.41,123.4,VICX,0,1,1,19440101,20250824
42137099999,Karnal,Indo-Gangetic Plains,indo_gangetic_plains,all_india_network,29.7,77.033,249.0,,0,1,1,19730109,20250823
42567099999,Khajuraho,Indo-Gangetic Plains,indo_gangetic_plains,all_india_network,24.983,79.917,217.0,,0,1,1,20020623,20250824
42270099999,Kheri,Indo-Gangetic Plains,indo_gangetic_plains,all_india_network,27.9,80.8,147.0,,0,1,1,19730101,20250824
42479099999,Lal Bahadur Shastri Varanasi Intl,Indo-Gangetic Plains,indo_gangetic_plains,all_india_network,25.45,82.867,81.1,VEBN,0,1,1,19730101,20250824
42369099999,Lucknow / Chaudhary Charan Singh Intl,Indo-Gangetic Plains,indo_gangetic_plains,all_india_network,26.761,80.889,125.0,VILK,0,1,1,19440101,20250824
42257099999,Mathura,Indo-Gangetic Plains,indo_gangetic_plains,all_india_network,27.5,77.683,174.0,,0,1,1,20020418,20241016
42139099999,Meerut,Indo-Gangetic Plains,indo_gangetic_plains,all_india_network,29.017,77.717,222.0,,0,1,1,19440603,20250824
42187099999,Moradabad,Indo-Gangetic Plains,indo_gangetic_plains,all_india_network,28.833,78.75,202.0,,0,1,1,19830915,20250823
42383099999,Motihari,Indo-Gangetic Plains,indo_gangetic_plains,all_india_network,26.667,84.917,66.0,,0,1,1,19440101,20250824
42387099999,Muzaffarpur,Indo-Gangetic Plains,indo_gangetic_plains,all_india_network,26.117,85.4,53.0,,0,1,1,19740515,20250824
42143099999,Najibabad,Indo-Gangetic Plains,indo_gangetic_plains,all_india_network,29.617,78.383,270.0,,0,1,1,19730101,20250824
42177099999,Narnaul,Indo-Gangetic Plains,indo_gangetic_plains,all_india_network,28.0,76.083,308.0,,0,1,1,20020219,20241203
42282099999,Nautanwa,Indo-Gangetic Plains,indo_gangetic_plains,all_india_network,27.433,83.417,99.0,,0,1,1,19730101,20240324
42467099999,Nowgong,Indo-Gangetic Plains,indo_gangetic_plains,all_india_network,25.067,79.45,229.0,,0,1,1,19440101,20250824
42468099999,Orai,Indo-Gangetic Plains,indo_gangetic_plains,all_india_network,25.983,79.5,141.0,,0,1,1,20040508,20250824
42570099999,Panna,Indo-Gangetic Plains,indo_gangetic_plains,all_india_network,24.717,80.167,354.0,,0,1,1,20010726,20250324
42148099999,Pantnagar,Indo-Gangetic Plains,indo_gangetic_plains,all_india_network,29.033,79.467,233.0,,0,1,1,20070520,20250824
42500099999,Purnea,Indo-Gangetic Plains,indo_gangetic_plains,all_india_network,25.267,87.467,38.0,,0,1,1,19440101,20250824
42557099999,Rajgarh,Indo-Gangetic Plains,indo_gangetic_plains,all_india_network,24.0,76.717,382.0,,0,1,1,20090205,20250824
42382099999,Raxaul,Indo-Gangetic Plains,indo_gangetic_plains,all_india_network,26.983,84.85,79.0,,0,1,1,19730101,20240621
42574099999,Rewa,Indo-Gangetic Plains,indo_gangetic_plains,all_india_network,24.533,81.3,299.0,,0,1,1,20090205,20250824
42176099999,Rohtak,Indo-Gangetic Plains,indo_gangetic_plains,all_india_network,28.833,76.583,222.0,,0,1,1,20010728,20250824
42499099999,Sabaur,Indo-Gangetic Plains,indo_gangetic_plains,all_india_network,25.233,87.067,37.0,,0,1,1,20020614,20240910
42571099999,Satna,Indo-Gangetic Plains,indo_gangetic_plains,all_india_network,24.567,80.833,317.0,VIST,0,1,1,19440101,20250824
42266099999,Shahjahanpur,Indo-Gangetic Plains,indo_gangetic_plains,all_india_network,27.883,79.9,155.0,,0,1,1,20090205,20250824
42456099999,Sheopur,Indo-Gangetic Plains,indo_gangetic_plains,all_india_network,25.667,76.683,235.0,,0,1,1,19730101,20250824
42459099999,Shivpuri,Indo-Gangetic Plains,indo_gangetic_plains,all_india_network,25.333,77.65,464.0,,0,1,1,20020528,20250824
42577099999,Sidhi,Indo-Gangetic Plains,indo_gangetic_plains,all_india_network,24.417,81.867,272.0,,0,1,1,19730101,20250824
42393099999,Supaul,Indo-Gangetic Plains,indo_gangetic_plains,all_india_network,26.133,86.583,50.0,,0,1,1,20010905,20250824
42562099999,Tikamgarh,Indo-Gangetic Plains,indo_gangetic_plains,all_india_network,24.767,78.833,345.0,,0,1,1,20060328,20250824
42483099999,Varanasi,Indo-Gangetic Plains,indo_gangetic_plains,all_india_network,25.3,83.017,90.0,,0,1,1,19440101,20250824
43334099999,Androth,Island Territories,island_territories,all_india_network,10.8,73.983,5.0,,0,1,1,20020807,20250203
43367099999,Car Nicobar,Island Territories,island_territories,all_india_network,9.167,92.833,10.0,,0,1,1,19730101,20250824
43368099999,Car Nicobar(In-Afb),Island Territories,island_territories,all_india_network,9.15,92.817,14.0,VECX,0,1,1,19730101,20250716
43364099999,Hut Bay,Island Territories,island_territories,all_india_network,10.583,92.55,5.0,,0,1,1,20020604,20250824
43337099999,Kavaratti Heliport,Island Territories,island_territories,all_india_network,10.542,72.616,9.1,VOKV,0,1,1,20160101,20250324
43310099999,Long Island,Island Territories,island_territories,all_india_network,12.417,92.933,25.0,,0,1,1,20070520,20250824
43266099999,M.O. Agathi Airport,Island Territories,island_territories,all_india_network,10.85,72.467,3.0,,0,1,1,20090205,20250824
43311099999,M.O. Amini,Island Territories,island_territories,all_india_network,11.117,72.733,3.0,,0,1,1,19730101,20250824
43309099999,Maya Bandar,Island Territories,island_territories,all_india_network,12.917,92.917,28.0,,0,1,1,19730101,20250824
43369099999,Minicoy,Island Territories,island_territories,all_india_network,8.3,73.15,2.0,,0,1,1,19440101,20250824
43382099999,Nancowry,Island Territories,island_territories,all_india_network,7.983,93.533,26.0,,0,1,1,19730101,20250824
43333099999,Port Blair,Island Territories,island_territories,all_india_network,11.667,92.717,79.0,VEPB,0,1,1,19451101,20250824
42724099999,Agartala,Northeast Hills,northeast_hills,all_india_network,23.887,91.24,14.0,VEAT,0,1,1,19450110,20250824
42727099999,Aijal,Northeast Hills,northeast_hills,all_india_network,23.733,92.717,1097.0,,0,1,1,19540101,20240321
42714099999,Bagati,Northeast Hills,northeast_hills,all_india_network,22.983,88.367,12.0,,0,1,1,19801206,20250824
42398099999,Bagdogra,Northeast Hills,northeast_hills,all_india_network,26.681,88.329,125.6,VEBD,0,1,1,19570618,20250824
42506099999,Balurghat,Northeast Hills,northeast_hills,all_india_network,25.217,88.783,26.0,,0,1,1,20151207,20250824
42807099999,Behala,Northeast Hills,northeast_hills,all_india_network,22.505,88.293,2.4,VEBA,0,1,1,19440331,20250824
42603099999,Berhampore,Northeast Hills,northeast_hills,all_india_network,24.133,88.267,19.0,,0,1,1,19440101,20250824
42305099999,Bomdila,Northeast Hills,northeast_hills,all_india_network,27.417,92.85,2484.0,,0,1,1,20020727,20250210
42812099999,Canning,Northeast Hills,northeast_hills,all_india_network,22.25,88.667,4.0,,0,1,1,20090205,20250824
42414099999,Chaparmukh,Northeast Hills,northeast_hills,all_india_network,26.2,92.517,66.0,,0,1,1,19730103,20250824
42515099999,Cherrapunji,Northeast Hills,northeast_hills,all_india_network,25.25,91.733,1313.0,,0,1,1,19440101,20250824
42403099999,Cooch Behar,Northeast Hills,northeast_hills,all_india_network,26.333,89.467,43.0,,0,1,1,19430220,20250824
42295099999,Darjeeling,Northeast Hills,northeast_hills,all_india_network,27.05,88.267,2128.0,,0,1,1,19440101,20250131
42404099999,Dhubri,Northeast Hills,northeast_hills,all_india_network,26.017,89.983,36.0,,0,1,1,19440101,20250824
42811099999,Diamond Harbour,Northeast Hills,northeast_hills,all_india_network,22.183,88.2,7.0,,0,1,1,20011015,20250824
42314099999,Dibrugarh,Northeast Hills,northeast_hills,all_india_network,27.484,95.017,110.3,VEMN,0,1,1,19420714,20250824
42299099999,Gangtok,Northeast Hills,northeast_hills,all_india_network,27.333,88.617,1756.0,,0,1,1,19740902,20250824
42407099999,Goalpara,Northeast Hills,northeast_hills,all_india_network,26.183,90.633,38.0,,0,1,1,19730102,20250824
42420099999,Golaghat,Northeast Hills,northeast_hills,all_india_network,26.517,93.983,95.0,,0,1,1,19740806,20250824
42410099999,Guwahati Intl / Lokpriya Gopinath Bordoloi Intl,Northeast Hills,northeast_hills,all_india_network,26.106,91.586,49.4,VEGT,0,1,1,19440102,20250824
42522099999,Haflong,Northeast Hills,northeast_hills,all_india_network,25.167,93.017,682.0,,0,1,1,20151207,20250824
42623099999,Imphal,Northeast Hills,northeast_hills,all_india_network,24.76,93.897,774.2,VEIM,0,1,1,19441202,20250824
42399099999,Jalpaiguri,Northeast Hills,northeast_hills,all_india_network,26.533,88.717,83.0,,0,1,1,19440101,20250824
42423099999,Jorhat,Northeast Hills,northeast_hills,all_india_network,26.067,90.167,880.0,,0,1,1,19430414,20250824
42423199999,Jorhat,Northeast Hills,northeast_hills,all_india_network,26.732,94.176,94.8,VEJT,0,1,1,20160807,20250716
42618099999,Kailashahar,Northeast Hills,northeast_hills,all_india_network,24.317,92.0,30.0,,0,1,1,19450119,20250824
42296099999,Kalimpong,Northeast Hills,northeast_hills,all_india_network,27.067,88.467,1209.0,,0,1,1,20151207,20250824
42527099999,Kohima,Northeast Hills,northeast_hills,all_india_network,25.633,94.167,1406.0,,0,1,1,19770923,20250824
42711099999,Krishnanagar,Northeast Hills,northeast_hills,all_india_network,23.4,88.517,15.0,,0,1,1,19950425,20250824
42726099999,Lengpui,Northeast Hills,northeast_hills,all_india_network,23.841,92.62,426.1,VELP,0,1,1,20100719,20250824
42309099999,Lilabari,Northeast Hills,northeast_hills,all_india_network,27.295,94.098,100.6,VELR,0,1,1,19431223,20250824
42523099999,Lumding,Northeast Hills,northeast_hills,all_india_network,25.75,93.183,149.0,,0,1,1,19730101,20250824
42413099999,Majbat,Northeast Hills,northeast_hills,all_india_network,26.75,92.35,120.0,,0,1,1,20011009,20250824
42503099999,Malda,Northeast Hills,northeast_hills,all_india_network,25.033,88.133,31.0,,0,1,1,19730101,20250824
42809099999,Netaji Subhash Chandra Bose Intl,Northeast Hills,northeast_hills,all_india_network,22.655,88.447,4.9,VECC,0,1,1,19430831,20250824
42220099999,Pasighat,Northeast Hills,northeast_hills,all_india_network,28.1,95.383,157.0,,0,1,1,19740403,20250824
42408099999,Rangia,Northeast Hills,northeast_hills,all_india_network,26.433,91.617,60.0,,0,1,1,20151207,20250824
42903099999,Sagar Island,Northeast Hills,northeast_hills,all_india_network,21.65,88.05,3.0,,0,1,1,19440101,20250824
42516099999,Shillong,Northeast Hills,northeast_hills,all_india_network,25.567,91.883,1598.0,,0,1,1,19440101,20250824
42512099999,Shillong Arpt / Umroi Arpt / Barapani,Northeast Hills,northeast_hills,all_india_network,25.7,91.983,891.2,VEBI,0,1,1,20151208,20250824
42619099999,Silchar,Northeast Hills,northeast_hills,all_india_network,24.75,92.8,29.0,,0,1,1,19440101,20250824
42415099999,Tezpur,Northeast Hills,northeast_hills,all_india_network,26.617,92.783,79.0,,0,1,1,19440101,20250824
42103099999,Ambala,Northern Himalayas,northern_himalayas,all_india_network,30.383,76.767,272.0,,0,1,1,19440101,20250824
42071099999,Amritsar,Northern Himalayas,northern_himalayas,all_india_network,31.71,74.797,230.4,VIAR,0,1,1,19730101,20250824
42045099999,Banihal,Northern Himalayas,northern_himalayas,all_india_network,33.5,75.167,1630.0,,0,1,1,20021023,20250824
42081099999,Bhuntar,Northern Himalayas,northern_himalayas,all_india_network,31.833,77.167,1084.0,,0,1,1,20020903,20250824
42705299999,Chandigarh,Northern Himalayas,northern_himalayas,all_india_network,30.673,76.789,308.5,VICG,0,1,1,20060812,20250716
42105099999,Chandigarh(Iafb),Northern Himalayas,northern_himalayas,all_india_network,30.733,76.883,347.0,,0,1,1,19740101,20250824
42111099999,Dehradun,Northern Himalayas,northern_himalayas,all_india_network,30.317,78.033,682.0,,0,1,1,19440101,20250824
42062099999,Dharmsala,Northern Himalayas,northern_himalayas,all_india_network,32.267,76.383,1211.0,,0,1,1,19730101,20250824
42026099999,Gulmarg,Northern Himalayas,northern_himalayas,all_india_network,34.05,74.4,2655.0,,0,1,1,19440601,20250824
42056099999,Jammu,Northern Himalayas,northern_himalayas,all_india_network,32.667,74.833,367.0,,0,1,1,19830902,20250824
42075099999,Jullundur,Northern Himalayas,northern_himalayas,all_india_network,31.467,75.583,-999.9,,0,1,1,20180918,20240213
42705199999,Kullu Manali,Northern Himalayas,northern_himalayas,all_india_network,31.877,77.154,1089.1,VIBR,0,1,1,20040707,20250816
42705399999,Leh,Northern Himalayas,northern_himalayas,all_india_network,34.136,77.547,3255.9,VILH,0,1,1,20060905,20250824
42099099999,Ludhiana,Northern Himalayas,northern_himalayas,all_india_network,30.867,75.933,255.0,,0,1,1,19730101,20250824
42065099999,Manali,Northern Himalayas,northern_himalayas,all_india_network,32.267,77.167,2039.0,,0,1,1,19990223,20250824
42078099999,Mandi,Northern Himalayas,northern_himalayas,all_india_network,31.717,76.967,761.0,,0,1,1,19590602,20250824
42147099999,Mukteshwar Kumaon,Northern Himalayas,northern_himalayas,all_india_network,29.467,79.65,2311.0,,0,1,1,19440101,20250824
42104099999,Nahan,Northern Himalayas,northern_himalayas,all_india_network,30.4,76.767,958.0,,0,1,1,19881016,20250824
42101099999,Patiala,Northern Himalayas,northern_himalayas,all_india_network,30.333,76.467,251.0,,0,1,1,19730101,20250824
42044099999,Qazi Gund,Northern Himalayas,northern_himalayas,all_india_network,33.583,75.083,1690.0,,0,1,1,20090205,20250824
42083099999,Shimla,Northern Himalayas,northern_himalayas,all_india_network,31.1,77.167,2202.0,,0,1,1,19440101,20250824
42027099999,Srinagar,Northern Himalayas,northern_himalayas,all_india_network,34.083,74.833,1587.0,,0,1,1,19730101,20250824
42042099999,Srinagar,Northern Himalayas,northern_himalayas,all_india_network,33.983,74.783,1664.0,,0,1,1,19881026,20241111
42079099999,Sundernagar,Northern Himalayas,northern_himalayas,all_india_network,31.533,76.9,874.0,,0,1,1,20130529,20250824
42114099999,Tehri,Northern Himalayas,northern_himalayas,all_india_network,30.4,78.483,770.0,,0,1,1,19981224,20250824
42077099999,Una,Northern Himalayas,northern_himalayas,all_india_network,31.467,76.267,369.0,,0,1,1,20090205,20250824
42647099999,Ahmedabad / Sardar Vallabhbhai Patel Intl,Western Arid/Semi-Arid,western_arid_semi_arid,all_india_network,23.077,72.635,57.6,VAAH,0,1,1,19440101,20250824
42343099999,Ajmer,Western Arid/Semi-Arid,western_arid_semi_arid,all_india_network,26.45,74.617,486.0,,0,1,1,19440101,20250824
42435099999,Barmer,Western Arid/Semi-Arid,western_arid_semi_arid,all_india_network,25.75,71.383,194.0,,0,1,1,19440101,20250824
42748099999,Baroda Aerodrome,Western Arid/Semi-Arid,western_arid_semi_arid,all_india_network,22.333,73.267,37.0,,0,1,1,20070520,20240530
42447099999,Bhilwara,Western Arid/Semi-Arid,western_arid_semi_arid,all_india_network,25.35,74.633,425.0,,0,1,1,20020917,20250824
42634099999,Bhuj,Western Arid/Semi-Arid,western_arid_semi_arid,all_india_network,23.288,69.67,81.7,VABJ,0,1,1,19440101,20250824
42165099999,Bikaner,Western Arid/Semi-Arid,western_arid_semi_arid,all_india_network,28.0,73.3,224.0,,0,1,1,19440101,20250824
42546099999,Chittorgarh,Western Arid/Semi-Arid,western_arid_semi_arid,all_india_network,24.883,74.633,404.0,,0,1,1,20090205,20250824
42170099999,Churu,Western Arid/Semi-Arid,western_arid_semi_arid,all_india_network,28.25,74.917,291.0,,0,1,1,19730101,20250824
42539099999,Deesa,Western Arid/Semi-Arid,western_arid_semi_arid,all_india_network,24.2,72.2,136.0,,0,1,1,19440101,20250824
42754099999,Devi Ahilyabai Holkar,Western Arid/Semi-Arid,western_arid_semi_arid,all_india_network,22.722,75.801,563.9,VAID,0,1,1,19440101,20250824
42752099999,Dhar,Western Arid/Semi-Arid,western_arid_semi_arid,all_india_network,22.6,75.3,583.0,,0,1,1,19740724,20250627
42751099999,Dohad,Western Arid/Semi-Arid,western_arid_semi_arid,all_india_network,22.833,74.267,333.0,,0,1,1,19440101,20240627
42731099999,Dwarka,Western Arid/Semi-Arid,western_arid_semi_arid,all_india_network,22.367,69.083,11.0,,0,1,1,19440101,20250824
42441099999,Erinpura /Jawai Dam Site,Western Arid/Semi-Arid,western_arid_semi_arid,all_india_network,25.083,73.083,295.0,,0,1,1,19450801,20250823
42654099999,Gandhinagar,Western Arid/Semi-Arid,western_arid_semi_arid,all_india_network,23.233,72.717,82.0,,0,1,1,20151207,20250824
42123099999,Ganganagar,Western Arid/Semi-Arid,western_arid_semi_arid,all_india_network,29.917,73.917,177.0,,0,1,1,19440101,20250824
42328099999,Jaisalmer,Western Arid/Semi-Arid,western_arid_semi_arid,all_india_network,26.9,70.917,231.0,,0,1,1,19730101,20250824
42339099999,Jodhpur,Western Arid/Semi-Arid,western_arid_semi_arid,all_india_network,26.251,73.049,218.5,VIJO,0,1,1,19430731,20250824
42638099999,Kandla Aerodrome,Western Arid/Semi-Arid,western_arid_semi_arid,all_india_network,23.15,70.117,29.0,,0,1,1,20041007,20250824
42452099999,Kota,Western Arid/Semi-Arid,western_arid_semi_arid,all_india_network,25.16,75.846,273.1,VIKO,0,1,1,19730101,20250824
42540099999,Mount Abu,Western Arid/Semi-Arid,western_arid_semi_arid,all_india_network,24.6,72.717,1195.0,,0,1,1,19440101,20250701
42631099999,Naliya,Western Arid/Semi-Arid,western_arid_semi_arid,all_india_network,23.25,68.85,21.0,,0,1,1,19730101,20250824
42639099999,New Kandla,Western Arid/Semi-Arid,western_arid_semi_arid,all_india_network,23.0,70.217,14.0,,0,1,1,20090205,20250824
42730099999,Okha,Western Arid/Semi-Arid,western_arid_semi_arid,all_india_network,22.483,69.117,7.0,,0,1,1,20011014,20250824
42237099999,Phalodi,Western Arid/Semi-Arid,western_arid_semi_arid,all_india_network,27.133,72.367,234.0,,0,1,1,19440101,20250823
42174099999,Pilani,Western Arid/Semi-Arid,western_arid_semi_arid,all_india_network,28.333,75.583,301.0,,0,1,1,20020630,20250824
42737099999,Rajkot,Western Arid/Semi-Arid,western_arid_semi_arid,all_india_network,22.309,70.78,134.4,VARK,0,1,1,19440101,20250824
42661099999,Ratlam,Western Arid/Semi-Arid,western_arid_semi_arid,all_india_network,23.317,75.05,486.0,,0,1,1,19730101,20250824
42249099999,Sikar,Western Arid/Semi-Arid,western_arid_semi_arid,all_india_network,27.617,75.133,433.0,,0,1,1,19730101,20250824
42740099999,Surendranagar,Western Arid/Semi-Arid,western_arid_semi_arid,all_india_network,22.733,71.6,74.0,,0,1,1,19730101,20250824
42542099999,Udaipur / Maharana Pratap,Western Arid/Semi-Arid,western_arid_semi_arid,all_india_network,24.618,73.896,513.3,VAUD,0,1,1,19750811,20250824
42662099999,Ujjain,Western Arid/Semi-Arid,western_arid_semi_arid,all_india_network,23.183,75.783,489.0,,0,1,1,20020615,20250824
42744099999,Vallabh Vidyanagar,Western Arid/Semi-Arid,western_arid_semi_arid,all_india_network,22.567,72.933,44.0,,0,1,1,19831001,20250824
74924299999,Bankadaha West,Central Plateau,central_plateau,all_india_network,22.967,87.3,79.0,,0,0,0,19440229,19450921
74923599999,Chakulia,Central Plateau,central_plateau,all_india_network,22.45,86.7,131.0,,0,0,0,19421101,19450430
42783099999,Champa,Central Plateau,central_plateau,all_india_network,22.033,82.7,245.0,,0,0,0,19730101,20090205
42703099999,Dhanbad,Central Plateau,central_plateau,all_india_network,23.783,86.433,257.0,,0,0,0,20010813,20170103
74923499999,Guskhara Southeast,Central Plateau,central_plateau,all_india_network,23.467,87.783,41.0,,0,0,0,19431201,19441215
42699099999,Hazaribagh,Central Plateau,central_plateau,all_india_network,23.983,85.367,611.0,,0,0,0,19440101,20190510
42802099999,Kalaikunda,Central Plateau,central_plateau,all_india_network,22.333,87.217,62.0,,0,0,0,19440115,19451210
42953099999,Kanker,Central Plateau,central_plateau,all_india_network,20.267,81.483,402.0,,0,0,0,19440101,20191202
74924199999,Kharagpur Southeast,Central Plateau,central_plateau,all_india_network,22.3,87.333,41.0,,0,0,0,19440103,19450903
43308099999,Mahabalipuram,Central Plateau,central_plateau,all_india_network,12.617,80.2,9.0,,0,0,0,19760825,19760827
74924099999,Malandighi Northwest,Central Plateau,central_plateau,all_india_network,23.633,87.35,94.0,,0,0,0,19431231,19441228
42704099999,Panagarh,Central Plateau,central_plateau,all_india_network,23.467,87.433,74.0,,0,0,0,19431130,20020805
74924399999,Pandaveswar Sw,Central Plateau,central_plateau,all_india_network,23.717,87.283,87.0,,0,0,0,19450108,19450930
43064099999,Pune / Lohogaon Aerodrome,Central Plateau,central_plateau,all_india_network,18.583,73.917,589.0,,0,0,0,19880501,20160618
42884099999,Raigarh,Central Plateau,central_plateau,all_india_network,21.883,83.383,220.0,,0,0,0,19990612,20070520
42737199999,Raipur,Central Plateau,central_plateau,all_india_network,21.18,81.739,317.3,VARP,0,0,0,20080616,20190831
42700099999,Ranchi,Central Plateau,central_plateau,all_india_network,23.433,85.4,647.0,,0,0,0,19730101,20140203
74923899999,Raniganj East,Central Plateau,central_plateau,all_india_network,23.617,87.2,86.0,,0,0,0,19430531,19451229
42665099999,Shajapur,Central Plateau,central_plateau,all_india_network,23.433,76.317,446.0,,0,0,1,20010806,20220525
42669099999,Vidisha,Central Plateau,central_plateau,all_india_network,23.533,77.817,430.0,,0,0,1,20010713,20230127
43180099999,Vijayawada,Central Plateau,central_plateau,all_india_network,16.517,80.617,20.0,,0,0,0,20010823,20021025
43062099999,Bhira,Coastal Plains,coastal_plains,all_india_network,18.45,73.4,96.0,,0,0,0,20070520,20190919
42963099999,Bolangir,Coastal Plains,coastal_plains,all_india_network,20.7,83.5,190.0,,0,0,1,20020418,20220614
43002099999,Bombay / Juhu,Coastal Plains,coastal_plains,all_india_network,19.117,72.833,3.0,,0,0,0,20161012,20161012
43336099999,Cochin Int. Airport Nedumbassery,Coastal Plains,coastal_plains,all_india_network,10.15,76.4,7.7,,0,0,1,20061013,20211212
43319099999,Coimbatore,Coastal Plains,coastal_plains,all_india_network,11.0,76.967,409.0,,0,0,1,19440101,20230930
43153099999,Devgarh,Coastal Plains,coastal_plains,all_india_network,16.383,73.35,36.0,,0,0,0,19460801,19860725
43061099999,Khandala,Coastal Plains,coastal_plains,all_india_network,18.767,73.367,539.0,,0,0,0,19440507,20070522
43374099999,Kovalam,Coastal Plains,coastal_plains,all_india_network,8.083,77.25,35.0,,0,0,0,20011027,20011027
43358099999,Kovilangulam,Coastal Plains,coastal_plains,all_india_network,9.55,78.083,103.0,,0,0,1,20151208,20210515
43328099999,Pondicherry,Coastal Plains,coastal_plains,all_india_network,11.917,79.833,6.0,,0,0,0,20020305,20030528
42977099999,Sandheads,Coastal Plains,coastal_plains,all_india_network,20.85,88.25,10.0,,0,0,0,19440101,19971231
43373099999,Trivandrum Met.Obs./Thumba,Coastal Plains,coastal_plains,all_india_network,8.533,76.867,7.0,,0,0,1,20030304,20220824
43257099999,Agumbe Emo,Deccan Plateau,deccan_plateau,all_india_network,13.5,75.083,659.0,,0,0,1,20010808,20220104
43013099999,Aurangabad,Deccan Plateau,deccan_plateau,all_india_network,19.883,75.333,579.0,,0,0,1,19440101,20230422
43160099999,Bagalkote,Deccan Plateau,deccan_plateau,all_india_network,16.7,75.75,524.0,,0,0,1,19440101,20231009
43259099999,Balehonur,Deccan Plateau,deccan_plateau,all_india_network,13.367,75.45,907.0,,0,0,1,19851209,20230909
43205099999,Bellary,Deccan Plateau,deccan_plateau,all_india_network,15.15,76.85,449.0,,0,0,0,19440101,19970316
43264099999,Chikkanahalli,Deccan Plateau,deccan_plateau,all_india_network,13.667,77.917,672.0,,0,0,0,20151210,20190507
43130099999,Hakimpet,Deccan Plateau,deccan_plateau,all_india_network,17.55,78.517,613.0,,0,0,0,19890731,19890731
43012099999,Jalna,Deccan Plateau,deccan_plateau,all_india_network,19.833,75.8,538.0,,0,0,1,20151208,20230617
43299099999,Kolar Gold Fields,Deccan Plateau,deccan_plateau,all_india_network,12.95,78.3,882.0,,0,0,1,19990207,20210716
43228099999,Koppal,Deccan Plateau,deccan_plateau,all_india_network,15.35,76.15,532.0,,0,0,1,20151208,20220912
43283099999,Mangalore,Deccan Plateau,deccan_plateau,all_india_network,12.867,74.85,22.0,,0,0,0,19440101,19631231
43022099999,Priyadarshini,Deccan Plateau,deccan_plateau,all_india_network,19.75,78.033,457.0,,0,0,0,20081111,20081111
43019099999,Pusad,Deccan Plateau,deccan_plateau,all_india_network,19.917,77.583,332.0,,0,0,1,19831018,20230225
43089099999,Sironcha,Deccan Plateau,deccan_plateau,all_india_network,18.85,79.967,123.0,,0,0,0,20010812,20021015
42487099999,Arrah,Indo-Gangetic Plains,indo_gangetic_plains,all_india_network,25.567,84.667,58.0,,0,0,1,20170508,20220216
42381099999,Azamgarh,Indo-Gangetic Plains,indo_gangetic_plains,all_india_network,26.05,83.217,78.0,,0,0,0,19730101,19800626
42358099999,Bhind,Indo-Gangetic Plains,indo_gangetic_plains,all_india_network,26.567,78.8,168.0,,0,0,0,20020328,20021208
42151099999,Dharchula,Indo-Gangetic Plains,indo_gangetic_plains,all_india_network,29.85,80.533,817.0,,0,0,1,19831002,20230321
42274099999,Gonda,Indo-Gangetic Plains,indo_gangetic_plains,all_india_network,27.133,81.967,110.0,,0,0,0,19730101,20171008
42178099999,Gurgaon,Indo-Gangetic Plains,indo_gangetic_plains,all_india_network,28.417,77.0,224.0,,0,0,1,20010718,20200513
42595099999,Jamui,Indo-Gangetic Plains,indo_gangetic_plains,all_india_network,24.933,86.3,82.0,,0,0,0,20120710,20120710
42477099999,Jaunpur,Indo-Gangetic Plains,indo_gangetic_plains,all_india_network,25.75,82.683,80.0,,0,0,1,20170531,20230224
42555099999,Jhalawar,Indo-Gangetic Plains,indo_gangetic_plains,all_india_network,24.533,76.167,321.0,,0,0,1,19440101,20221025
42366099999,Kanpur,Indo-Gangetic Plains,indo_gangetic_plains,all_india_network,26.433,80.367,125.0,,0,0,0,19450621,20180217
42368099999,Lucknow,Indo-Gangetic Plains,indo_gangetic_plains,all_india_network,26.867,80.933,111.0,,0,0,1,19730101,20211125
42265099999,Mainpuri,Indo-Gangetic Plains,indo_gangetic_plains,all_india_network,27.233,79.05,157.0,,0,0,1,19440101,20210303
42390099999,Muzaffarpur Aerodrome,Indo-Gangetic Plains,indo_gangetic_plains,all_india_network,26.117,85.317,53.0,,0,0,0,20011029,20170327
42190099999,Pilibhit,Indo-Gangetic Plains,indo_gangetic_plains,all_india_network,28.633,79.8,188.0,,0,0,0,20020725,20020725
42472099999,Pratapgarh,Indo-Gangetic Plains,indo_gangetic_plains,all_india_network,25.9,81.95,99.0,,0,0,0,20161018,20180706
42188099999,Rampur,Indo-Gangetic Plains,indo_gangetic_plains,all_india_network,28.75,79.0,191.0,,0,0,1,19990709,20211124
42140099999,Roorkee,Indo-Gangetic Plains,indo_gangetic_plains,all_india_network,29.85,77.883,274.0,,0,0,0,19440101,20180810
42453099999,Sawai Madhopur,Indo-Gangetic Plains,indo_gangetic_plains,all_india_network,25.983,76.367,264.0,,0,0,1,20010822,20211112
74923999999,Sherghati Northeast,Indo-Gangetic Plains,indo_gangetic_plains,all_india_network,24.6,84.883,149.0,,0,0,0,19431130,19440418
42375099999,Sultanpur,Indo-Gangetic Plains,indo_gangetic_plains,all_india_network,26.25,82.0,97.0,,0,0,0,19990614,20190527
42353099999,Supaul,Indo-Gangetic Plains,indo_gangetic_plains,all_india_network,26.133,86.583,49.0,,0,0,1,20200815,20220326
43312099999,Agatti,Island Territories,island_territories,all_india_network,10.85,72.467,4.0,,0,0,0,20020325,20030525
43385099999,Kondul,Island Territories,island_territories,all_india_network,7.217,93.733,8.0,,0,0,0,19730101,19970805
43395099999,Male Island,Island Territories,island_territories,all_india_network,4.167,73.5,6.0,,0,0,0,19740730,19811214
74924699999,Bansbera Northeast,Northeast Hills,northeast_hills,all_india_network,26.8,92.617,98.0,,0,0,0,19431130,19451018
42810099999,Basirhat,Northeast Hills,northeast_hills,all_india_network,22.65,88.867,4.0,,0,0,0,20151207,20190408
42808199999,Calcutta/Barracks,Northeast Hills,northeast_hills,all_india_network,22.767,88.367,7.0,,0,0,0,19440331,19460531
74925299999,Dergaon,Northeast Hills,northeast_hills,all_india_network,26.717,93.95,91.0,,0,0,0,19440131,19450531
42406099999,Dhubri/Rupsi,Northeast Hills,northeast_hills,all_india_network,26.15,89.917,45.0,,0,0,0,19450630,19450930
42316099999,Digboi,Northeast Hills,northeast_hills,all_india_network,27.383,95.617,143.0,,0,0,0,19440901,20160805
74924499999,Doom-Dooma,Northeast Hills,northeast_hills,all_india_network,27.567,95.567,130.0,,0,0,0,19430331,19451015
42419099999,Gohpur,Northeast Hills,northeast_hills,all_india_network,26.833,93.583,82.0,,0,0,0,19831028,20071017
74924999999,Hailakandi Northwest,Northeast Hills,northeast_hills,all_india_network,24.717,92.533,25.0,,0,0,0,19440216,19440520
42206099999,Haldia,Northeast Hills,northeast_hills,all_india_network,22.067,88.067,11.0,,0,0,0,20170614,20170614
74924799999,Jhanzi West,Northeast Hills,northeast_hills,all_india_network,26.85,94.433,92.0,,0,0,0,19431231,19440219
74925099999,Moran Southwest,Northeast Hills,northeast_hills,all_india_network,27.15,94.9,100.0,,0,0,0,19440220,19450228
74925199999,Sadiya,Northeast Hills,northeast_hills,all_india_network,27.85,95.667,130.0,,0,0,0,19431231,19440430
42311099999,Sibsagar,Northeast Hills,northeast_hills,all_india_network,26.983,94.633,97.0,,0,0,0,19440101,20160117
42620099999,Silchar/Kumbhirgram,Northeast Hills,northeast_hills,all_india_network,24.917,92.983,105.0,,0,0,0,19860321,19910723
42397099999,Siliguri,Northeast Hills,northeast_hills,all_india_network,26.667,88.367,123.0,,0,0,1,19990213,20230501
42409099999,Tangla,Northeast Hills,northeast_hills,all_india_network,26.65,91.917,65.0,,0,0,1,19740221,20230219
42416099999,Tezpur/Bindukuri,Northeast Hills,northeast_hills,all_india_network,26.717,92.8,75.0,,0,0,1,19430510,20210702
42426099999,Tuensang,Northeast Hills,northeast_hills,all_india_network,26.267,94.817,1608.0,,0,0,1,20201206,20221121
42511099999,Tura,Northeast Hills,northeast_hills,all_india_network,25.517,90.233,370.0,,0,0,0,19730101,20021123
42312099999,Ziro,Northeast Hills,northeast_hills,all_india_network,27.917,94.8,1476.0,,0,0,0,20010802,20171105
42097099999,Bhatinda,Northern Himalayas,northern_himalayas,all_india_network,30.167,74.583,211.0,,0,0,1,20200213,20200213
42080099999,Bilaspur,Northern Himalayas,northern_himalayas,all_india_network,31.25,76.667,587.0,,0,0,0,19590602,19971222
42117099999,Chamoli,Northern Himalayas,northern_himalayas,all_india_network,30.4,79.333,1160.0,,0,0,1,19990211,20200307
42059099999,Dalhousie,Northern Himalayas,northern_himalayas,all_india_network,32.533,75.967,1959.0,,0,0,0,19440601,20060101
42107099999,Dharmpur,Northern Himalayas,northern_himalayas,all_india_network,30.9,77.017,1986.0,,0,0,0,19990701,20021214
42030099999,Dras,Northern Himalayas,northern_himalayas,all_india_network,34.433,75.767,3066.0,,0,0,0,19440101,20070426
43542099999,Dras,Northern Himalayas,northern_himalayas,all_india_network,34.433,75.767,3066.0,,0,0,0,19550430,19631230
42096099999,Ferozepur,Northern Himalayas,northern_himalayas,all_india_network,30.917,74.667,200.0,,0,0,0,19730101,19900317
42098099999,Halwara,Northern Himalayas,northern_himalayas,all_india_network,30.75,75.633,241.0,,0,0,0,19440101,19481231
42055099999,Jammu (In-Afb),Northern Himalayas,northern_himalayas,all_india_network,32.683,74.833,314.0,,0,0,0,19730101,19910719
42116099999,Joshimath,Northern Himalayas,northern_himalayas,all_india_network,30.55,79.567,1875.0,,0,0,0,19730101,20021002
42074099999,Kapurthala,Northern Himalayas,northern_himalayas,all_india_network,31.333,75.333,229.0,,0,0,0,20020214,20160509
42060099999,Kathua,Northern Himalayas,northern_himalayas,all_india_network,32.333,75.5,380.0,,0,0,0,20011121,20180316
42063099999,Kyelong,Northern Himalayas,northern_himalayas,all_india_network,32.583,77.067,3348.0,,0,0,1,20170926,20230807
42034099999,Leh               &,Northern Himalayas,northern_himalayas,all_india_network,34.15,77.567,3513.0,,0,0,0,19440101,19481106
42640999999,Mt Horeb,Northern Himalayas,northern_himalayas,all_india_network,42.983,-89.75,370.0,C96,0,0,0,19860331,19860331
42121099999,Munsyari,Northern Himalayas,northern_himalayas,all_india_network,30.117,80.25,3414.0,,0,0,1,20011024,20210420
42112099999,Mussoorie,Northern Himalayas,northern_himalayas,all_india_network,30.45,78.083,2042.0,,0,0,1,19540101,20201209
42146099999,Nainital,Northern Himalayas,northern_himalayas,all_india_network,29.4,79.467,1953.0,,0,0,0,19730103,19790214
42057099999,Pathankot (In-Afb)&,Northern Himalayas,northern_himalayas,all_india_network,32.233,75.633,312.0,,0,0,0,19730102,19750831
42110099999,Pauri,Northern Himalayas,northern_himalayas,all_india_network,30.15,78.783,1845.0,,0,0,0,20190315,20190315
42135099999,Sangrur,Northern Himalayas,northern_himalayas,all_india_network,30.167,75.833,236.0,,0,0,0,19831001,20180519
42029099999,Sonamarg,Northern Himalayas,northern_himalayas,all_india_network,34.317,75.317,2515.0,,0,0,1,19740613,20211224
43541099999,Sonamarg          &,Northern Himalayas,northern_himalayas,all_india_network,34.317,75.317,2515.0,,0,0,0,19440101,19631112
42108099999,Uttarkashi,Northern Himalayas,northern_himalayas,all_india_network,30.733,78.45,1200.0,,0,0,1,19990420,20230805
42753099999,Alirajpur,Western Arid/Semi-Arid,western_arid_semi_arid,all_india_network,22.283,74.4,293.0,,0,0,1,20210917,20210917
42122099999,Anupgarh,Western Arid/Semi-Arid,western_arid_semi_arid,all_india_network,29.167,73.167,154.0,,0,0,1,19440101,20220805
42655099999,Banswara,Western Arid/Semi-Arid,western_arid_semi_arid,all_india_network,23.55,74.45,220.0,,0,0,0,20021116,20090205
42747099999,Baroda,Western Arid/Semi-Arid,western_arid_semi_arid,all_india_network,22.3,73.25,34.0,,0,0,1,19440101,20230830
42450099999,Bundi,Western Arid/Semi-Arid,western_arid_semi_arid,all_india_network,25.45,75.633,267.0,,0,0,1,20090205,20230712
42552099999,Chambal/Rawat Bhata,Western Arid/Semi-Arid,western_arid_semi_arid,all_india_network,24.917,75.583,351.0,,0,0,0,20040727,20090205
42652099999,Dungarpur,Western Arid/Semi-Arid,western_arid_semi_arid,all_india_network,23.833,73.667,291.0,,0,0,0,20011122,20171011
42651099999,Idar,Western Arid/Semi-Arid,western_arid_semi_arid,all_india_network,23.833,73.033,219.0,,0,0,0,20090205,20181105
42439099999,Jalore,Western Arid/Semi-Arid,western_arid_semi_arid,all_india_network,25.35,72.617,168.0,,0,0,1,20151208,20200407
42734099999,Jamnagar,Western Arid/Semi-Arid,western_arid_semi_arid,all_india_network,22.45,70.083,14.0,,0,0,0,19730101,19760102
42451099999,Kota-In-Rajasthan,Western Arid/Semi-Arid,western_arid_semi_arid,all_india_network,25.183,75.85,256.0,,0,0,0,19440101,19780502
42729099999,Mandvi,Western Arid/Semi-Arid,western_arid_semi_arid,all_india_network,22.817,69.267,9.0,,0,0,0,20010921,20180620
42242099999,Nagaur,Western Arid/Semi-Arid,western_arid_semi_arid,all_india_network,27.167,73.667,298.0,,0,0,0,20010723,20020817
42547099999,Nimach,Western Arid/Semi-Arid,western_arid_semi_arid,all_india_network,24.467,74.9,496.0,,0,0,0,19440101,19900427
42349099999,Tonk,Western Arid/Semi-Arid,western_arid_semi_arid,all_india_network,26.167,75.75,272.0,,0,0,1,19990514,20210712
42543099999,Udaipur,Western Arid/Semi-Arid,western_arid_semi_arid,all_india_network,24.583,73.7,582.0,,0,0,0,19440601,20170701
