USAF,WBAN,STATION NAME,CTRY,STATE,ICAO,LAT,LON,ELEV(M),BEGIN,END,station_id,latitude,longitude,elevation_m,coordinate_valid,station_name,legacy_24_station,geographic_block,station_role,inventory_reports_2020,file_listed_2020,inventory_reports_2021,file_listed_2021,inventory_reports_2022,file_listed_2022,inventory_reports_2023,file_listed_2023
420100,99999,BOGUS INDIAN,IN,,,,,,19870511,20020618,42010099999,,,,False,BOGUS INDIAN,False,<NA>:<NA>,spatial_holdout,0,False,0,False,0,False,0,False
420260,99999,GULMARG,IN,,,+34.050,+074.400,+2655.0,19440601,20250824,42026099999,34.05,74.4,2655.0,True,GULMARG,False,17:37,development,520,True,677,True,701,True,578,True
420270,99999,SRINAGAR,IN,,,+34.083,+074.833,+1587.0,19730101,20250824,42027099999,34.083,74.833,1587.0,True,SRINAGAR,False,17:37,development,2837,True,2848,True,2826,True,2823,True
420290,99999,SONAMARG,IN,,,+34.317,+075.317,+2515.0,19740613,20211224,42029099999,34.317,75.317,2515.0,True,SONAMARG,False,17:37,development,1,True,2,True,0,False,0,False
420300,99999,DRAS,IN,,,+34.433,+075.767,+3066.0,19440101,20070426,42030099999,34.433,75.767,3066.0,True,DRAS,False,17:37,development,0,False,0,False,0,False,0,False
420340,99999,LEH               &,IN,,,+34.150,+077.567,+3513.0,19440101,19481106,42034099999,34.15,77.567,3513.0,True,LEH               &,False,17:38,development,0,False,0,False,0,False,0,False
420420,99999,SRINAGAR,IN,,,+33.983,+074.783,+1664.0,19881026,20241111,42042099999,33.983,74.783,1664.0,True,SRINAGAR,False,16:37,spatial_holdout,0,False,0,False,0,False,0,False
420440,99999,QAZI GUND,IN,,,+33.583,+075.083,+1690.0,20090205,20250824,42044099999,33.583,75.083,1690.0,True,QAZI GUND,False,16:37,spatial_holdout,1810,True,1773,True,1799,True,1754,True
420450,99999,BANIHAL,IN,,,+33.500,+075.167,+1630.0,20021023,20250824,42045099999,33.5,75.167,1630.0,True,BANIHAL,False,16:37,spatial_holdout,1816,True,1780,True,1798,True,1755,True
420550,99999,JAMMU (IN-AFB),IN,,,+32.683,+074.833,+0314.0,19730101,19910719,42055099999,32.683,74.833,314.0,True,JAMMU (IN-AFB),False,16:37,spatial_holdout,0,False,0,False,0,False,0,False
420560,99999,JAMMU,IN,,,+32.667,+074.833,+0367.0,19830902,20250824,42056099999,32.667,74.833,367.0,True,JAMMU,False,16:37,spatial_holdout,2871,True,2809,True,2778,True,2832,True
420570,99999,PATHANKOT (IN-AFB)&,IN,,,+32.233,+075.633,+0312.0,19730102,19750831,42057099999,32.233,75.633,312.0,True,PATHANKOT (IN-AFB)&,False,16:37,spatial_holdout,0,False,0,False,0,False,0,False
420590,99999,DALHOUSIE,IN,,,+32.533,+075.967,+1959.0,19440601,20060101,42059099999,32.533,75.967,1959.0,True,DALHOUSIE,False,16:37,spatial_holdout,0,False,0,False,0,False,0,False
420600,99999,KATHUA,IN,,,+32.333,+075.500,+0380.0,20011121,20180316,42060099999,32.333,75.5,380.0,True,KATHUA,False,16:37,spatial_holdout,0,False,0,False,0,False,0,False
420620,99999,DHARMSALA,IN,,,+32.267,+076.383,+1211.0,19730101,20250824,42062099999,32.267,76.383,1211.0,True,DHARMSALA,False,16:38,development,688,True,660,True,613,True,457,True
420630,99999,KYELONG,IN,,,+32.583,+077.067,+3348.0,20170926,20230807,42063099999,32.583,77.067,3348.0,True,KYELONG,False,16:38,development,1,True,0,False,0,False,1,True
420650,99999,MANALI,IN,,,+32.267,+077.167,+2039.0,19990223,20250824,42065099999,32.267,77.167,2039.0,True,MANALI,False,16:38,development,688,True,703,True,716,True,618,True
420710,99999,AMRITSAR,IN,,VIAR,+31.710,+074.797,+0230.4,19730101,20250824,42071099999,31.71,74.797,230.4,True,AMRITSAR,False,15:37,development,18596,True,18714,True,19210,True,19022,True
420740,99999,KAPURTHALA,IN,,,+31.333,+075.333,+0229.0,20020214,20160509,42074099999,31.333,75.333,229.0,True,KAPURTHALA,False,15:37,development,0,False,0,False,0,False,0,False
420750,99999,JULLUNDUR,IN,,,+31.467,+075.583,-0999.9,20180918,20240213,42075099999,31.467,75.583,-999.9,True,JULLUNDUR,False,15:37,development,2,True,2,True,1,True,0,False
420770,99999,UNA,IN,,,+31.467,+076.267,+0369.0,20090205,20250824,42077099999,31.467,76.267,369.0,True,UNA,False,15:38,development,689,True,569,True,553,True,658,True
420780,99999,MANDI,IN,,,+31.717,+076.967,+0761.0,19590602,20250824,42078099999,31.717,76.967,761.0,True,MANDI,False,15:38,development,502,True,711,True,716,True,706,True
420790,99999,SUNDERNAGAR,IN,,,+31.533,+076.900,+0874.0,20130529,20250824,42079099999,31.533,76.9,874.0,True,SUNDERNAGAR,False,15:38,development,2645,True,2860,True,2875,True,2819,True
420800,99999,BILASPUR,IN,,,+31.250,+076.667,+0587.0,19590602,19971222,42080099999,31.25,76.667,587.0,True,BILASPUR,False,15:38,development,0,False,0,False,0,False,0,False
420801,99999,BHAVNAGAR,IN,,VABV,+21.752,+072.185,+0013.4,20110129,20250824,42080199999,21.752,72.185,13.4,True,BHAVNAGAR,False,10:36,development,2150,True,3619,True,3375,True,3445,True
420810,99999,BHUNTAR,IN,,,+31.833,+077.167,+1084.0,20020903,20250824,42081099999,31.833,77.167,1084.0,True,BHUNTAR,False,15:38,development,1391,True,1411,True,1432,True,1390,True
420830,99999,SHIMLA,IN,,,+31.100,+077.167,+2202.0,19440101,20250824,42083099999,31.1,77.167,2202.0,True,SHIMLA,False,15:38,development,1432,True,1426,True,1442,True,1357,True
420960,99999,FEROZEPUR,IN,,,+30.917,+074.667,+0200.0,19730101,19900317,42096099999,30.917,74.667,200.0,True,FEROZEPUR,False,15:37,development,0,False,0,False,0,False,0,False
420970,99999,BHATINDA,IN,,,+30.167,+074.583,+0211.0,20200213,20200213,42097099999,30.167,74.583,211.0,True,BHATINDA,False,15:37,development,1,True,0,False,0,False,0,False
420980,99999,HALWARA,IN,,,+30.750,+075.633,+0241.0,19440101,19481231,42098099999,30.75,75.633,241.0,True,HALWARA,False,15:37,development,0,False,0,False,0,False,0,False
420990,99999,LUDHIANA,IN,,,+30.867,+075.933,+0255.0,19730101,20250824,42099099999,30.867,75.933,255.0,True,LUDHIANA,False,15:37,development,1443,True,1422,True,1451,True,1413,True
421010,99999,PATIALA,IN,,,+30.333,+076.467,+0251.0,19730101,20250824,42101099999,30.333,76.467,251.0,True,PATIALA,False,15:38,development,2912,True,2834,True,2865,True,2827,True
421030,99999,AMBALA,IN,,,+30.383,+076.767,+0272.0,19440101,20250824,42103099999,30.383,76.767,272.0,True,AMBALA,False,15:38,development,2865,True,2846,True,2879,True,2859,True
421040,99999,NAHAN,IN,,,+30.400,+076.767,+0958.0,19881016,20250824,42104099999,30.4,76.767,958.0,True,NAHAN,False,15:38,development,524,True,659,True,602,True,588,True
421050,99999,CHANDIGARH(IAFB),IN,,,+30.733,+076.883,+0347.0,19740101,20250824,42105099999,30.733,76.883,347.0,True,CHANDIGARH(IAFB),False,15:38,development,2878,True,2853,True,2873,True,2813,True
421070,99999,DHARMPUR,IN,,,+30.900,+077.017,+1986.0,19990701,20021214,42107099999,30.9,77.017,1986.0,True,DHARMPUR,False,15:38,development,0,False,0,False,0,False,0,False
421080,99999,UTTARKASHI,IN,,,+30.733,+078.450,+1200.0,19990420,20230805,42108099999,30.733,78.45,1200.0,True,UTTARKASHI,False,15:39,spatial_holdout,0,False,0,False,0,False,2,True
421100,99999,PAURI,IN,,,+30.150,+078.783,+1845.0,20190315,20190315,42110099999,30.15,78.783,1845.0,True,PAURI,False,15:39,spatial_holdout,0,False,0,False,0,False,0,False
421110,99999,DEHRADUN,IN,,,+30.317,+078.033,+0682.0,19440101,20250824,42111099999,30.317,78.033,682.0,True,DEHRADUN,False,15:39,spatial_holdout,2890,True,2852,True,2840,True,2792,True
421120,99999,MUSSOORIE,IN,,,+30.450,+078.083,+2042.0,19540101,20201209,42112099999,30.45,78.083,2042.0,True,MUSSOORIE,False,15:39,spatial_holdout,1,True,0,False,0,False,0,False
421140,99999,TEHRI,IN,,,+30.400,+078.483,+0770.0,19981224,20250824,42114099999,30.4,78.483,770.0,True,TEHRI,False,15:39,spatial_holdout,1435,True,1421,True,1438,True,1423,True
421160,99999,JOSHIMATH,IN,,,+30.550,+079.567,+1875.0,19730101,20021002,42116099999,30.55,79.567,1875.0,True,JOSHIMATH,False,15:39,spatial_holdout,0,False,0,False,0,False,0,False
421170,99999,CHAMOLI,IN,,,+30.400,+079.333,+1160.0,19990211,20200307,42117099999,30.4,79.333,1160.0,True,CHAMOLI,False,15:39,spatial_holdout,1,True,0,False,0,False,0,False
421210,99999,MUNSYARI,IN,,,+30.117,+080.250,+3414.0,20011024,20210420,42121099999,30.117,80.25,3414.0,True,MUNSYARI,False,15:40,spatial_holdout,0,False,4,True,0,False,0,False
421220,99999,ANUPGARH,IN,,,+29.167,+073.167,+0154.0,19440101,20220805,42122099999,29.167,73.167,154.0,True,ANUPGARH,False,14:36,development,0,False,0,False,1,True,0,False
421230,99999,GANGANAGAR,IN,,,+29.917,+073.917,+0177.0,19440101,20250824,42123099999,29.917,73.917,177.0,True,GANGANAGAR,False,14:36,development,2893,True,2877,True,2883,True,2870,True
421310,99999,HISAR,IN,,VIHR,+29.179,+075.755,+0213.4,19440101,20250824,42131099999,29.179,75.755,213.4,True,HISAR,True,14:37,development,2829,True,2859,True,2822,True,2791,True
421350,99999,SANGRUR,IN,,,+30.167,+075.833,+0236.0,19831001,20180519,42135099999,30.167,75.833,236.0,True,SANGRUR,False,15:37,development,0,False,0,False,0,False,0,False
421370,99999,KARNAL,IN,,,+29.700,+077.033,+0249.0,19730109,20250823,42137099999,29.7,77.033,249.0,True,KARNAL,False,14:38,development,509,True,529,True,298,True,299,True
421390,99999,MEERUT,IN,,,+29.017,+077.717,+0222.0,19440603,20250824,42139099999,29.017,77.717,222.0,True,MEERUT,False,14:38,development,1411,True,1418,True,1447,True,1430,True
421400,99999,ROORKEE,IN,,,+29.850,+077.883,+0274.0,19440101,20180810,42140099999,29.85,77.883,274.0,True,ROORKEE,False,14:38,development,0,False,0,False,0,False,0,False
421430,99999,NAJIBABAD,IN,,,+29.617,+078.383,+0270.0,19730101,20250824,42143099999,29.617,78.383,270.0,True,NAJIBABAD,False,14:39,development,694,True,687,True,676,True,665,True
421460,99999,NAINITAL,IN,,,+29.400,+079.467,+1953.0,19730103,19790214,42146099999,29.4,79.467,1953.0,True,NAINITAL,False,14:39,development,0,False,0,False,0,False,0,False
421470,99999,MUKTESHWAR KUMAON,IN,,,+29.467,+079.650,+2311.0,19440101,20250824,42147099999,29.467,79.65,2311.0,True,MUKTESHWAR KUMAON,False,14:39,development,1448,True,1425,True,1440,True,1426,True
421480,99999,PANTNAGAR,IN,,,+29.033,+079.467,+0233.0,20070520,20250824,42148099999,29.033,79.467,233.0,True,PANTNAGAR,False,14:39,development,1452,True,1424,True,1438,True,1427,True
421510,99999,DHARCHULA,IN,,,+29.850,+080.533,+0817.0,19831002,20230321,42151099999,29.85,80.533,817.0,True,DHARCHULA,False,14:40,spatial_holdout,2,True,0,False,0,False,1,True
421650,99999,BIKANER,IN,,,+28.000,+073.300,+0224.0,19440101,20250824,42165099999,28.0,73.3,224.0,True,BIKANER,False,14:36,development,400,True,553,True,2880,True,2879,True
421700,99999,CHURU,IN,,,+28.250,+074.917,+0291.0,19730101,20250824,42170099999,28.25,74.917,291.0,True,CHURU,False,14:37,development,2872,True,2878,True,2886,True,2857,True
421740,99999,PILANI,IN,,,+28.333,+075.583,+0301.0,20020630,20250824,42174099999,28.333,75.583,301.0,True,PILANI,False,14:37,development,623,True,585,True,670,True,524,True
421760,99999,ROHTAK,IN,,,+28.833,+076.583,+0222.0,20010728,20250824,42176099999,28.833,76.583,222.0,True,ROHTAK,False,14:38,development,704,True,695,True,705,True,662,True
421770,99999,NARNAUL,IN,,,+28.000,+076.083,+0308.0,20020219,20241203,42177099999,28.0,76.083,308.0,True,NARNAUL,False,14:38,development,689,True,707,True,715,True,685,True
421780,99999,GURGAON,IN,,,+28.417,+077.000,+0224.0,20010718,20200513,42178099999,28.417,77.0,224.0,True,GURGAON,False,14:38,development,1,True,0,False,0,False,0,False
421810,99999,INDIRA GANDHI INTL,IN,,VIDP,+28.567,+077.103,+0236.8,19750307,20250824,42181099999,28.567,77.103,236.8,True,INDIRA GANDHI INTL,True,14:38,development,19898,True,19818,True,20006,True,19919,True
421820,99999,SAFDARJUNG,IN,,VIDD,+28.585,+077.206,+0214.9,19420702,20250824,42182099999,28.585,77.206,214.9,True,SAFDARJUNG,True,14:38,development,5544,True,4259,True,4255,True,2912,True
421830,99999,BULANDSHAHR,IN,,,+28.400,+077.867,+0218.0,20010823,20250708,42183099999,28.4,77.867,218.0,True,BULANDSHAHR,False,14:38,development,1,True,16,True,0,False,0,False
421870,99999,MORADABAD,IN,,,+28.833,+078.750,+0202.0,19830915,20250823,42187099999,28.833,78.75,202.0,True,MORADABAD,False,14:39,development,62,True,28,True,215,True,396,True
421880,99999,RAMPUR,IN,,,+28.750,+079.000,+0191.0,19990709,20211124,42188099999,28.75,79.0,191.0,True,RAMPUR,False,14:39,development,0,False,1,True,0,False,0,False
421890,99999,BAREILLY,IN,,VIBY,+28.422,+079.451,+0176.8,19440101,20250824,42189099999,28.422,79.451,176.8,True,BAREILLY,True,14:39,development,2857,True,2874,True,3035,True,3377,True
421900,99999,PILIBHIT,IN,,,+28.633,+079.800,+0188.0,20020725,20020725,42190099999,28.633,79.8,188.0,True,PILIBHIT,False,14:39,development,0,False,0,False,0,False,0,False
422060,99999,HALDIA,IN,,,+22.067,+088.067,+0011.0,20170614,20170614,42206099999,22.067,88.067,11.0,True,HALDIA,False,11:44,spatial_holdout,0,False,0,False,0,False,0,False
422200,99999,PASIGHAT,IN,,,+28.100,+095.383,+0157.0,19740403,20250824,42220099999,28.1,95.383,157.0,True,PASIGHAT,False,14:47,spatial_holdout,1817,True,1777,True,1800,True,1750,True
422370,99999,PHALODI,IN,,,+27.133,+072.367,+0234.0,19440101,20250823,42237099999,27.133,72.367,234.0,True,PHALODI,False,13:36,development,660,True,638,True,591,True,468,True
422420,99999,NAGAUR,IN,,,+27.167,+073.667,+0298.0,20010723,20020817,42242099999,27.167,73.667,298.0,True,NAGAUR,False,13:36,development,0,False,0,False,0,False,0,False
422490,99999,SIKAR,IN,,,+27.617,+075.133,+0433.0,19730101,20250824,42249099999,27.617,75.133,433.0,True,SIKAR,False,13:37,spatial_holdout,671,True,697,True,676,True,535,True
422550,99999,ALWAR,IN,,,+27.500,+076.583,+0271.0,19730101,20250824,42255099999,27.5,76.583,271.0,True,ALWAR,False,13:38,spatial_holdout,264,True,434,True,646,True,485,True
422570,99999,MATHURA,IN,,,+27.500,+077.683,+0174.0,20020418,20241016,42257099999,27.5,77.683,174.0,True,MATHURA,False,13:38,spatial_holdout,0,False,0,False,0,False,1,True
422580,99999,BHARATPUR,IN,,,+27.217,+077.500,+0176.0,20020214,20240814,42258099999,27.217,77.5,176.0,True,BHARATPUR,False,13:38,spatial_holdout,0,False,0,False,0,False,1,True
422600,99999,AGRA,IN,,VIAG,+27.156,+077.961,+0167.9,19420824,20250824,42260099999,27.156,77.961,167.9,True,AGRA,False,13:38,spatial_holdout,1940,True,482,True,156,True,565,True
422610,99999,AGRA,IN,,,+27.167,+078.033,+0169.0,19440101,20240412,42261099999,27.167,78.033,169.0,True,AGRA,False,13:39,development,0,False,0,False,0,False,1,True
422620,99999,ALIGARH,IN,,,+27.883,+078.067,+0187.0,19730101,20250824,42262099999,27.883,78.067,187.0,True,ALIGARH,False,13:39,development,689,True,698,True,663,True,651,True
422650,99999,MAINPURI,IN,,,+27.233,+079.050,+0157.0,19440101,20210303,42265099999,27.233,79.05,157.0,True,MAINPURI,False,13:39,development,1,True,1,True,0,False,0,False
422660,99999,SHAHJAHANPUR,IN,,,+27.883,+079.900,+0155.0,20090205,20250824,42266099999,27.883,79.9,155.0,True,SHAHJAHANPUR,False,13:39,development,695,True,683,True,666,True,644,True
422700,99999,KHERI,IN,,,+27.900,+080.800,+0147.0,19730101,20250824,42270099999,27.9,80.8,147.0,True,KHERI,False,13:40,development,0,False,0,False,0,False,0,False
422710,99999,HARDOI,IN,,,+27.383,+080.167,+0142.0,19730101,20250824,42271099999,27.383,80.167,142.0,True,HARDOI,False,13:40,development,696,True,701,True,688,True,668,True
422730,99999,BAHRAICH,IN,,,+27.567,+081.600,+0124.0,19440101,20250824,42273099999,27.567,81.6,124.0,True,BAHRAICH,False,13:40,development,2824,True,2826,True,2794,True,2693,True
422740,99999,GONDA,IN,,,+27.133,+081.967,+0110.0,19730101,20171008,42274099999,27.133,81.967,110.0,True,GONDA,False,13:40,development,0,False,0,False,0,False,0,False
422790,99999,BASTI,IN,,,+26.800,+082.733,+0089.0,20160804,20250824,42279099999,26.8,82.733,89.0,True,BASTI,False,13:41,development,0,False,0,False,0,False,3,True
422820,99999,NAUTANWA,IN,,,+27.433,+083.417,+0099.0,19730101,20240324,42282099999,27.433,83.417,99.0,True,NAUTANWA,False,13:41,development,0,False,0,False,0,False,0,False
422950,99999,DARJEELING,IN,,,+27.050,+088.267,+2128.0,19440101,20250131,42295099999,27.05,88.267,2128.0,True,DARJEELING,False,13:44,development,1452,True,1429,True,270,True,3,True
422960,99999,KALIMPONG,IN,,,+27.067,+088.467,+1209.0,20151207,20250824,42296099999,27.067,88.467,1209.0,True,KALIMPONG,False,13:44,development,693,True,702,True,714,True,700,True
422990,99999,GANGTOK,IN,,,+27.333,+088.617,+1756.0,19740902,20250824,42299099999,27.333,88.617,1756.0,True,GANGTOK,False,13:44,development,1456,True,1431,True,1451,True,1446,True
423050,99999,BOMDILA,IN,,,+27.417,+092.850,+2484.0,20020727,20250210,42305099999,27.417,92.85,2484.0,True,BOMDILA,False,13:46,development,2,True,0,False,0,False,0,False
423090,99999,LILABARI,IN,,VELR,+27.295,+094.098,+0100.6,19431223,20250824,42309099999,27.295,94.098,100.6,True,LILABARI,False,13:47,spatial_holdout,7090,True,7434,True,8374,True,8738,True
423110,99999,SIBSAGAR,IN,,,+26.983,+094.633,+0097.0,19440101,20160117,42311099999,26.983,94.633,97.0,True,SIBSAGAR,False,13:47,spatial_holdout,0,False,0,False,0,False,0,False
423120,99999,ZIRO,IN,,,+27.917,+094.800,+1476.0,20010802,20171105,42312099999,27.917,94.8,1476.0,True,ZIRO,False,13:47,spatial_holdout,0,False,0,False,0,False,0,False
423140,99999,DIBRUGARH,IN,,VEMN,+27.484,+095.017,+0110.3,19420714,20250824,42314099999,27.484,95.017,110.3,True,DIBRUGARH,False,13:47,spatial_holdout,11272,True,10839,True,10991,True,10087,True
423160,99999,DIGBOI,IN,,,+27.383,+095.617,+0143.0,19440901,20160805,42316099999,27.383,95.617,143.0,True,DIGBOI,False,13:47,spatial_holdout,0,False,0,False,0,False,0,False
423280,99999,JAISALMER,IN,,,+26.900,+070.917,+0231.0,19730101,20250824,42328099999,26.9,70.917,231.0,True,JAISALMER,False,13:35,spatial_holdout,2890,True,2878,True,2884,True,2863,True
423390,99999,JODHPUR,IN,,VIJO,+26.251,+073.049,+0218.5,19430731,20250824,42339099999,26.251,73.049,218.5,True,JODHPUR,False,13:36,development,2900,True,2912,True,3044,True,3611,True
423430,99999,AJMER,IN,,,+26.450,+074.617,+0486.0,19440101,20250824,42343099999,26.45,74.617,486.0,True,AJMER,False,13:37,spatial_holdout,2876,True,2873,True,2881,True,2856,True
423480,99999,JAIPUR,IN,,VIJP,+26.824,+075.812,+0385.0,19440101,20250824,42348099999,26.824,75.812,385.0,True,JAIPUR,True,13:37,spatial_holdout,18303,True,19279,True,20232,True,20167,True
423490,99999,TONK,IN,,,+26.167,+075.750,+0272.0,19990514,20210712,42349099999,26.167,75.75,272.0,True,TONK,False,13:37,spatial_holdout,0,False,1,True,0,False,0,False
423530,99999,SUPAUL,IN,,,+26.133,+086.583,+0049.0,20200815,20220326,42353099999,26.133,86.583,49.0,True,SUPAUL,False,13:43,development,1,True,0,False,1,True,0,False
423540,99999,DHOLPUR,IN,,,+26.667,+077.833,+0176.0,19730101,20250817,42354099999,26.667,77.833,176.0,True,DHOLPUR,False,13:38,spatial_holdout,0,False,0,False,0,False,0,False
423580,99999,BHIND,IN,,,+26.567,+078.800,+0168.0,20020328,20021208,42358099999,26.567,78.8,168.0,True,BHIND,False,13:39,development,0,False,0,False,0,False,0,False
423610,99999,GWALIOR,IN,,VIGR,+26.293,+078.228,+0188.1,19440101,20250824,42361099999,26.293,78.228,188.1,True,GWALIOR,True,13:39,development,4685,True,3284,True,2996,True,3412,True
423640,99999,ETAWAH,IN,,VIXX,+26.921,+079.062,+0149.0,20010711,20250813,42364099999,26.921,79.062,149.0,True,ETAWAH,False,13:39,development,1,True,0,False,0,False,0,False
423660,99999,KANPUR,IN,,,+26.433,+080.367,+0125.0,19450621,20180217,42366099999,26.433,80.367,125.0,True,KANPUR,False,13:40,development,0,False,0,False,0,False,0,False
423670,99999,KANPUR CHAKERI,IN,,VICX,+26.404,+080.410,+0123.4,19440101,20250824,42367099999,26.404,80.41,123.4,True,KANPUR CHAKERI,False,13:40,development,693,True,698,True,443,True,674,True
423680,99999,LUCKNOW,IN,,,+26.867,+080.933,+0111.0,19730101,20211125,42368099999,26.867,80.933,111.0,True,LUCKNOW,False,13:40,development,0,False,1,True,0,False,0,False
423690,99999,LUCKNOW / CHAUDHARY CHARAN SINGH INTL,IN,,VILK,+26.761,+080.889,+0125.0,19440101,20250824,42369099999,26.761,80.889,125.0,True,LUCKNOW / CHAUDHARY CHARAN SINGH INTL,False,13:40,development,16925,True,19522,True,19562,True,19552,True
423720,99999,FURSATGANJ AIRPORT,IN,,VERB,+26.250,+081.383,+0109.7,20130529,20250824,42372099999,26.25,81.383,109.7,True,FURSATGANJ AIRPORT,False,13:40,development,1584,True,2148,True,1550,True,1461,True
423740,99999,AYODHA,IN,,VEAY,+26.748,+082.163,+0100.0,20020203,20250824,42374099999,26.748,82.163,100.0,True,AYODHA,False,13:41,development,0,False,0,False,0,False,1,True
423750,99999,SULTANPUR,IN,,,+26.250,+082.000,+0097.0,19990614,20190527,42375099999,26.25,82.0,97.0,True,SULTANPUR,False,13:41,development,0,False,0,False,0,False,0,False
423790,99999,GORAKHPUR,IN,,VEGK,+26.740,+083.450,+0078.9,19440101,20250824,42379099999,26.74,83.45,78.9,True,GORAKHPUR,False,13:41,development,4702,True,3282,True,3029,True,3414,True
423810,99999,AZAMGARH,IN,,,+26.050,+083.217,+0078.0,19730101,19800626,42381099999,26.05,83.217,78.0,True,AZAMGARH,False,13:41,development,0,False,0,False,0,False,0,False
423820,99999,RAXAUL,IN,,,+26.983,+084.850,+0079.0,19730101,20240621,42382099999,26.983,84.85,79.0,True,RAXAUL,False,13:42,spatial_holdout,1,True,33,True,0,False,1,True
423830,99999,MOTIHARI,IN,,,+26.667,+084.917,+0066.0,19440101,20250824,42383099999,26.667,84.917,66.0,True,MOTIHARI,False,13:42,spatial_holdout,2,True,520,True,601,True,552,True
423870,99999,MUZAFFARPUR,IN,,,+26.117,+085.400,+0053.0,19740515,20250824,42387099999,26.117,85.4,53.0,True,MUZAFFARPUR,False,13:42,spatial_holdout,201,True,657,True,676,True,690,True
423900,99999,MUZAFFARPUR AERODROME,IN,,,+26.117,+085.317,+0053.0,20011029,20170327,42390099999,26.117,85.317,53.0,True,MUZAFFARPUR AERODROME,False,13:42,spatial_holdout,0,False,0,False,0,False,0,False
423910,99999,DARBHANGA,IN,,,+26.167,+085.900,+0049.0,19440101,20250824,42391099999,26.167,85.9,49.0,True,DARBHANGA,False,13:42,spatial_holdout,474,True,355,True,442,True,653,True
423930,99999,SUPAUL,IN,,,+26.133,+086.583,+0050.0,20010905,20250824,42393099999,26.133,86.583,50.0,True,SUPAUL,False,13:43,development,619,True,627,True,662,True,669,True
423950,99999,FORBESGANJ,IN,,,+26.300,+087.267,+0061.0,19730101,20250824,42395099999,26.3,87.267,61.0,True,FORBESGANJ,False,13:43,development,653,True,634,True,604,True,559,True
423970,99999,SILIGURI,IN,,,+26.667,+088.367,+0123.0,19990213,20230501,42397099999,26.667,88.367,123.0,True,SILIGURI,False,13:44,development,0,False,0,False,0,False,1,True
423980,99999,BAGDOGRA,IN,,VEBD,+26.681,+088.329,+0125.6,19570618,20250824,42398099999,26.681,88.329,125.6,True,BAGDOGRA,False,13:44,development,2304,True,1141,True,879,True,1210,True
423990,99999,JALPAIGURI,IN,,,+26.533,+088.717,+0083.0,19440101,20250824,42399099999,26.533,88.717,83.0,True,JALPAIGURI,False,13:44,development,1453,True,1437,True,1456,True,1442,True
424030,99999,COOCH BEHAR,IN,,,+26.333,+089.467,+0043.0,19430220,20250824,42403099999,26.333,89.467,43.0,True,COOCH BEHAR,False,13:44,development,1454,True,1433,True,1455,True,1446,True
424040,99999,DHUBRI,IN,,,+26.017,+089.983,+0036.0,19440101,20250824,42404099999,26.017,89.983,36.0,True,DHUBRI,False,13:44,development,1326,True,971,True,1450,True,1440,True
424060,99999,DHUBRI/RUPSI,IN,,,+26.150,+089.917,+0045.0,19450630,19450930,42406099999,26.15,89.917,45.0,True,DHUBRI/RUPSI,False,13:44,development,0,False,0,False,0,False,0,False
424070,99999,GOALPARA,IN,,,+26.183,+090.633,+0038.0,19730102,20250824,42407099999,26.183,90.633,38.0,True,GOALPARA,False,13:45,spatial_holdout,545,True,493,True,668,True,683,True
424080,99999,RANGIA,IN,,,+26.433,+091.617,+0060.0,20151207,20250824,42408099999,26.433,91.617,60.0,True,RANGIA,False,13:45,spatial_holdout,332,True,11,True,74,True,485,True
424090,99999,TANGLA,IN,,,+26.650,+091.917,+0065.0,19740221,20230219,42409099999,26.65,91.917,65.0,True,TANGLA,False,13:45,spatial_holdout,441,True,314,True,279,True,43,True
424100,99999,GUWAHATI INTL / LOKPRIYA GOPINATH BORDOLOI INTL,IN,,VEGT,+26.106,+091.586,+0049.4,19440102,20250824,42410099999,26.106,91.586,49.4,True,GUWAHATI INTL / LOKPRIYA GOPINATH BORDOLOI INTL,False,13:45,spatial_holdout,17218,True,18281,True,18980,True,18406,True
424130,99999,MAJBAT,IN,,,+26.750,+092.350,+0120.0,20011009,20250824,42413099999,26.75,92.35,120.0,True,MAJBAT,False,13:46,development,601,True,589,True,642,True,677,True
424140,99999,CHAPARMUKH,IN,,,+26.200,+092.517,+0066.0,19730103,20250824,42414099999,26.2,92.517,66.0,True,CHAPARMUKH,False,13:46,development,547,True,450,True,572,True,621,True
424150,99999,TEZPUR,IN,,,+26.617,+092.783,+0079.0,19440101,20250824,42415099999,26.617,92.783,79.0,True,TEZPUR,False,13:46,development,2687,True,2848,True,2865,True,2837,True
424160,99999,TEZPUR/BINDUKURI,IN,,,+26.717,+092.800,+0075.0,19430510,20210702,42416099999,26.717,92.8,75.0,True,TEZPUR/BINDUKURI,False,13:46,development,0,False,2,True,0,False,0,False
424190,99999,GOHPUR,IN,,,+26.833,+093.583,+0082.0,19831028,20071017,42419099999,26.833,93.583,82.0,True,GOHPUR,False,13:46,development,0,False,0,False,0,False,0,False
424200,99999,GOLAGHAT,IN,,,+26.517,+093.983,+0095.0,19740806,20250824,42420099999,26.517,93.983,95.0,True,GOLAGHAT,False,13:46,development,643,True,592,True,604,True,597,True
424230,99999,JORHAT,IN,,,+26.067,+090.167,+0880.0,19430414,20250824,42423099999,26.067,90.167,880.0,True,JORHAT,False,13:45,spatial_holdout,1329,True,1240,True,1354,True,1360,True
424231,99999,JORHAT,IN,,VEJT,+26.732,+094.176,+0094.8,20160807,20250716,42423199999,26.732,94.176,94.8,True,JORHAT,False,13:47,spatial_holdout,0,False,18,True,166,True,658,True
424260,99999,TUENSANG,IN,,,+26.267,+094.817,+1608.0,20201206,20221121,42426099999,26.267,94.817,1608.0,True,TUENSANG,False,13:47,spatial_holdout,1,True,0,False,1,True,0,False
424350,99999,BARMER,IN,,,+25.750,+071.383,+0194.0,19440101,20250824,42435099999,25.75,71.383,194.0,True,BARMER,False,12:35,development,2895,True,2876,True,2884,True,2854,True
424390,99999,JALORE,IN,,,+25.350,+072.617,+0168.0,20151208,20200407,42439099999,25.35,72.617,168.0,True,JALORE,False,12:36,development,1,True,0,False,0,False,0,False
424410,99999,ERINPURA /JAWAI DAM SITE,IN,,,+25.083,+073.083,+0295.0,19450801,20250823,42441099999,25.083,73.083,295.0,True,ERINPURA /JAWAI DAM SITE,False,12:36,development,330,True,349,True,330,True,255,True
424470,99999,BHILWARA,IN,,,+25.350,+074.633,+0425.0,20020917,20250824,42447099999,25.35,74.633,425.0,True,BHILWARA,False,12:37,development,442,True,648,True,647,True,503,True
424500,99999,BUNDI,IN,,,+25.450,+075.633,+0267.0,20090205,20230712,42450099999,25.45,75.633,267.0,True,BUNDI,False,12:37,development,340,True,343,True,301,True,153,True
424510,99999,KOTA-IN-RAJASTHAN,IN,,,+25.183,+075.850,+0256.0,19440101,19780502,42451099999,25.183,75.85,256.0,True,KOTA-IN-RAJASTHAN,False,12:37,development,0,False,0,False,0,False,0,False
424520,99999,KOTA,IN,,VIKO,+25.160,+075.846,+0273.1,19730101,20250824,42452099999,25.16,75.846,273.1,True,KOTA,False,12:37,development,3325,True,3247,True,2989,True,2890,True
424530,99999,SAWAI MADHOPUR,IN,,,+25.983,+076.367,+0264.0,20010822,20211112,42453099999,25.983,76.367,264.0,True,SAWAI MADHOPUR,False,12:38,spatial_holdout,276,True,282,True,0,False,0,False
424560,99999,SHEOPUR,IN,,,+25.667,+076.683,+0235.0,19730101,20250824,42456099999,25.667,76.683,235.0,True,SHEOPUR,False,12:38,spatial_holdout,56,True,325,True,0,False,0,False
424590,99999,SHIVPURI,IN,,,+25.333,+077.650,+0464.0,20020528,20250824,42459099999,25.333,77.65,464.0,True,SHIVPURI,False,12:38,spatial_holdout,580,True,625,True,647,True,685,True
424600,99999,DATIA,IN,,,+25.667,+078.467,+0229.0,20020417,20250824,42460099999,25.667,78.467,229.0,True,DATIA,False,12:39,development,325,True,326,True,338,True,340,True
424630,99999,JHANSI,IN,,VIJN,+25.491,+078.558,+0244.1,19440101,20250824,42463099999,25.491,78.558,244.1,True,JHANSI,False,12:39,development,2803,True,2836,True,2827,True,2822,True
424670,99999,NOWGONG,IN,,,+25.067,+079.450,+0229.0,19440101,20250824,42467099999,25.067,79.45,229.0,True,NOWGONG,False,12:39,development,728,True,718,True,727,True,716,True
424680,99999,ORAI,IN,,,+25.983,+079.500,+0141.0,20040508,20250824,42468099999,25.983,79.5,141.0,True,ORAI,False,12:39,development,691,True,596,True,671,True,670,True
424690,99999,HAMIRPUR,IN,,,+25.950,+080.150,+0109.0,20090205,20250824,42469099999,25.95,80.15,109.0,True,HAMIRPUR,False,12:40,development,690,True,645,True,529,True,660,True
424710,99999,FATEHPUR,IN,,,+25.933,+080.833,+0114.0,19730101,20250421,42471099999,25.933,80.833,114.0,True,FATEHPUR,False,12:40,development,199,True,9,True,0,False,0,False
424720,99999,PRATAPGARH,IN,,,+25.900,+081.950,+0099.0,20161018,20180706,42472099999,25.9,81.95,99.0,True,PRATAPGARH,False,12:40,development,0,False,0,False,0,False,0,False
424730,99999,BANDA,IN,,,+25.467,+080.367,+0121.0,20040902,20250824,42473099999,25.467,80.367,121.0,True,BANDA,False,12:40,development,694,True,645,True,423,True,378,True
424750,99999,ALLAHABAD ARPT,IN,,VEAB,+25.440,+081.734,+0098.2,19420727,20250716,42475099999,25.44,81.734,98.2,True,ALLAHABAD ARPT,False,12:40,development,0,False,32,True,169,True,681,True
424770,99999,JAUNPUR,IN,,,+25.750,+082.683,+0080.0,20170531,20230224,42477099999,25.75,82.683,80.0,True,JAUNPUR,False,12:41,development,0,False,2,True,0,False,1,True
424790,99999,LAL BAHADUR SHASTRI VARANASI INTL,IN,,VEBN,+25.450,+082.867,+0081.1,19730101,20250824,42479099999,25.45,82.867,81.1,True,LAL BAHADUR SHASTRI VARANASI INTL,False,12:41,development,14190,True,15585,True,16671,True,18121,True
424820,99999,GHAZIPUR,IN,,,+25.400,+083.550,+0067.0,20010718,20250824,42482099999,25.4,83.55,67.0,True,GHAZIPUR,False,12:41,development,262,True,301,True,418,True,423,True
424830,99999,VARANASI,IN,,,+25.300,+083.017,+0090.0,19440101,20250824,42483099999,25.3,83.017,90.0,True,VARANASI,False,12:41,development,1784,True,1767,True,1684,True,1170,True
424840,99999,BALLIA,IN,,,+25.750,+084.167,+0064.0,20020217,20240326,42484099999,25.75,84.167,64.0,True,BALLIA,False,12:42,spatial_holdout,0,False,1,True,1,True,6,True
424870,99999,ARRAH,IN,,,+25.567,+084.667,+0058.0,20170508,20220216,42487099999,25.567,84.667,58.0,True,ARRAH,False,12:42,spatial_holdout,0,False,2,True,1,True,0,False
424880,99999,CHAPRA,IN,,,+25.783,+084.733,+0058.0,20051019,20250824,42488099999,25.783,84.733,58.0,True,CHAPRA,False,12:42,spatial_holdout,589,True,600,True,578,True,656,True
424920,99999,JAI PRAKASH NARAYAN INTL PATNA,IN,,VEPT,+25.591,+085.088,+0051.8,19440101,20250824,42492099999,25.591,85.088,51.8,True,JAI PRAKASH NARAYAN INTL PATNA,False,12:42,spatial_holdout,20022,True,20148,True,20271,True,20065,True
424980,99999,BHAGALPUR,IN,,,+25.233,+086.950,+0049.0,19570102,20250824,42498099999,25.233,86.95,49.0,True,BHAGALPUR,False,12:43,development,2904,True,2879,True,2894,True,2756,True
424990,99999,SABAUR,IN,,,+25.233,+087.067,+0037.0,20020614,20240910,42499099999,25.233,87.067,37.0,True,SABAUR,False,12:43,development,391,True,489,True,608,True,604,True
425000,99999,PURNEA,IN,,,+25.267,+087.467,+0038.0,19440101,20250824,42500099999,25.267,87.467,38.0,True,PURNEA,False,12:43,development,2223,True,1974,True,1996,True,1773,True
425030,99999,MALDA,IN,,,+25.033,+088.133,+0031.0,19730101,20250824,42503099999,25.033,88.133,31.0,True,MALDA,False,12:44,development,2900,True,2867,True,2880,True,2873,True
425060,99999,BALURGHAT,IN,,,+25.217,+088.783,+0026.0,20151207,20250824,42506099999,25.217,88.783,26.0,True,BALURGHAT,False,12:44,development,505,True,670,True,688,True,673,True
425110,99999,TURA,IN,,,+25.517,+090.233,+0370.0,19730101,20021123,42511099999,25.517,90.233,370.0,True,TURA,False,12:45,development,0,False,0,False,0,False,0,False
425120,99999,SHILLONG ARPT / UMROI ARPT / BARAPANI,IN,,VEBI,+25.700,+091.983,+0891.2,20151208,20250824,42512099999,25.7,91.983,891.2,True,SHILLONG ARPT / UMROI ARPT / BARAPANI,False,12:45,development,3294,True,3327,True,4348,True,5110,True
425150,99999,CHERRAPUNJI,IN,,,+25.250,+091.733,+1313.0,19440101,20250824,42515099999,25.25,91.733,1313.0,True,CHERRAPUNJI,False,12:45,development,1073,True,1037,True,1082,True,1022,True
425160,99999,SHILLONG,IN,,,+25.567,+091.883,+1598.0,19440101,20250824,42516099999,25.567,91.883,1598.0,True,SHILLONG,False,12:45,development,2101,True,2003,True,2095,True,1908,True
425220,99999,HAFLONG,IN,,,+25.167,+093.017,+0682.0,20151207,20250824,42522099999,25.167,93.017,682.0,True,HAFLONG,False,12:46,spatial_holdout,665,True,533,True,604,True,540,True
425230,99999,LUMDING,IN,,,+25.750,+093.183,+0149.0,19730101,20250824,42523099999,25.75,93.183,149.0,True,LUMDING,False,12:46,spatial_holdout,706,True,653,True,641,True,631,True
425270,99999,KOHIMA,IN,,,+25.633,+094.167,+1406.0,19770923,20250824,42527099999,25.633,94.167,1406.0,True,KOHIMA,False,12:47,development,663,True,633,True,620,True,638,True
425390,99999,DEESA,IN,,,+24.200,+072.200,+0136.0,19440101,20250824,42539099999,24.2,72.2,136.0,True,DEESA,False,12:36,development,249,True,402,True,2895,True,2859,True
425400,99999,MOUNT ABU,IN,,,+24.600,+072.717,+1195.0,19440101,20250701,42540099999,24.6,72.717,1195.0,True,MOUNT ABU,False,12:36,development,288,True,149,True,0,False,0,False
425420,99999,UDAIPUR / MAHARANA PRATAP,IN,,VAUD,+24.618,+073.896,+0513.3,19750811,20250824,42542099999,24.618,73.896,513.3,True,UDAIPUR / MAHARANA PRATAP,False,12:36,development,7054,True,10343,True,12647,True,12770,True
425430,99999,UDAIPUR,IN,,,+24.583,+073.700,+0582.0,19440601,20170701,42543099999,24.583,73.7,582.0,True,UDAIPUR,False,12:36,development,0,False,0,False,0,False,0,False
425460,99999,CHITTORGARH,IN,,,+24.883,+074.633,+0404.0,20090205,20250824,42546099999,24.883,74.633,404.0,True,CHITTORGARH,False,12:37,development,613,True,691,True,613,True,494,True
425470,99999,NIMACH,IN,,,+24.467,+074.900,+0496.0,19440101,19900427,42547099999,24.467,74.9,496.0,True,NIMACH,False,12:37,development,0,False,0,False,0,False,0,False
425520,99999,CHAMBAL/RAWAT BHATA,IN,,,+24.917,+075.583,+0351.0,20040727,20090205,42552099999,24.917,75.583,351.0,True,CHAMBAL/RAWAT BHATA,False,12:37,development,0,False,0,False,0,False,0,False
425550,99999,JHALAWAR,IN,,,+24.533,+076.167,+0321.0,19440101,20221025,42555099999,24.533,76.167,321.0,True,JHALAWAR,False,12:38,spatial_holdout,0,False,0,False,1,True,0,False
425570,99999,RAJGARH,IN,,,+24.000,+076.717,+0382.0,20090205,20250824,42557099999,24.0,76.717,382.0,True,RAJGARH,False,12:38,spatial_holdout,723,True,717,True,707,True,706,True
425590,99999,GUNA,IN,,,+24.650,+077.317,+0478.0,19440101,20250824,42559099999,24.65,77.317,478.0,True,GUNA,False,12:38,spatial_holdout,2913,True,2873,True,2897,True,2875,True
425620,99999,TIKAMGARH,IN,,,+24.767,+078.833,+0345.0,20060328,20250824,42562099999,24.767,78.833,345.0,True,TIKAMGARH,False,12:39,development,383,True,492,True,323,True,566,True
425670,99999,KHAJURAHO,IN,,,+24.983,+079.917,+0217.0,20020623,20250824,42567099999,24.983,79.917,217.0,True,KHAJURAHO,False,12:39,development,1453,True,1435,True,1441,True,1423,True
425700,99999,PANNA,IN,,,+24.717,+080.167,+0354.0,20010726,20250324,42570099999,24.717,80.167,354.0,True,PANNA,False,12:40,development,4,True,2,True,0,False,0,False
425710,99999,SATNA,IN,,VIST,+24.567,+080.833,+0317.0,19440101,20250824,42571099999,24.567,80.833,317.0,True,SATNA,False,12:40,development,2918,True,2880,True,2888,True,2872,True
425740,99999,REWA,IN,,,+24.533,+081.300,+0299.0,20090205,20250824,42574099999,24.533,81.3,299.0,True,REWA,False,12:40,development,604,True,706,True,723,True,717,True
425770,99999,SIDHI,IN,,,+24.417,+081.867,+0272.0,19730101,20250824,42577099999,24.417,81.867,272.0,True,SIDHI,False,12:40,development,700,True,684,True,689,True,681,True
425870,99999,DALTONGANJ,IN,,,+24.050,+084.067,+0221.0,19440101,20250824,42587099999,24.05,84.067,221.0,True,DALTONGANJ,False,12:42,spatial_holdout,2848,True,2833,True,2881,True,2855,True
425880,99999,DEHRI,IN,,,+24.917,+084.183,+0107.0,19730101,20250824,42588099999,24.917,84.183,107.0,True,DEHRI,False,12:42,spatial_holdout,303,True,307,True,542,True,538,True
425910,99999,GAYA,IN,,VEGY,+24.744,+084.951,+0115.8,19421122,20250824,42591099999,24.744,84.951,115.8,True,GAYA,False,12:42,spatial_holdout,11383,True,11450,True,14132,True,13712,True
425950,99999,JAMUI,IN,,,+24.933,+086.300,+0082.0,20120710,20120710,42595099999,24.933,86.3,82.0,True,JAMUI,False,12:43,development,0,False,0,False,0,False,0,False
425990,99999,DUMKA,IN,,,+24.267,+087.250,+0149.0,19440102,20241216,42599099999,24.267,87.25,149.0,True,DUMKA,False,12:43,development,1,True,0,False,1,True,0,False
426030,99999,BERHAMPORE,IN,,,+24.133,+088.267,+0019.0,19440101,20250824,42603099999,24.133,88.267,19.0,True,BERHAMPORE,False,12:44,development,574,True,671,True,693,True,691,True
426180,99999,KAILASHAHAR,IN,,,+24.317,+092.000,+0030.0,19450119,20250824,42618099999,24.317,92.0,30.0,True,KAILASHAHAR,False,12:46,spatial_holdout,1468,True,1305,True,1234,True,1298,True
426190,99999,SILCHAR,IN,,,+24.750,+092.800,+0029.0,19440101,20250824,42619099999,24.75,92.8,29.0,True,SILCHAR,False,12:46,spatial_holdout,147,True,356,True,1505,True,1629,True
426200,99999,SILCHAR/KUMBHIRGRAM,IN,,,+24.917,+092.983,+0105.0,19860321,19910723,42620099999,24.917,92.983,105.0,True,SILCHAR/KUMBHIRGRAM,False,12:46,spatial_holdout,0,False,0,False,0,False,0,False
426230,99999,IMPHAL,IN,,VEIM,+24.760,+093.897,+0774.2,19441202,20250824,42623099999,24.76,93.897,774.2,True,IMPHAL,False,12:46,spatial_holdout,7806,True,9103,True,8979,True,8323,True
426310,99999,NALIYA,IN,,,+23.250,+068.850,+0021.0,19730101,20250824,42631099999,23.25,68.85,21.0,True,NALIYA,False,11:34,development,2906,True,2871,True,2818,True,2863,True
426340,99999,BHUJ,IN,,VABJ,+23.288,+069.670,+0081.7,19440101,20250824,42634099999,23.288,69.67,81.7,True,BHUJ,False,11:34,development,2909,True,2871,True,3044,True,3442,True
426380,99999,KANDLA AERODROME,IN,,,+23.150,+070.117,+0029.0,20041007,20250824,42638099999,23.15,70.117,29.0,True,KANDLA AERODROME,False,11:35,development,731,True,714,True,729,True,715,True
426390,99999,NEW KANDLA,IN,,,+23.000,+070.217,+0014.0,20090205,20250824,42639099999,23.0,70.217,14.0,True,NEW KANDLA,False,11:35,development,729,True,717,True,722,True,714,True
426409,99999,MT HOREB,IN,,C96,+42.983,-089.750,+0370.0,19860331,19860331,42640999999,42.983,-89.75,370.0,True,MT HOREB,False,21:-45,development,0,False,0,False,0,False,0,False
426470,99999,AHMEDABAD / SARDAR VALLABHBHAI PATEL INTL,IN,,VAAH,+23.077,+072.635,+0057.6,19440101,20250824,42647099999,23.077,72.635,57.6,True,AHMEDABAD / SARDAR VALLABHBHAI PATEL INTL,False,11:36,spatial_holdout,19910,True,19575,True,20047,True,20034,True
426510,99999,IDAR,IN,,,+23.833,+073.033,+0219.0,20090205,20181105,42651099999,23.833,73.033,219.0,True,IDAR,False,11:36,spatial_holdout,0,False,0,False,0,False,0,False
426520,99999,DUNGARPUR,IN,,,+23.833,+073.667,+0291.0,20011122,20171011,42652099999,23.833,73.667,291.0,True,DUNGARPUR,False,11:36,spatial_holdout,0,False,0,False,0,False,0,False
426540,99999,GANDHINAGAR,IN,,,+23.233,+072.717,+0082.0,20151207,20250824,42654099999,23.233,72.717,82.0,True,GANDHINAGAR,False,11:36,spatial_holdout,718,True,699,True,708,True,706,True
426550,99999,BANSWARA,IN,,,+23.550,+074.450,+0220.0,20021116,20090205,42655099999,23.55,74.45,220.0,True,BANSWARA,False,11:37,development,0,False,0,False,0,False,0,False
426610,99999,RATLAM,IN,,,+23.317,+075.050,+0486.0,19730101,20250824,42661099999,23.317,75.05,486.0,True,RATLAM,False,11:37,development,563,True,656,True,676,True,690,True
426620,99999,UJJAIN,IN,,,+23.183,+075.783,+0489.0,20020615,20250824,42662099999,23.183,75.783,489.0,True,UJJAIN,False,11:37,development,734,True,718,True,721,True,720,True
426650,99999,SHAJAPUR,IN,,,+23.433,+076.317,+0446.0,20010806,20220525,42665099999,23.433,76.317,446.0,True,SHAJAPUR,False,11:38,development,731,True,710,True,289,True,0,False
426670,99999,BHOPAL / RAJA BHOJ,IN,,VABP,+23.287,+077.337,+0524.0,19440101,20250824,42667099999,23.287,77.337,524.0,True,BHOPAL / RAJA BHOJ,False,11:38,development,10460,True,12835,True,14071,True,13058,True
426690,99999,VIDISHA,IN,,,+23.533,+077.817,+0430.0,20010713,20230127,42669099999,23.533,77.817,430.0,True,VIDISHA,False,11:38,development,0,False,0,False,0,False,1,True
426710,99999,SAGAR,IN,,,+23.850,+078.750,+0551.0,19440101,20250824,42671099999,23.85,78.75,551.0,True,SAGAR,False,11:39,development,256,True,396,True,2895,True,2861,True
426720,99999,RAISEN,IN,,,+23.317,+077.833,+0440.0,19840225,20250824,42672099999,23.317,77.833,440.0,True,RAISEN,False,11:38,development,717,True,701,True,722,True,710,True
426740,99999,DAMOH,IN,,,+23.833,+079.450,+0371.0,20040603,20250824,42674099999,23.833,79.45,371.0,True,DAMOH,False,11:39,development,718,True,673,True,725,True,715,True
426750,99999,JABALPUR,IN,,VAJB,+23.178,+080.052,+0495.0,19440101,20250824,42675099999,23.178,80.052,495.0,True,JABALPUR,False,11:40,development,4977,True,6510,True,11544,True,11723,True
426790,99999,UMARIA,IN,,,+23.533,+080.883,+0459.0,19730101,20250824,42679099999,23.533,80.883,459.0,True,UMARIA,False,11:40,development,721,True,710,True,730,True,723,True
426930,99999,AMBIKAPUR,IN,,,+23.167,+083.250,+0611.0,19730101,20250824,42693099999,23.167,83.25,611.0,True,AMBIKAPUR,False,11:41,development,2900,True,2865,True,2875,True,2810,True
426990,99999,HAZARIBAGH,IN,,,+23.983,+085.367,+0611.0,19440101,20190510,42699099999,23.983,85.367,611.0,True,HAZARIBAGH,False,11:42,development,0,False,0,False,0,False,0,False
427000,99999,RANCHI,IN,,,+23.433,+085.400,+0647.0,19730101,20140203,42700099999,23.433,85.4,647.0,True,RANCHI,False,11:42,development,0,False,0,False,0,False,0,False
427010,99999,BIRSA MUNDA,IN,,VERC,+23.314,+085.322,+0654.7,19440101,20250824,42701099999,23.314,85.322,654.7,True,BIRSA MUNDA,False,11:42,development,15836,True,16610,True,17122,True,16960,True
427030,99999,DHANBAD,IN,,,+23.783,+086.433,+0257.0,20010813,20170103,42703099999,23.783,86.433,257.0,True,DHANBAD,False,11:43,development,0,False,0,False,0,False,0,False
427040,99999,PANAGARH,IN,,,+23.467,+087.433,+0074.0,19431130,20020805,42704099999,23.467,87.433,74.0,True,PANAGARH,False,11:43,development,0,False,0,False,0,False,0,False
427050,99999,PURULIA,IN,,,+23.333,+086.417,+0255.0,19440325,20250824,42705099999,23.333,86.417,255.0,True,PURULIA,False,11:43,development,585,True,681,True,691,True,648,True
427051,99999,KULLU MANALI,IN,,VIBR,+31.877,+077.154,+1089.1,20040707,20250816,42705199999,31.877,77.154,1089.1,True,KULLU MANALI,False,15:38,development,634,True,902,True,2058,True,3469,True
427052,99999,CHANDIGARH,IN,,VICG,+30.673,+076.789,+0308.5,20060812,20250716,42705299999,30.673,76.789,308.5,True,CHANDIGARH,False,15:38,development,1915,True,491,True,154,True,599,True
427053,99999,LEH,IN,,VILH,+34.136,+077.547,+3255.9,20060905,20250824,42705399999,34.136,77.547,3255.9,True,LEH,False,17:38,development,1886,True,1748,True,1917,True,2110,True
427055,99999,CALICUT,IN,,VOCL,+11.137,+075.955,+0104.2,20100125,20250824,42705599999,11.137,75.955,104.2,True,CALICUT,False,5:37,development,15146,True,17042,True,17398,True,17479,True
427056,99999,BANGALURU INTL AIRPORT / KEMPEGOWDA INTL,IN,,VOBL,+13.200,+077.700,+0915.0,20080721,20250824,42705699999,13.2,77.7,915.0,True,BANGALURU INTL AIRPORT / KEMPEGOWDA INTL,True,6:38,development,17447,True,17407,True,17547,True,17367,True
427060,99999,BANKURA,IN,,,+23.383,+087.083,+0100.0,20050225,20250824,42706099999,23.383,87.083,100.0,True,BANKURA,False,11:43,development,2907,True,2877,True,2909,True,2880,True
427080,99999,SHANTI NIKETAN,IN,,,+23.650,+087.700,+0059.0,20010913,20250824,42708099999,23.65,87.7,59.0,True,SHANTI NIKETAN,False,11:43,development,193,True,258,True,1452,True,1426,True
427090,99999,BURDWAN,IN,,,+23.233,+087.850,+0030.0,19440101,20250824,42709099999,23.233,87.85,30.0,True,BURDWAN,False,11:43,development,696,True,702,True,714,True,680,True
427110,99999,KRISHNANAGAR,IN,,,+23.400,+088.517,+0015.0,19950425,20250824,42711099999,23.4,88.517,15.0,True,KRISHNANAGAR,False,11:44,spatial_holdout,340,True,604,True,666,True,678,True
427140,99999,BAGATI,IN,,,+22.983,+088.367,+0012.0,19801206,20250824,42714099999,22.983,88.367,12.0,True,BAGATI,False,11:44,spatial_holdout,577,True,685,True,674,True,688,True
427150,99999,MALANJKHAND,IN,,,+22.000,+080.700,+0581.0,20011121,20250824,42715099999,22.0,80.7,581.0,True,MALANJKHAND,False,11:40,development,119,True,144,True,722,True,712,True
427240,99999,AGARTALA,IN,,VEAT,+23.887,+091.240,+0014.0,19450110,20250824,42724099999,23.887,91.24,14.0,True,AGARTALA,False,11:45,development,10851,True,11998,True,13190,True,13369,True
427260,99999,LENGPUI,IN,,VELP,+23.841,+092.620,+0426.1,20100719,20250824,42726099999,23.841,92.62,426.1,True,LENGPUI,False,11:46,spatial_holdout,7182,True,5416,True,6431,True,8103,True
427270,99999,AIJAL,IN,,,+23.733,+092.717,+1097.0,19540101,20240321,42727099999,23.733,92.717,1097.0,True,AIJAL,False,11:46,spatial_holdout,332,True,512,True,531,True,248,True
427290,99999,MANDVI,IN,,,+22.817,+069.267,+0009.0,20010921,20180620,42729099999,22.817,69.267,9.0,True,MANDVI,False,11:34,development,0,False,0,False,0,False,0,False
427300,99999,OKHA,IN,,,+22.483,+069.117,+0007.0,20011014,20250824,42730099999,22.483,69.117,7.0,True,OKHA,False,11:34,development,2912,True,2868,True,2902,True,2863,True
427310,99999,DWARKA,IN,,,+22.367,+069.083,+0011.0,19440101,20250824,42731099999,22.367,69.083,11.0,True,DWARKA,False,11:34,development,2909,True,2863,True,2897,True,2858,True
427340,99999,JAMNAGAR,IN,,,+22.450,+070.083,+0014.0,19730101,19760102,42734099999,22.45,70.083,14.0,True,JAMNAGAR,False,11:35,development,0,False,0,False,0,False,0,False
427370,99999,RAJKOT,IN,,VARK,+22.309,+070.780,+0134.4,19440101,20250824,42737099999,22.309,70.78,134.4,True,RAJKOT,False,11:35,development,4718,True,7038,True,7840,True,5844,True
427371,99999,RAIPUR,IN,,VARP,+21.180,+081.739,+0317.3,20080616,20190831,42737199999,21.18,81.739,317.3,True,RAIPUR,False,10:40,development,0,False,0,False,0,False,0,False
427400,99999,SURENDRANAGAR,IN,,,+22.733,+071.600,+0074.0,19730101,20250824,42740099999,22.733,71.6,74.0,True,SURENDRANAGAR,False,11:35,development,729,True,708,True,725,True,716,True
427440,99999,VALLABH VIDYANAGAR,IN,,,+22.567,+072.933,+0044.0,19831001,20250824,42744099999,22.567,72.933,44.0,True,VALLABH VIDYANAGAR,False,11:36,spatial_holdout,613,True,695,True,713,True,710,True
427470,99999,BARODA,IN,,,+22.300,+073.250,+0034.0,19440101,20230830,42747099999,22.3,73.25,34.0,True,BARODA,False,11:36,spatial_holdout,0,False,0,False,0,False,1,True
427480,99999,BARODA AERODROME,IN,,,+22.333,+073.267,+0037.0,20070520,20240530,42748099999,22.333,73.267,37.0,True,BARODA AERODROME,False,11:36,spatial_holdout,2911,True,2875,True,2898,True,2862,True
427510,99999,DOHAD,IN,,,+22.833,+074.267,+0333.0,19440101,20240627,42751099999,22.833,74.267,333.0,True,DOHAD,False,11:37,development,0,False,1,True,2,True,0,False
427520,99999,DHAR,IN,,,+22.600,+075.300,+0583.0,19740724,20250627,42752099999,22.6,75.3,583.0,True,DHAR,False,11:37,development,108,True,124,True,725,True,718,True
427530,99999,ALIRAJPUR,IN,,,+22.283,+074.400,+0293.0,20210917,20210917,42753099999,22.283,74.4,293.0,True,ALIRAJPUR,False,11:37,development,0,False,1,True,0,False,0,False
427540,99999,DEVI AHILYABAI HOLKAR,IN,,VAID,+22.722,+075.801,+0563.9,19440101,20250824,42754099999,22.722,75.801,563.9,True,DEVI AHILYABAI HOLKAR,False,11:37,development,8147,True,9342,True,13691,True,17165,True
427630,99999,HOSHANGABAD,IN,,,+22.767,+077.767,+0302.0,19440101,20250824,42763099999,22.767,77.767,302.0,True,HOSHANGABAD,False,11:38,development,1456,True,1439,True,1449,True,1435,True
427670,99999,PACHMARHI,IN,,,+22.467,+078.433,+1075.0,19440101,20250824,42767099999,22.467,78.433,1075.0,True,PACHMARHI,False,11:39,development,728,True,719,True,732,True,717,True
427680,99999,CHHINDWARA,IN,,,+22.100,+079.000,+0685.0,20020814,20250824,42768099999,22.1,79.0,685.0,True,CHHINDWARA,False,11:39,development,178,True,217,True,1395,True,1394,True
427700,99999,NARSINGHPUR,IN,,,+22.950,+079.183,+0356.0,20010709,20250824,42770099999,22.95,79.183,356.0,True,NARSINGHPUR,False,11:39,development,581,True,543,True,678,True,694,True
427710,99999,SEONI,IN,,,+22.083,+079.550,+0619.0,19440101,20250824,42771099999,22.083,79.55,619.0,True,SEONI,False,11:39,development,431,True,466,True,570,True,632,True
427760,99999,MANDLA,IN,,,+22.583,+080.367,+0443.0,20070520,20250824,42776099999,22.583,80.367,443.0,True,MANDLA,False,11:40,development,714,True,717,True,728,True,775,True
427790,99999,PENDRA ROAD,IN,,,+22.767,+081.900,+0625.0,19440101,20250824,42779099999,22.767,81.9,625.0,True,PENDRA ROAD,False,11:40,development,2903,True,2876,True,2873,True,2821,True
427820,99999,BILASPUR,IN,,VABI,+21.988,+082.111,+0274.0,20110724,20250824,42782099999,21.988,82.111,274.0,True,BILASPUR,False,10:41,development,1453,True,1429,True,1454,True,1439,True
427830,99999,CHAMPA,IN,,,+22.033,+082.700,+0245.0,19730101,20090205,42783099999,22.033,82.7,245.0,True,CHAMPA,False,11:41,development,0,False,0,False,0,False,0,False
427900,99999,JASHPURNAGAR,IN,,,+22.883,+084.133,+0771.0,20011004,20240423,42790099999,22.883,84.133,771.0,True,JASHPURNAGAR,False,11:42,development,1,True,0,False,0,False,13,True
427920,99999,SUNDARGARH,IN,,,+22.117,+084.033,+0240.0,20020620,20250824,42792099999,22.117,84.033,240.0,True,SUNDARGARH,False,11:42,development,647,True,561,True,355,True,587,True
427930,99999,ROURKELA,IN,,,+22.217,+084.883,+0196.0,20170815,20250824,42793099999,22.217,84.883,196.0,True,ROURKELA,False,11:42,development,1,True,0,False,0,False,297,True
427950,99999,CHAIBASA,IN,,,+22.550,+085.817,+0226.0,19440101,20250824,42795099999,22.55,85.817,226.0,True,CHAIBASA,False,11:42,development,0,False,0,False,0,False,0,False
427980,99999,JAMSHEDPUR,IN,,VEJS,+22.813,+086.169,+0153.9,19730101,20250824,42798099999,22.813,86.169,153.9,True,JAMSHEDPUR,False,11:43,development,7135,True,7390,True,7599,True,7755,True
427990,99999,JAMSHEDPUR,IN,,,+22.817,+086.183,+0129.0,19450801,20250824,42799099999,22.817,86.183,129.0,True,JAMSHEDPUR,False,11:43,development,0,False,0,False,0,False,0,False
428020,99999,KALAIKUNDA,IN,,,+22.333,+087.217,+0062.0,19440115,19451210,42802099999,22.333,87.217,62.0,True,KALAIKUNDA,False,11:43,development,0,False,0,False,0,False,0,False
428030,99999,MIDNAPORE,IN,,,+22.417,+087.317,+0045.0,19730101,20250824,42803099999,22.417,87.317,45.0,True,MIDNAPORE,False,11:43,development,698,True,663,True,709,True,703,True
428050,99999,ULUBERIA,IN,,,+22.500,+087.950,+0005.0,19810506,20250824,42805099999,22.5,87.95,5.0,True,ULUBERIA,False,11:43,development,10,True,12,True,706,True,701,True
428070,99999,BEHALA,IN,,VEBA,+22.505,+088.293,+0002.4,19440331,20250824,42807099999,22.505,88.293,2.4,True,BEHALA,False,11:44,spatial_holdout,2902,True,2860,True,2881,True,2858,True
428081,99999,CALCUTTA/BARRACKS,IN,,,+22.767,+088.367,+0007.0,19440331,19460531,42808199999,22.767,88.367,7.0,True,CALCUTTA/BARRACKS,False,11:44,spatial_holdout,0,False,0,False,0,False,0,False
428090,99999,NETAJI SUBHASH CHANDRA BOSE INTL,IN,,VECC,+22.655,+088.447,+0004.9,19430831,20250824,42809099999,22.655,88.447,4.9,True,NETAJI SUBHASH CHANDRA BOSE INTL,False,11:44,spatial_holdout,17784,True,17920,True,20406,True,20287,True
428100,99999,BASIRHAT,IN,,,+22.650,+088.867,+0004.0,20151207,20190408,42810099999,22.65,88.867,4.0,True,BASIRHAT,False,11:44,spatial_holdout,0,False,0,False,0,False,0,False
428110,99999,DIAMOND HARBOUR,IN,,,+22.183,+088.200,+0007.0,20011015,20250824,42811099999,22.183,88.2,7.0,True,DIAMOND HARBOUR,False,11:44,spatial_holdout,2840,True,2878,True,2889,True,2857,True
428120,99999,CANNING,IN,,,+22.250,+088.667,+0004.0,20090205,20250824,42812099999,22.25,88.667,4.0,True,CANNING,False,11:44,spatial_holdout,1454,True,1436,True,1458,True,1438,True
428300,99999,PORBANDAR,IN,,,+21.650,+069.667,+0005.0,19730101,20250824,42830099999,21.65,69.667,5.0,True,PORBANDAR,False,10:34,development,2908,True,2870,True,2900,True,2852,True
428320,99999,KESHOD,IN,,,+21.317,+070.317,+0050.0,20010916,20250824,42832099999,21.317,70.317,50.0,True,KESHOD,False,10:35,development,721,True,713,True,721,True,710,True
428340,99999,AMRELI,IN,,,+21.600,+071.217,+0115.0,19740517,20250824,42834099999,21.6,71.217,115.0,True,AMRELI,False,10:35,development,667,True,564,True,552,True,500,True
428370,99999,MAHUVA,IN,,,+21.083,+071.783,+0009.0,20010711,20250824,42837099999,21.083,71.783,9.0,True,MAHUVA,False,10:35,development,727,True,715,True,724,True,694,True
428380,99999,BHAUNAGAR,IN,,,+21.750,+072.200,+0005.0,19730102,20250824,42838099999,21.75,72.2,5.0,True,BHAUNAGAR,False,10:36,development,1460,True,1434,True,1453,True,1441,True
428400,99999,SURAT,IN,,,+21.200,+072.833,+0012.0,19440101,20250824,42840099999,21.2,72.833,12.0,True,SURAT,False,10:36,development,2911,True,2874,True,2902,True,2880,True
428410,99999,BROACH,IN,,,+21.733,+073.000,+0017.0,20011001,20240101,42841099999,21.733,73.0,17.0,True,BROACH,False,10:36,development,0,False,0,False,0,False,0,False
428460,99999,NANDURBAR,IN,,,+21.333,+074.250,+0206.0,20160321,20250824,42846099999,21.333,74.25,206.0,True,NANDURBAR,False,10:37,spatial_holdout,0,False,0,False,0,False,60,True
428490,99999,KHARGONE,IN,,,+21.817,+075.617,+0251.0,20090205,20250824,42849099999,21.817,75.617,251.0,True,KHARGONE,False,10:37,spatial_holdout,717,True,695,True,724,True,717,True
428510,99999,JALGAON,IN,,,+21.050,+075.567,+0201.0,19440101,20250824,42851099999,21.05,75.567,201.0,True,JALGAON,False,10:37,spatial_holdout,718,True,696,True,701,True,694,True
428550,99999,KHANDWA,IN,,VAKD,+21.833,+076.367,+0318.0,19440101,20250824,42855099999,21.833,76.367,318.0,True,KHANDWA,False,10:38,development,727,True,706,True,727,True,721,True
428600,99999,BETUL,IN,,,+21.867,+077.933,+0653.0,19730101,20250824,42860099999,21.867,77.933,653.0,True,BETUL,False,10:38,development,729,True,719,True,729,True,720,True
428660,99999,NAGPUR (MAYO HOSPITAL),IN,,,+21.150,+079.117,+0311.0,19860516,20250405,42866099999,21.15,79.117,311.0,True,NAGPUR (MAYO HOSPITAL),False,10:39,development,2,True,0,False,0,False,0,False
428670,99999,DR BABA SAHEB AMBEDKAR INTL,IN,,VANP,+21.092,+079.047,+0314.9,19440101,20250824,42867099999,21.092,79.047,314.9,True,DR BABA SAHEB AMBEDKAR INTL,False,10:39,development,14833,True,14974,True,19428,True,20084,True
428710,99999,GONDIA ARPT/BIRSI,IN,,VAGD,+21.524,+080.288,+0300.8,19730101,20250824,42871099999,21.524,80.288,300.8,True,GONDIA ARPT/BIRSI,False,10:40,development,1428,True,1436,True,1450,True,1863,True
428720,99999,MANA,IN,,,+21.233,+081.650,+0313.0,20151207,20250824,42872099999,21.233,81.65,313.0,True,MANA,False,10:40,development,730,True,719,True,729,True,718,True
428740,99999,PBO RAIPUR,IN,,,+21.233,+081.650,+0298.0,19960701,20250824,42874099999,21.233,81.65,298.0,True,PBO RAIPUR,False,10:40,development,2911,True,2886,True,2902,True,2878,True
428750,99999,SWAMI VIVEKANANDA,IN,,VERP,+21.183,+081.733,+0317.6,19440101,20250824,42875099999,21.183,81.733,317.6,True,SWAMI VIVEKANANDA,False,10:40,development,4621,True,7256,True,11833,True,11861,True
428760,99999,DURG,IN,,,+21.183,+081.283,+0293.0,20020315,20250824,42876099999,21.183,81.283,293.0,True,DURG,False,10:40,development,631,True,698,True,714,True,710,True
428830,99999,SAMBALPUR,IN,,,+21.467,+083.967,+0148.0,19440101,20250824,42883099999,21.467,83.967,148.0,True,SAMBALPUR,False,10:41,development,1755,True,1435,True,1450,True,1441,True
428840,99999,RAIGARH,IN,,,+21.883,+083.383,+0220.0,19990612,20070520,42884099999,21.883,83.383,220.0,True,RAIGARH,False,10:41,development,0,False,0,False,0,False,0,False
428860,99999,JHARSUGUDA / VEER SURENDRA SAI,IN,,VEJH,+21.914,+084.050,+0228.9,19570102,20250824,42886099999,21.914,84.05,228.9,True,JHARSUGUDA / VEER SURENDRA SAI,False,10:42,development,11572,True,11642,True,10212,True,10987,True
428910,99999,KEONGJHARGARH,IN,,,+21.617,+085.517,+0463.0,20010917,20250824,42891099999,21.617,85.517,463.0,True,KEONGJHARGARH,False,10:42,development,1456,True,1448,True,1455,True,1443,True
428940,99999,BARIPADA,IN,,,+21.933,+086.767,+0054.0,20090205,20250824,42894099999,21.933,86.767,54.0,True,BARIPADA,False,10:43,development,672,True,687,True,626,True,578,True
428950,99999,BALASORE,IN,,,+21.517,+086.933,+0020.0,19440101,20250824,42895099999,21.517,86.933,20.0,True,BALASORE,False,10:43,development,2915,True,2884,True,2896,True,2872,True
429000,99999,CONTAI,IN,,,+21.783,+087.750,+0011.0,20020314,20250824,42900099999,21.783,87.75,11.0,True,CONTAI,False,10:43,development,584,True,695,True,723,True,706,True
429010,99999,DIGHA,IN,,,+21.617,+087.500,+0006.0,20090204,20250824,42901099999,21.617,87.5,6.0,True,DIGHA,False,10:43,development,2898,True,2872,True,2904,True,2879,True
429030,99999,SAGAR ISLAND,IN,,,+21.650,+088.050,+0003.0,19440101,20250824,42903099999,21.65,88.05,3.0,True,SAGAR ISLAND,False,10:44,spatial_holdout,58,True,118,True,114,True,204,True
429090,99999,VERAVAL,IN,,,+20.900,+070.367,+0008.0,19440101,20250824,42909099999,20.9,70.367,8.0,True,VERAVAL,False,10:35,development,2914,True,2872,True,2903,True,2883,True
429140,99999,DIU APRT,IN,,VADU,+20.715,+070.922,+0009.1,20151207,20250824,42914099999,20.715,70.922,9.1,True,DIU APRT,False,10:35,development,799,True,1706,True,2491,True,3451,True
429150,99999,BULSAR,IN,,,+20.617,+072.933,+0015.0,20090205,20240918,42915099999,20.617,72.933,15.0,True,BULSAR,False,10:36,development,260,True,711,True,714,True,619,True
429160,99999,DAMAN,IN,,,+20.417,+072.850,+0012.0,19780110,20250824,42916099999,20.417,72.85,12.0,True,DAMAN,False,10:36,development,0,False,337,True,701,True,687,True
429200,99999,OZAR AIR FORCE STATION /NASHIK ARPT,IN,,VAOZ,+20.119,+073.914,+0598.0,19890430,20250824,42920099999,20.119,73.914,598.0,True,OZAR AIR FORCE STATION /NASHIK ARPT,False,10:36,development,7855,True,7576,True,8055,True,3622,True
429210,99999,NASIK CITY,IN,,,+19.967,+073.817,+0598.0,20060202,20250824,42921099999,19.967,73.817,598.0,True,NASIK CITY,False,9:36,spatial_holdout,2868,True,2865,True,2862,True,2815,True
429250,99999,MALEGAON,IN,,,+20.550,+074.533,+0437.0,19440101,20250824,42925099999,20.55,74.533,437.0,True,MALEGAON,False,10:37,spatial_holdout,705,True,666,True,284,True,178,True
429310,99999,BULDANA,IN,,,+20.533,+076.233,+0650.0,19730101,20250824,42931099999,20.533,76.233,650.0,True,BULDANA,False,10:38,development,1381,True,1373,True,1213,True,1376,True
429330,99999,AKOLA,IN,,,+20.700,+077.033,+0282.0,19440101,20250824,42933099999,20.7,77.033,282.0,True,AKOLA,False,10:38,development,2913,True,2862,True,2902,True,2874,True
429340,99999,AKOLA,IN,,VAAK,+20.699,+077.059,+0304.5,19730101,20241109,42934099999,20.699,77.059,304.5,True,AKOLA,False,10:38,development,0,False,0,False,0,False,0,False
429350,99999,WASHIM,IN,,,+20.117,+077.117,+0565.0,20090205,20250824,42935099999,20.117,77.117,565.0,True,WASHIM,False,10:38,development,587,True,423,True,526,True,612,True
429370,99999,AMRAOTI,IN,,,+20.933,+077.783,+0370.0,19440101,20250824,42937099999,20.933,77.783,370.0,True,AMRAOTI,False,10:38,development,1329,True,1307,True,1198,True,1350,True
429390,99999,WARDHA,IN,,,+20.667,+078.583,+0283.0,20070520,20250824,42939099999,20.667,78.583,283.0,True,WARDHA,False,10:39,development,1384,True,1375,True,1237,True,1391,True
429430,99999,YEOTMAL,IN,,,+20.400,+078.150,+0451.0,19730101,20250824,42943099999,20.4,78.15,451.0,True,YEOTMAL,False,10:39,development,36,True,1,True,55,True,687,True
429460,99999,BRAMHAPURI,IN,,,+20.600,+079.850,+0229.0,19831018,20250824,42946099999,20.6,79.85,229.0,True,BRAMHAPURI,False,10:39,development,292,True,223,True,1092,True,1346,True
429480,99999,RAJNANDGAON,IN,,,+21.100,+081.033,+0329.0,20151208,20250824,42948099999,21.1,81.033,329.0,True,RAJNANDGAON,False,10:40,development,621,True,614,True,524,True,635,True
429530,99999,KANKER,IN,,,+20.267,+081.483,+0402.0,19440101,20191202,42953099999,20.267,81.483,402.0,True,KANKER,False,10:40,development,0,False,0,False,0,False,0,False
429610,99999,TITLAGARH,IN,,,+20.300,+083.300,+0211.0,19730101,20250824,42961099999,20.3,83.3,211.0,True,TITLAGARH,False,10:41,development,173,True,634,True,453,True,441,True
429630,99999,BOLANGIR,IN,,,+20.700,+083.500,+0190.0,20020418,20220614,42963099999,20.7,83.5,190.0,True,BOLANGIR,False,10:41,development,2,True,37,True,3,True,0,False
429660,99999,PHULBANI,IN,,,+20.483,+084.267,+0489.0,20010707,20250813,42966099999,20.483,84.267,489.0,True,PHULBANI,False,10:42,development,0,False,2,True,0,False,0,False
429690,99999,ANGUL,IN,,,+20.833,+085.100,+0139.0,19730101,20250824,42969099999,20.833,85.1,139.0,True,ANGUL,False,10:42,development,705,True,702,True,637,True,643,True
429700,99999,CUTTACK,IN,,,+20.467,+085.933,+0027.0,19440101,20250824,42970099999,20.467,85.933,27.0,True,CUTTACK,False,10:42,development,688,True,688,True,649,True,618,True
429710,99999,BHUBANESHWAR / BIJU PATNAIK INTL,IN,,VEBS,+20.244,+085.818,+0042.1,19570102,20250824,42971099999,20.244,85.818,42.1,True,BHUBANESHWAR / BIJU PATNAIK INTL,False,10:42,development,17994,True,19513,True,19941,True,19605,True
429730,99999,CHANDBALI,IN,,,+20.783,+086.733,+0006.0,19440101,20250824,42973099999,20.783,86.733,6.0,True,CHANDBALI,False,10:43,development,2905,True,2862,True,2888,True,2869,True
429760,99999,PARADIP (C.W.R.),IN,,,+20.300,+086.683,+0008.0,20020521,20250824,42976099999,20.3,86.683,8.0,True,PARADIP (C.W.R.),False,10:43,development,2023,True,2179,True,2174,True,2167,True
429770,99999,SANDHEADS,IN,,,+20.850,+088.250,+0010.0,19440101,19971231,42977099999,20.85,88.25,10.0,True,SANDHEADS,False,10:44,spatial_holdout,0,False,0,False,0,False,0,False
429980,99999,BOGUS INDIAN,IN,,,,,,19840503,20040613,42998099999,,,,False,BOGUS INDIAN,False,<NA>:<NA>,spatial_holdout,0,False,0,False,0,False,0,False
430010,99999,DAHANU,IN,,,+19.967,+072.717,+0005.0,19440101,20250824,43001099999,19.967,72.717,5.0,True,DAHANU,False,9:36,spatial_holdout,1802,True,1799,True,1798,True,1711,True
430020,99999,BOMBAY / JUHU,IN,,,+19.117,+072.833,+0003.0,20161012,20161012,43002099999,19.117,72.833,3.0,True,BOMBAY / JUHU,False,9:36,spatial_holdout,0,False,0,False,0,False,0,False
430030,99999,CHHATRAPATI SHIVAJI MAHARAJ INTL,IN,,VABB,+19.089,+072.868,+0011.3,19440101,20250824,43003099999,19.089,72.868,11.3,True,CHHATRAPATI SHIVAJI MAHARAJ INTL,False,9:36,spatial_holdout,20364,True,20121,True,20289,True,19987,True
430050,99999,T B I A,IN,,,+19.150,+072.000,+0012.0,20170418,20250824,43005099999,19.15,72.0,12.0,True,T B I A,False,9:36,spatial_holdout,1139,True,1180,True,729,True,786,True
430090,99999,AHMADNAGAR,IN,,,+19.083,+074.800,+0657.0,19440101,20250824,43009099999,19.083,74.8,657.0,True,AHMADNAGAR,False,9:37,development,127,True,163,True,280,True,164,True
430110,99999,BIR,IN,,,+19.000,+075.717,+0519.0,20020317,20250824,43011099999,19.0,75.717,519.0,True,BIR,False,9:37,development,379,True,290,True,69,True,522,True
430120,99999,JALNA,IN,,,+19.833,+075.800,+0538.0,20151208,20230617,43012099999,19.833,75.8,538.0,True,JALNA,False,9:37,development,580,True,185,True,0,False,26,True
430130,99999,AURANGABAD,IN,,,+19.883,+075.333,+0579.0,19440101,20230422,43013099999,19.883,75.333,579.0,True,AURANGABAD,False,9:37,development,0,False,0,False,0,False,2,True
430140,99999,AURANGABAD,IN,,VAAU,+19.863,+075.398,+0582.5,19730101,20250824,43014099999,19.863,75.398,582.5,True,AURANGABAD,False,9:37,development,5908,True,5517,True,8204,True,5050,True
430170,99999,PARBHANI,IN,,,+19.133,+076.833,+0422.0,19440101,20250824,43017099999,19.133,76.833,422.0,True,PARBHANI,False,9:38,development,1068,True,1056,True,1071,True,1042,True
430190,99999,PUSAD,IN,,,+19.917,+077.583,+0332.0,19831018,20230225,43019099999,19.917,77.583,332.0,True,PUSAD,False,9:38,development,0,False,1,True,1,True,1,True
430210,99999,NANDED,IN,,,+19.083,+077.333,+0358.0,20151207,20250824,43021099999,19.083,77.333,358.0,True,NANDED,True,9:38,development,2666,True,2443,True,2407,True,3220,True
430220,99999,PRIYADARSHINI,IN,,,+19.750,+078.033,+0457.0,20081111,20081111,43022099999,19.75,78.033,457.0,True,PRIYADARSHINI,False,9:39,development,0,False,0,False,0,False,0,False
430250,99999,ADILABAD,IN,,,+19.650,+078.533,+0269.0,19851202,20250824,43025099999,19.65,78.533,269.0,True,ADILABAD,False,9:39,development,706,True,706,True,705,True,683,True
430290,99999,CHANDRAPUR,IN,,,+19.967,+079.300,+0193.0,19440101,20250824,43029099999,19.967,79.3,193.0,True,CHANDRAPUR,False,9:39,development,1222,True,1231,True,999,True,1318,True
430410,99999,JAGDALPUR,IN,,,+19.083,+082.033,+0553.0,19440101,20250824,43041099999,19.083,82.033,553.0,True,JAGDALPUR,False,9:41,development,2915,True,4961,True,8241,True,8564,True
430420,99999,BHAWANIPATNA,IN,,,+19.917,+083.183,+0261.0,19810103,20250824,43042099999,19.917,83.183,261.0,True,BHAWANIPATNA,False,9:41,development,692,True,699,True,639,True,640,True
430490,99999,GOPALPUR,IN,,,+19.267,+084.883,+0017.0,19440101,20250824,43049099999,19.267,84.883,17.0,True,GOPALPUR,False,9:42,development,2915,True,2884,True,2899,True,2875,True
430530,99999,PURI,IN,,,+19.800,+085.817,+0006.0,19730101,20250824,43053099999,19.8,85.817,6.0,True,PURI,False,9:42,development,2907,True,2870,True,2887,True,2875,True
430570,99999,BOMBAY / COLABA,IN,,,+18.900,+072.817,+0011.0,20041228,20250824,43057099999,18.9,72.817,11.0,True,BOMBAY / COLABA,False,9:36,spatial_holdout,793,True,889,True,945,True,899,True
430580,99999,ALIBAG,IN,,,+18.633,+072.867,+0007.0,20020509,20250822,43058099999,18.633,72.867,7.0,True,ALIBAG,False,9:36,spatial_holdout,520,True,546,True,455,True,455,True
430600,99999,MATHERAN,IN,,,+18.983,+073.283,+0695.0,20170604,20250824,43060099999,18.983,73.283,695.0,True,MATHERAN,False,9:36,spatial_holdout,672,True,680,True,701,True,691,True
430610,99999,KHANDALA,IN,,,+18.767,+073.367,+0539.0,19440507,20070522,43061099999,18.767,73.367,539.0,True,KHANDALA,False,9:36,spatial_holdout,0,False,0,False,0,False,0,False
430620,99999,BHIRA,IN,,,+18.450,+073.400,+0096.0,20070520,20190919,43062099999,18.45,73.4,96.0,True,BHIRA,False,9:36,spatial_holdout,0,False,0,False,0,False,0,False
430630,99999,PUNE,IN,,,+18.533,+073.850,+0558.0,19440101,20250824,43063099999,18.533,73.85,558.0,True,PUNE,False,9:36,spatial_holdout,2898,True,2881,True,2900,True,2879,True
430640,99999,PUNE / LOHOGAON AERODROME,IN,,,+18.583,+073.917,+0589.0,19880501,20160618,43064099999,18.583,73.917,589.0,True,PUNE / LOHOGAON AERODROME,False,9:36,spatial_holdout,0,False,0,False,0,False,0,False
430670,99999,PASHAN CTI,IN,,,+18.533,+073.850,+0560.0,20180724,20250823,43067099999,18.533,73.85,560.0,True,PASHAN CTI,False,9:36,spatial_holdout,0,False,0,False,0,False,9,True
430690,99999,BARAMATI,IN,,,+18.150,+074.583,+0551.0,19840213,20250824,43069099999,18.15,74.583,551.0,True,BARAMATI,False,9:37,development,612,True,516,True,573,True,583,True
430710,99999,JEUR,IN,,,+18.200,+075.200,+0521.0,20151208,20250824,43071099999,18.2,75.2,521.0,True,JEUR,False,9:37,development,185,True,137,True,459,True,470,True
430760,99999,UDGIR,IN,,,+18.067,+077.117,+0639.0,20151208,20250824,43076099999,18.067,77.117,639.0,True,UDGIR,False,9:38,development,70,True,1,True,442,True,697,True
430810,99999,NIZAMABAD,IN,,,+18.667,+078.100,+0381.0,19440101,20250824,43081099999,18.667,78.1,381.0,True,NIZAMABAD,False,9:39,development,2433,True,2866,True,2860,True,2775,True
430830,99999,MEDAK,IN,,,+18.050,+078.267,+0472.0,19870905,20250824,43083099999,18.05,78.267,472.0,True,MEDAK,False,9:39,development,706,True,707,True,703,True,681,True
430860,99999,RAMGUNDAM,IN,,,+18.767,+079.433,+0156.0,19730101,20250824,43086099999,18.767,79.433,156.0,True,RAMGUNDAM,True,9:39,development,2907,True,2864,True,2880,True,2852,True
430870,99999,HANAMKONDA,IN,,,+18.017,+079.567,+0269.0,19440101,20250824,43087099999,18.017,79.567,269.0,True,HANAMKONDA,False,9:39,development,680,True,711,True,708,True,695,True
430890,99999,SIRONCHA,IN,,,+18.850,+079.967,+0123.0,20010812,20021015,43089099999,18.85,79.967,123.0,True,SIRONCHA,False,9:39,development,0,False,0,False,0,False,0,False
430930,99999,BAILADILA,IN,,,+18.583,+081.233,+1144.0,19890521,20250212,43093099999,18.583,81.233,1144.0,True,BAILADILA,False,9:40,development,1,True,1,True,1,True,0,False
430970,99999,KORAPUT,IN,,,+18.817,+082.717,+0913.0,19730113,20250824,43097099999,18.817,82.717,913.0,True,KORAPUT,False,9:41,development,703,True,698,True,625,True,639,True
431050,99999,KALINGAPATAM,IN,,,+18.333,+084.133,+0006.0,19440101,20250824,43105099999,18.333,84.133,6.0,True,KALINGAPATAM,False,9:42,development,2907,True,2878,True,2855,True,2773,True
431090,99999,HARNAI,IN,,,+17.817,+073.100,+0020.0,19440101,20250824,43109099999,17.817,73.1,20.0,True,HARNAI,False,8:36,spatial_holdout,1390,True,1359,True,1375,True,1360,True
431100,99999,RATNAGIRI,IN,,,+16.983,+073.333,+0067.0,19440101,20250824,43110099999,16.983,73.333,67.0,True,RATNAGIRI,False,8:36,spatial_holdout,2890,True,2865,True,2884,True,2827,True
431110,99999,MAHABALESHWAR,IN,,,+17.933,+073.667,+1382.0,19440101,20250824,43111099999,17.933,73.667,1382.0,True,MAHABALESHWAR,False,8:36,spatial_holdout,1438,True,1429,True,1450,True,1418,True
431130,99999,SATARA,IN,,,+17.517,+074.050,+0612.0,20020727,20250824,43113099999,17.517,74.05,612.0,True,SATARA,False,8:37,development,680,True,709,True,723,True,720,True
431170,99999,SOLAPUR,IN,,VASL,+17.628,+075.935,+0482.8,19440101,20250824,43117099999,17.628,75.935,482.8,True,SOLAPUR,False,8:37,development,2874,True,2828,True,2867,True,2728,True
431210,99999,GULBARGA,IN,,,+17.350,+076.850,+0458.0,19440101,20250824,43121099999,17.35,76.85,458.0,True,GULBARGA,False,8:38,development,291,True,455,True,2814,True,1445,True
431250,99999,BIDAR,IN,,VOBR,+17.917,+077.533,+0663.0,19440701,20250824,43125099999,17.917,77.533,663.0,True,BIDAR,False,8:38,development,201,True,462,True,420,True,454,True
431280,99999,BEGUMPET AIRPORT / HYDERABAD INTL,IN,,VOHY,+17.452,+078.461,+0531.0,19440101,20250824,43128099999,17.452,78.461,531.0,True,BEGUMPET AIRPORT / HYDERABAD INTL,True,8:39,spatial_holdout,12538,True,12813,True,13770,True,13139,True
431285,99999,HYDERABAD INTL AIRPORT / RAJIV GANDHI INTL,IN,,VOHS,+17.233,+078.417,+0617.0,20080721,20250824,43128599999,17.233,78.417,617.0,True,HYDERABAD INTL AIRPORT / RAJIV GANDHI INTL,True,8:39,spatial_holdout,15851,True,16940,True,17119,True,16363,True
431300,99999,HAKIMPET,IN,,,+17.550,+078.517,+0613.0,19890731,19890731,43130099999,17.55,78.517,613.0,True,HAKIMPET,False,8:39,spatial_holdout,0,False,0,False,0,False,0,False
431330,99999,NALGONDA,IN,,,+17.000,+079.250,+0227.0,19771019,20250824,43133099999,17.0,79.25,227.0,True,NALGONDA,False,8:39,spatial_holdout,347,True,636,True,700,True,684,True
431360,99999,BHADRACHALAM,IN,,,+17.667,+080.883,+0054.0,19730104,20250824,43136099999,17.667,80.883,54.0,True,BHADRACHALAM,False,8:40,development,712,True,315,True,267,True,407,True
431370,99999,KHAMMAM,IN,,,+17.250,+080.150,+0112.0,19440101,20250824,43137099999,17.25,80.15,112.0,True,KHAMMAM,False,8:40,development,72,True,72,True,711,True,684,True
431470,99999,TUNI,IN,,,+17.350,+082.550,+0035.0,20090204,20250824,43147099999,17.35,82.55,35.0,True,TUNI,False,8:41,spatial_holdout,2845,True,2787,True,2141,True,2752,True
431490,99999,VISHAKHAPATNAM CTLZ,IN,,VOVZ,+17.717,+083.217,+0004.6,19540101,20250824,43149099999,17.717,83.217,4.6,True,VISHAKHAPATNAM CTLZ,False,8:41,spatial_holdout,17032,True,18222,True,19114,True,16636,True
431500,99999,CWC VISHAKHAPATNAM/WALTAIR,IN,,,+17.700,+083.300,+0066.0,19440101,20250824,43150099999,17.7,83.3,66.0,True,CWC VISHAKHAPATNAM/WALTAIR,False,8:41,spatial_holdout,225,True,372,True,2885,True,2847,True
431530,99999,DEVGARH,IN,,,+16.383,+073.350,+0036.0,19460801,19860725,43153099999,16.383,73.35,36.0,True,DEVGARH,False,8:36,spatial_holdout,0,False,0,False,0,False,0,False
431570,99999,KOLHAPUR,IN,,VAKP,+16.665,+074.289,+0608.4,19730101,20250824,43157099999,16.665,74.289,608.4,True,KOLHAPUR,False,8:37,development,4488,True,6124,True,6313,True,7510,True
431580,99999,SANGLI,IN,,,+16.850,+074.600,+0549.0,19750906,20250824,43158099999,16.85,74.6,549.0,True,SANGLI,False,8:37,development,333,True,362,True,1414,True,1180,True
431600,99999,BAGALKOTE,IN,,,+16.700,+075.750,+0524.0,19440101,20231009,43160099999,16.7,75.75,524.0,True,BAGALKOTE,False,8:37,development,0,False,355,True,381,True,259,True
431610,99999,BIJAPUR,IN,,,+16.817,+075.717,+0594.0,19440101,20250824,43161099999,16.817,75.717,594.0,True,BIJAPUR,False,8:37,development,286,True,485,True,423,True,444,True
431680,99999,MAHABUBNAGAR,IN,,,+16.750,+078.000,+0505.0,20090205,20250824,43168099999,16.75,78.0,505.0,True,MAHABUBNAGAR,False,8:39,spatial_holdout,55,True,49,True,246,True,398,True
431690,99999,RAICHUR,IN,,,+16.200,+077.350,+0400.0,19440101,20250824,43169099999,16.2,77.35,400.0,True,RAICHUR,False,8:38,development,101,True,233,True,422,True,439,True
431770,99999,RENTACHINTALA,IN,,,+16.550,+079.550,+0106.0,19440101,20250823,43177099999,16.55,79.55,106.0,True,RENTACHINTALA,False,8:39,spatial_holdout,158,True,124,True,718,True,705,True
431800,99999,VIJAYAWADA,IN,,,+16.517,+080.617,+0020.0,20010823,20021025,43180099999,16.517,80.617,20.0,True,VIJAYAWADA,False,8:40,development,0,False,0,False,0,False,0,False
431810,99999,VIJAYAWADA,IN,,VOBZ,+16.530,+080.797,+0025.0,19730103,20250824,43181099999,16.53,80.797,25.0,True,VIJAYAWADA,True,8:40,development,13314,True,14620,True,14774,True,14029,True
431820,99999,NANDIGAMA,IN,,,+16.783,+080.283,+0051.0,20090205,20250824,43182099999,16.783,80.283,51.0,True,NANDIGAMA,False,8:40,development,705,True,714,True,710,True,716,True
431840,99999,NIDADAVOLE,IN,,,+16.833,+081.583,+0013.0,20011125,20250413,43184099999,16.833,81.583,13.0,True,NIDADAVOLE,False,8:40,development,0,False,0,False,0,False,0,False
431850,99999,MACHILIPATNAM/FRANCHPET,IN,,,+16.200,+081.150,+0003.0,19540101,20250824,43185099999,16.2,81.15,3.0,True,MACHILIPATNAM/FRANCHPET,False,8:40,development,2832,True,2827,True,2887,True,2859,True
431870,99999,NARSAPUR,IN,,,+16.433,+081.700,+0004.0,20040528,20250824,43187099999,16.433,81.7,4.0,True,NARSAPUR,False,8:40,development,2511,True,2750,True,2851,True,2774,True
431890,99999,KAKINADA,IN,,,+16.950,+082.233,+0008.0,19440101,20250824,43189099999,16.95,82.233,8.0,True,KAKINADA,False,8:41,spatial_holdout,2906,True,2879,True,2880,True,2869,True
431920,99999,GOA/PANJIM,IN,,,+15.483,+073.817,+0058.4,19730101,20250824,43192099999,15.483,73.817,58.4,True,GOA/PANJIM,False,7:36,development,2903,True,2881,True,2899,True,1614,True
431930,99999,VENGURLA,IN,,,+15.867,+073.633,+0016.0,19561031,20241230,43193099999,15.867,73.633,16.0,True,VENGURLA,False,7:36,development,612,True,397,True,174,True,0,False
431940,99999,GOA INTL,IN,,VOGO,+15.381,+073.831,+0056.1,19730101,20250824,43194099999,15.381,73.831,56.1,True,GOA INTL,False,7:36,development,6967,True,7150,True,7350,True,7237,True
431960,99999,MORMUGAO,IN,,,+15.417,+073.783,+0062.0,19440101,20250823,43196099999,15.417,73.783,62.0,True,MORMUGAO,False,7:36,development,711,True,714,True,723,True,576,True
431970,99999,BELGAUM,IN,,,+15.850,+074.533,+0753.0,19440101,20250625,43197099999,15.85,74.533,753.0,True,BELGAUM,False,7:37,development,675,True,591,True,404,True,374,True
431971,99999,BELGAUM AIRPORT / BELAGAVI,IN,,VOBM,+15.850,+074.617,+0747.0,20151207,20250824,43197199999,15.85,74.617,747.0,True,BELGAUM AIRPORT / BELAGAVI,False,7:37,development,7990,True,8846,True,9552,True,8811,True
431980,99999,BELGAUM,IN,,VABM,+15.859,+074.618,+0758.0,19730101,20250824,43198099999,15.859,74.618,758.0,True,BELGAUM,False,7:37,development,2930,True,2867,True,2855,True,1627,True
432000,99999,DHARWAD,IN,,,+15.483,+074.983,+0678.0,20151208,20250824,43200099999,15.483,74.983,678.0,True,DHARWAD,False,7:37,development,674,True,615,True,422,True,446,True
432010,99999,GADAG,IN,,,+15.417,+075.633,+0650.0,19440101,20250824,43201099999,15.417,75.633,650.0,True,GADAG,False,7:37,development,2899,True,2875,True,2879,True,2043,True
432011,99999,HUBLI / HUBBALLI,IN,,VOHB,+15.350,+075.083,+0661.3,20151110,20250824,43201199999,15.35,75.083,661.3,True,HUBLI / HUBBALLI,False,7:37,development,3424,True,5330,True,9950,True,9957,True
432050,99999,BELLARY,IN,,,+15.150,+076.850,+0449.0,19440101,19970316,43205099999,15.15,76.85,449.0,True,BELLARY,False,7:38,development,0,False,0,False,0,False,0,False
432070,99999,PARANGIPETTAI,IN,,,+11.500,+079.767,+0003.0,20151207,20250824,43207099999,11.5,79.767,3.0,True,PARANGIPETTAI,False,5:39,spatial_holdout,630,True,714,True,711,True,677,True
432120,99999,NANDYAL,IN,,,+15.467,+078.483,+0212.0,20010825,20250824,43212099999,15.467,78.483,212.0,True,NANDYAL,False,7:39,development,678,True,699,True,669,True,667,True
432130,99999,KURNOOL,IN,,,+15.800,+078.067,+0281.0,19440101,20250824,43213099999,15.8,78.067,281.0,True,KURNOOL,True,7:39,development,2909,True,2880,True,2883,True,2861,True
432200,99999,BAPATLA,IN,,,+15.900,+080.467,+0006.0,19790416,20250824,43220099999,15.9,80.467,6.0,True,BAPATLA,False,7:40,spatial_holdout,2895,True,2872,True,2871,True,2839,True
432210,99999,ONGOLE,IN,,,+15.500,+080.083,+0012.0,19730101,20250824,43221099999,15.5,80.083,12.0,True,ONGOLE,False,7:40,spatial_holdout,2906,True,2803,True,2878,True,2865,True
432250,99999,KARWAR,IN,,,+14.783,+074.133,+0004.0,19730101,20250824,43225099999,14.783,74.133,4.0,True,KARWAR,False,7:37,development,1429,True,1432,True,1432,True,1383,True
432260,99999,HONAVAR,IN,,,+14.283,+074.450,+0009.0,19440101,20250824,43226099999,14.283,74.45,9.0,True,HONAVAR,False,7:37,development,2755,True,2815,True,2731,True,1672,True
432270,99999,HAVERI,IN,,,+14.783,+075.400,+0573.0,20151208,20250824,43227099999,14.783,75.4,573.0,True,HAVERI,False,7:37,development,95,True,183,True,167,True,182,True
432280,99999,KOPPAL,IN,,,+15.350,+076.150,+0532.0,20151208,20220912,43228099999,15.35,76.15,532.0,True,KOPPAL,False,7:38,development,74,True,103,True,71,True,0,False
432290,99999,SHIRALI,IN,,,+14.067,+074.533,+0045.0,19771222,20250128,43229099999,14.067,74.533,45.0,True,SHIRALI,False,7:37,development,679,True,625,True,433,True,385,True
432300,99999,DAVANGERE,IN,,,+14.500,+075.917,+0620.0,20151208,20250824,43230099999,14.5,75.917,620.0,True,DAVANGERE,False,7:37,development,93,True,187,True,189,True,200,True
432330,99999,CHITRADURGA,IN,,,+14.233,+076.433,+0733.0,19440101,20250824,43233099999,14.233,76.433,733.0,True,CHITRADURGA,True,7:38,development,2897,True,2883,True,2877,True,1945,True
432370,99999,PBO ANANTAPUR,IN,,,+14.583,+077.633,+0364.0,19540101,20250824,43237099999,14.583,77.633,364.0,True,PBO ANANTAPUR,False,7:38,development,2725,True,2771,True,2870,True,2827,True
432410,99999,CUDDAPAH,IN,,,+14.483,+078.833,+0130.0,19440101,20250824,43241099999,14.483,78.833,130.0,True,CUDDAPAH,False,7:39,development,439,True,640,True,648,True,672,True
432430,99999,KAVALI,IN,,,+14.900,+079.983,+0017.0,20040528,20250824,43243099999,14.9,79.983,17.0,True,KAVALI,False,7:39,development,2900,True,2880,True,2882,True,2841,True
432450,99999,NELLORE,IN,,,+14.450,+079.983,+0020.0,19440101,20250824,43245099999,14.45,79.983,20.0,True,NELLORE,True,7:39,development,2754,True,2857,True,2870,True,2825,True
432570,99999,AGUMBE EMO,IN,,,+13.500,+075.083,+0659.0,20010808,20220104,43257099999,13.5,75.083,659.0,True,AGUMBE EMO,False,6:37,development,490,True,46,True,1,True,0,False
432580,99999,SHIVAMOGGA,IN,,VOSH,+13.858,+075.620,+0630.6,20010904,20250824,43258099999,13.858,75.62,630.6,True,SHIVAMOGGA,False,6:37,development,101,True,224,True,193,True,230,True
432590,99999,BALEHONUR,IN,,,+13.367,+075.450,+0907.0,19851209,20230909,43259099999,13.367,75.45,907.0,True,BALEHONUR,False,6:37,development,0,False,1,True,0,False,1,True
432600,99999,CHICKMAGALUR,IN,,,+13.250,+075.750,+1057.0,20090205,20250602,43260099999,13.25,75.75,1057.0,True,CHICKMAGALUR,False,6:37,development,339,True,326,True,156,True,211,True
432630,99999,HASSAN,IN,,,+12.967,+076.333,+0955.0,20020522,20241019,43263099999,12.967,76.333,955.0,True,HASSAN,False,6:38,development,449,True,509,True,113,True,116,True
432640,99999,CHIKKANAHALLI,IN,,,+13.667,+077.917,+0672.0,20151210,20190507,43264099999,13.667,77.917,672.0,True,CHIKKANAHALLI,False,6:38,development,0,False,0,False,0,False,0,False
432660,99999,M.O. AGATHI AIRPORT,IN,,,+10.850,+072.467,+0003.0,20090205,20250824,43266099999,10.85,72.467,3.0,True,M.O. AGATHI AIRPORT,False,5:36,development,704,True,696,True,694,True,646,True
432710,99999,AROGYAVARAM,IN,,,+13.533,+078.500,+0701.0,19730101,20250824,43271099999,13.533,78.5,701.0,True,AROGYAVARAM,False,6:39,spatial_holdout,660,True,691,True,710,True,685,True
432720,99999,CHINTAMANI,IN,,,+13.200,+078.067,+0857.0,20151208,20250824,43272099999,13.2,78.067,857.0,True,CHINTAMANI,False,6:39,spatial_holdout,86,True,182,True,192,True,205,True
432750,99999,TIRUPATHI,IN,,,+13.667,+079.583,+0105.0,19860108,20250824,43275099999,13.667,79.583,105.0,True,TIRUPATHI,True,6:39,spatial_holdout,1795,True,1785,True,1797,True,1768,True
432770,99999,TIRUTTANI,IN,,,+13.150,+079.533,+0087.0,19780210,20250824,43277099999,13.15,79.533,87.0,True,TIRUTTANI,False,6:39,spatial_holdout,709,True,698,True,714,True,677,True
432780,99999,NUMGAMBAKKAM,IN,,,+13.067,+080.200,+0007.0,19870110,20250824,43278099999,13.067,80.2,7.0,True,NUMGAMBAKKAM,True,6:40,development,2159,True,2135,True,2156,True,2096,True
432790,99999,CHENNAI INTL,IN,,VOMM,+12.994,+080.181,+0015.8,19440101,20250824,43279099999,12.994,80.181,15.8,True,CHENNAI INTL,True,6:40,development,18929,True,20064,True,20182,True,20145,True
432830,99999,MANGALORE,IN,,,+12.867,+074.850,+0022.0,19440101,19631231,43283099999,12.867,74.85,22.0,True,MANGALORE,False,6:37,development,0,False,0,False,0,False,0,False
432840,99999,MANGALORE,IN,,VOML,+12.961,+074.890,+0102.7,19730101,20250824,43284099999,12.961,74.89,102.7,True,MANGALORE,True,6:37,development,16856,True,19082,True,19953,True,19328,True
432850,99999,MANGALORE/PANAMBUR,IN,,,+12.950,+074.833,+0031.0,19740429,20250107,43285099999,12.95,74.833,31.0,True,MANGALORE/PANAMBUR,False,6:37,development,719,True,718,True,722,True,661,True
432870,99999,MADIKERI,IN,,,+12.417,+075.733,+1153.0,19440101,20250729,43287099999,12.417,75.733,1153.0,True,MADIKERI,False,6:37,development,183,True,107,True,20,True,0,False
432890,99999,MANDYA,IN,,,+12.500,+076.833,+0695.0,19811012,20250318,43289099999,12.5,76.833,695.0,True,MANDYA,False,6:38,development,247,True,422,True,363,True,351,True
432910,99999,MYSORE,IN,,,+12.300,+076.700,+0767.0,19440101,20250824,43291099999,12.3,76.7,767.0,True,MYSORE,False,6:38,development,206,True,279,True,368,True,300,True
432950,99999,BANGALORE,IN,,,+12.967,+077.583,+0921.0,19730101,20250824,43295099999,12.967,77.583,921.0,True,BANGALORE,True,6:38,development,2894,True,2868,True,2846,True,2828,True
432960,99999,BANGALORE/HINDUSTAN AIRPORT,IN,,,+12.950,+077.633,+0888.0,19420901,20240531,43296099999,12.95,77.633,888.0,True,BANGALORE/HINDUSTAN AIRPORT,False,6:38,development,2429,True,2411,True,2739,True,2465,True
432990,99999,KOLAR GOLD FIELDS,IN,,,+12.950,+078.300,+0882.0,19990207,20210716,43299099999,12.95,78.3,882.0,True,KOLAR GOLD FIELDS,False,6:39,spatial_holdout,1,True,3,True,0,False,0,False
433010,99999,DHARMAPURI,IN,,,+12.133,+078.033,+0396.0,19771125,20250824,43301099999,12.133,78.033,396.0,True,DHARMAPURI,False,6:39,spatial_holdout,723,True,715,True,714,True,667,True
433020,99999,TIRUPPATTUR,IN,,,+12.483,+078.567,+0385.0,20151212,20250824,43302099999,12.483,78.567,385.0,True,TIRUPPATTUR,False,6:39,spatial_holdout,711,True,712,True,703,True,675,True
433025,99999,BANGALORE / HAL AIRPORT BENGALURU,IN,,VOBG,+12.950,+077.668,+0887.6,20050507,20250824,43302599999,12.95,77.668,887.6,True,BANGALORE / HAL AIRPORT BENGALURU,True,6:38,development,10663,True,10607,True,10620,True,12727,True
433030,99999,VELLORE,IN,,VOVR,+12.917,+079.150,+0214.0,19440101,20250824,43303099999,12.917,79.15,214.0,True,VELLORE,False,6:39,spatial_holdout,1444,True,1394,True,1287,True,1360,True
433080,99999,MAHABALIPURAM,IN,,,+12.617,+080.200,+0009.0,19760825,19760827,43308099999,12.617,80.2,9.0,True,MAHABALIPURAM,False,6:40,development,0,False,0,False,0,False,0,False
433090,99999,MAYA BANDAR,IN,,,+12.917,+092.917,+0028.0,19730101,20250824,43309099999,12.917,92.917,28.0,True,MAYA BANDAR,False,6:46,development,727,True,718,True,728,True,718,True
433100,99999,LONG ISLAND,IN,,,+12.417,+092.933,+0025.0,20070520,20250824,43310099999,12.417,92.933,25.0,True,LONG ISLAND,False,6:46,development,730,True,722,True,731,True,715,True
433110,99999,M.O. AMINI,IN,,,+11.117,+072.733,+0003.0,19730101,20250824,43311099999,11.117,72.733,3.0,True,M.O. AMINI,False,5:36,development,2909,True,2841,True,2826,True,2749,True
433120,99999,AGATTI,IN,,,+10.850,+072.467,+0004.0,20020325,20030525,43312099999,10.85,72.467,4.0,True,AGATTI,False,5:36,development,0,False,0,False,0,False,0,False
433140,99999,KOZHIKODE,IN,,,+11.250,+075.783,+0005.0,19440101,20250824,43314099999,11.25,75.783,5.0,True,KOZHIKODE,False,5:37,development,2818,True,2870,True,2862,True,2843,True
433150,99999,CANNUR,IN,,,+11.833,+075.333,+0018.0,19771015,20250824,43315099999,11.833,75.333,18.0,True,CANNUR,False,5:37,development,1748,True,1781,True,1777,True,1748,True
433160,99999,NILAMBUR,IN,,,+11.283,+076.233,+0031.0,19990225,20241028,43316099999,11.283,76.233,31.0,True,NILAMBUR,False,5:38,development,0,False,0,False,0,False,0,False
433170,99999,UDHAGAMANDALAM,IN,,,+11.400,+076.733,+2249.0,19440101,20250824,43317099999,11.4,76.733,2249.0,True,UDHAGAMANDALAM,False,5:38,development,637,True,658,True,666,True,631,True
433180,99999,COONOOR,IN,,,+11.350,+076.800,+1747.0,19860214,20250824,43318099999,11.35,76.8,1747.0,True,COONOOR,False,5:38,development,213,True,209,True,700,True,642,True
433190,99999,COIMBATORE,IN,,,+11.000,+076.967,+0409.0,19440101,20230930,43319099999,11.0,76.967,409.0,True,COIMBATORE,False,5:38,development,0,False,0,False,0,False,1,True
433200,99999,M.O. KARIPUR AIRPORT,IN,,,+11.133,+075.950,+0100.0,20090205,20240531,43320099999,11.133,75.95,100.0,True,M.O. KARIPUR AIRPORT,False,5:37,development,699,True,712,True,691,True,676,True
433210,99999,COIMBATORE,IN,,VOCB,+11.031,+077.044,+0403.6,19730101,20250824,43321099999,11.031,77.044,403.6,True,COIMBATORE,True,5:38,development,16887,True,18064,True,18888,True,18275,True
433220,99999,CHAMARAJNAGAR,IN,,,+11.933,+076.933,+0760.0,20151208,20250802,43322099999,11.933,76.933,760.0,True,CHAMARAJNAGAR,False,5:38,development,20,True,0,False,0,False,1,True
433240,99999,ARIYALUR,IN,,,+11.167,+079.000,+0747.0,19771101,20250823,43324099999,11.167,79.0,747.0,True,ARIYALUR,False,5:39,spatial_holdout,404,True,115,True,302,True,371,True
433250,99999,SALEM,IN,,,+11.650,+078.167,+0278.0,19440101,20250824,43325099999,11.65,78.167,278.0,True,SALEM,False,5:39,spatial_holdout,1144,True,1422,True,1419,True,1345,True
433260,99999,KALLAKKURICHCHI,IN,,,+11.733,+078.967,+0127.0,19730101,20240702,43326099999,11.733,78.967,127.0,True,KALLAKKURICHCHI,False,5:39,spatial_holdout,2,True,2,True,1,True,1,True
433270,99999,KARAIKUDI,IN,,,+10.067,+078.800,+0092.0,19760323,20250522,43327099999,10.067,78.8,92.0,True,KARAIKUDI,False,5:39,spatial_holdout,2,True,0,False,0,False,1,True
433280,99999,PONDICHERRY,IN,,,+11.917,+079.833,+0006.0,20020305,20030528,43328099999,11.917,79.833,6.0,True,PONDICHERRY,False,5:39,spatial_holdout,0,False,0,False,0,False,0,False
433290,99999,CUDDALORE,IN,,,+11.767,+079.767,+0012.0,19440101,20250824,43329099999,11.767,79.767,12.0,True,CUDDALORE,True,5:39,spatial_holdout,2905,True,2878,True,2883,True,2841,True
433300,99999,THANJAVUR,IN,,,+10.783,+079.133,+0068.0,19761009,20250824,43330099999,10.783,79.133,68.0,True,THANJAVUR,False,5:39,spatial_holdout,347,True,429,True,691,True,625,True
433310,99999,M.O. PONDICHERRY,IN,,,+11.967,+079.817,+0038.0,20090204,20250824,43331099999,11.967,79.817,38.0,True,M.O. PONDICHERRY,True,5:39,spatial_holdout,2893,True,2872,True,2866,True,2791,True
433330,99999,PORT BLAIR,IN,,VEPB,+11.667,+092.717,+0079.0,19451101,20250824,43333099999,11.667,92.717,79.0,True,PORT BLAIR,False,5:46,spatial_holdout,2906,True,2879,True,2876,True,2869,True
433340,99999,ANDROTH,IN,,,+10.800,+073.983,+0005.0,20020807,20250203,43334099999,10.8,73.983,5.0,True,ANDROTH,False,5:36,development,2,True,0,False,1,True,3,True
433350,99999,PALAKKAD,IN,,,+10.767,+076.650,+0097.0,19440101,20250824,43335099999,10.767,76.65,97.0,True,PALAKKAD,False,5:38,development,697,True,711,True,691,True,604,True
433360,99999,COCHIN INT. AIRPORT NEDUMBASSERY,IN,,,+10.150,+076.400,+0007.7,20061013,20211212,43336099999,10.15,76.4,7.7,True,COCHIN INT. AIRPORT NEDUMBASSERY,False,5:38,development,420,True,1,True,0,False,0,False
433370,99999,KAVARATTI HELIPORT,IN,,VOKV,+10.542,+072.616,+0009.1,20160101,20250324,43337099999,10.542,72.616,9.1,True,KAVARATTI HELIPORT,False,5:36,development,0,False,4,True,0,False,0,False
433380,99999,ERODE,IN,,,+11.483,+077.767,+0172.0,20190623,20250824,43338099999,11.483,77.767,172.0,True,ERODE,False,5:38,development,657,True,672,True,718,True,662,True
433390,99999,KODAIKANAL,IN,,,+10.233,+077.467,+2343.0,19440101,20250824,43339099999,10.233,77.467,2343.0,True,KODAIKANAL,False,5:38,development,697,True,668,True,725,True,706,True
433400,99999,YERCAUD,IN,,,+11.750,+078.167,+1463.0,20151207,20250824,43340099999,11.75,78.167,1463.0,True,YERCAUD,False,5:39,spatial_holdout,717,True,713,True,713,True,658,True
433410,99999,VALPARAI,IN,,,+10.283,+077.000,+1041.0,20151207,20250824,43341099999,10.283,77.0,1041.0,True,VALPARAI,False,5:38,development,674,True,679,True,694,True,635,True
433420,99999,K. PARAMATHY,IN,,,+10.950,+078.083,+0181.0,19780731,20250824,43342099999,10.95,78.083,181.0,True,K. PARAMATHY,False,5:39,spatial_holdout,690,True,703,True,709,True,698,True
433430,99999,TIRUCHIRAPALLI TOWN,IN,,,+10.767,+078.717,+0088.0,20160205,20250104,43343099999,10.767,78.717,88.0,True,TIRUCHIRAPALLI TOWN,False,5:39,spatial_holdout,3,True,0,False,3,True,0,False
433440,99999,TIRUCHIRAPPALLI,IN,,VOTR,+10.765,+078.710,+0087.8,19440101,20250824,43344099999,10.765,78.71,87.8,True,TIRUCHIRAPPALLI,False,5:39,spatial_holdout,16294,True,17203,True,19116,True,19600,True
433450,99999,KUDIMIAMALAI,IN,,,+10.400,+078.667,+0123.0,20151211,20241213,43345099999,10.4,78.667,123.0,True,KUDIMIAMALAI,False,5:39,spatial_holdout,1,True,0,False,0,False,0,False
433460,99999,KARAIKAL,IN,,,+10.917,+079.833,+0007.0,19990412,20250824,43346099999,10.917,79.833,7.0,True,KARAIKAL,False,5:39,spatial_holdout,2903,True,2867,True,2868,True,2839,True
433470,99999,NAGAPPATTINAM,IN,,,+10.767,+079.850,+0009.0,19440101,20250824,43347099999,10.767,79.85,9.0,True,NAGAPPATTINAM,False,5:39,spatial_holdout,2594,True,2782,True,2866,True,2760,True
433480,99999,ATIRAMAPATTINAM,IN,,,+10.333,+079.383,+0006.0,20030727,20250824,43348099999,10.333,79.383,6.0,True,ATIRAMAPATTINAM,False,5:39,spatial_holdout,2898,True,2806,True,2835,True,2777,True
433490,99999,VEDARANNIYAM,IN,,,+10.367,+079.850,+0004.0,19990908,20241112,43349099999,10.367,79.85,4.0,True,VEDARANNIYAM,False,5:39,spatial_holdout,0,False,0,False,0,False,1,True
433510,99999,FORT COCHIN,IN,,,+09.967,+076.233,+0003.0,19540101,20250418,43351099999,9.967,76.233,3.0,True,FORT COCHIN,False,4:38,development,0,False,0,False,0,False,0,False
433520,99999,ALAPUZHA,IN,,,+09.550,+076.417,+0004.0,19440701,20241029,43352099999,9.55,76.417,4.0,True,ALAPUZHA,False,4:38,development,1711,True,1753,True,1561,True,1230,True
433530,99999,COCHIN,IN,,VOCC,+09.946,+076.272,+0002.4,19440101,20250824,43353099999,9.946,76.272,2.4,True,COCHIN,False,4:38,development,2858,True,2823,True,2762,True,2553,True
433540,99999,PUNALUR,IN,,,+09.000,+076.917,+0034.0,20020827,20250824,43354099999,9.0,76.917,34.0,True,PUNALUR,False,4:38,development,698,True,708,True,689,True,606,True
433550,99999,KOTTAYAM,IN,,,+09.533,+076.600,+0078.0,20010707,20250824,43355099999,9.533,76.6,78.0,True,KOTTAYAM,False,4:38,development,696,True,709,True,694,True,607,True
433560,99999,PERIAKULAM,IN,,,+10.000,+077.133,+0300.0,20151207,20250824,43356099999,10.0,77.133,300.0,True,PERIAKULAM,False,5:38,development,582,True,588,True,594,True,508,True
433570,99999,THRISSUR,IN,,,+10.517,+076.217,+0039.0,20151207,20250824,43357099999,10.517,76.217,39.0,True,THRISSUR,False,5:38,development,667,True,685,True,690,True,561,True
433580,99999,KOVILANGULAM,IN,,,+09.550,+078.083,+0103.0,20151208,20210515,43358099999,9.55,78.083,103.0,True,KOVILANGULAM,False,4:39,development,5,True,12,True,0,False,0,False
433590,99999,MADURAI,IN,,,+09.917,+078.117,+0133.0,19730101,20250824,43359099999,9.917,78.117,133.0,True,MADURAI,False,4:39,development,589,True,624,True,609,True,539,True
433600,99999,MADURAI,IN,,VOMD,+09.835,+078.093,+0139.9,19440101,20250824,43360099999,9.835,78.093,139.9,True,MADURAI,False,4:39,development,13861,True,14560,True,14578,True,13717,True
433610,99999,TONDI,IN,,,+09.733,+079.033,+0005.0,20030727,20250824,43361099999,9.733,79.033,5.0,True,TONDI,False,4:39,development,2892,True,2630,True,2871,True,2828,True
433630,99999,PAMBAN,IN,,,+09.283,+079.217,+0011.0,19440101,20250824,43363099999,9.283,79.217,11.0,True,PAMBAN,False,4:39,development,2888,True,2818,True,2801,True,2664,True
433640,99999,HUT BAY,IN,,,+10.583,+092.550,+0005.0,20020604,20250824,43364099999,10.583,92.55,5.0,True,HUT BAY,False,5:46,spatial_holdout,730,True,722,True,731,True,716,True
433670,99999,CAR NICOBAR,IN,,,+09.167,+092.833,+0010.0,19730101,20250824,43367099999,9.167,92.833,10.0,True,CAR NICOBAR,False,4:46,spatial_holdout,732,True,721,True,726,True,718,True
433680,99999,CAR NICOBAR(IN-AFB),IN,,VECX,+09.150,+092.817,+0014.0,19730101,20250716,43368099999,9.15,92.817,14.0,True,CAR NICOBAR(IN-AFB),False,4:46,spatial_holdout,9,True,1,True,135,True,241,True
433690,99999,MINICOY,IN,,,+08.300,+073.150,+0002.0,19440101,20250824,43369099999,8.3,73.15,2.0,True,MINICOY,False,4:36,spatial_holdout,261,True,365,True,2861,True,2842,True
433710,99999,THIRUVANANTHAPURAM,IN,,,+08.483,+076.950,+0064.0,19440101,20250824,43371099999,8.483,76.95,64.0,True,THIRUVANANTHAPURAM,False,4:38,development,2910,True,2879,True,2885,True,2875,True
433720,99999,THIRUVANANTHAPURAM INTL,IN,,VOTV,+08.482,+076.920,+0004.6,19960201,20250824,43372099999,8.482,76.92,4.6,True,THIRUVANANTHAPURAM INTL,False,4:38,development,16398,True,17709,True,17805,True,17734,True
433730,99999,TRIVANDRUM MET.OBS./THUMBA,IN,,,+08.533,+076.867,+0007.0,20030304,20220824,43373099999,8.533,76.867,7.0,True,TRIVANDRUM MET.OBS./THUMBA,False,4:38,development,1,True,0,False,1,True,0,False
433740,99999,KOVALAM,IN,,,+08.083,+077.250,+0035.0,20011027,20011027,43374099999,8.083,77.25,35.0,True,KOVALAM,False,4:38,development,0,False,0,False,0,False,0,False
433760,99999,PALAYANKOTTAI,IN,,,+08.733,+077.750,+0051.0,19730101,20250823,43376099999,8.733,77.75,51.0,True,PALAYANKOTTAI,False,4:38,development,635,True,523,True,506,True,608,True
433770,99999,KANNIYAKUMARI,IN,,,+08.083,+077.500,+0037.0,19800710,20250824,43377099999,8.083,77.5,37.0,True,KANNIYAKUMARI,False,4:38,development,2890,True,2872,True,2858,True,2751,True
433790,99999,TUTICORIN NEW PORT,IN,,,+08.750,+078.183,+0002.0,20090205,20250822,43379099999,8.75,78.183,2.0,True,TUTICORIN NEW PORT,False,4:39,development,595,True,524,True,502,True,458,True
433820,99999,NANCOWRY,IN,,,+07.983,+093.533,+0026.0,19730101,20250824,43382099999,7.983,93.533,26.0,True,NANCOWRY,False,3:46,spatial_holdout,728,True,718,True,726,True,717,True
433850,99999,KONDUL,IN,,,+07.217,+093.733,+0008.0,19730101,19970805,43385099999,7.217,93.733,8.0,True,KONDUL,False,3:46,spatial_holdout,0,False,0,False,0,False,0,False
433950,99999,MALE ISLAND,IN,,,+04.167,+073.500,+0006.0,19740730,19811214,43395099999,4.167,73.5,6.0,True,MALE ISLAND,False,2:36,spatial_holdout,0,False,0,False,0,False,0,False
435410,99999,SONAMARG          &,IN,,,+34.317,+075.317,+2515.0,19440101,19631112,43541099999,34.317,75.317,2515.0,True,SONAMARG          &,False,17:37,development,0,False,0,False,0,False,0,False
435420,99999,DRAS,IN,,,+34.433,+075.767,+3066.0,19550430,19631230,43542099999,34.433,75.767,3066.0,True,DRAS,False,17:37,development,0,False,0,False,0,False,0,False
749234,99999,GUSKHARA SOUTHEAST,IN,,,+23.467,+087.783,+0041.0,19431201,19441215,74923499999,23.467,87.783,41.0,True,GUSKHARA SOUTHEAST,False,11:43,development,0,False,0,False,0,False,0,False
749235,99999,CHAKULIA,IN,,,+22.450,+086.700,+0131.0,19421101,19450430,74923599999,22.45,86.7,131.0,True,CHAKULIA,False,11:43,development,0,False,0,False,0,False,0,False
749238,99999,RANIGANJ EAST,IN,,,+23.617,+087.200,+0086.0,19430531,19451229,74923899999,23.617,87.2,86.0,True,RANIGANJ EAST,False,11:43,development,0,False,0,False,0,False,0,False
749239,99999,SHERGHATI NORTHEAST,IN,,,+24.600,+084.883,+0149.0,19431130,19440418,74923999999,24.6,84.883,149.0,True,SHERGHATI NORTHEAST,False,12:42,spatial_holdout,0,False,0,False,0,False,0,False
749240,99999,MALANDIGHI NORTHWEST,IN,,,+23.633,+087.350,+0094.0,19431231,19441228,74924099999,23.633,87.35,94.0,True,MALANDIGHI NORTHWEST,False,11:43,development,0,False,0,False,0,False,0,False
749241,99999,KHARAGPUR SOUTHEAST,IN,,,+22.300,+087.333,+0041.0,19440103,19450903,74924199999,22.3,87.333,41.0,True,KHARAGPUR SOUTHEAST,False,11:43,development,0,False,0,False,0,False,0,False
749242,99999,BANKADAHA WEST,IN,,,+22.967,+087.300,+0079.0,19440229,19450921,74924299999,22.967,87.3,79.0,True,BANKADAHA WEST,False,11:43,development,0,False,0,False,0,False,0,False
749243,99999,PANDAVESWAR SW,IN,,,+23.717,+087.283,+0087.0,19450108,19450930,74924399999,23.717,87.283,87.0,True,PANDAVESWAR SW,False,11:43,development,0,False,0,False,0,False,0,False
749244,99999,DOOM-DOOMA,IN,,,+27.567,+095.567,+0130.0,19430331,19451015,74924499999,27.567,95.567,130.0,True,DOOM-DOOMA,False,13:47,spatial_holdout,0,False,0,False,0,False,0,False
749246,99999,BANSBERA NORTHEAST,IN,,,+26.800,+092.617,+0098.0,19431130,19451018,74924699999,26.8,92.617,98.0,True,BANSBERA NORTHEAST,False,13:46,development,0,False,0,False,0,False,0,False
749247,99999,JHANZI WEST,IN,,,+26.850,+094.433,+0092.0,19431231,19440219,74924799999,26.85,94.433,92.0,True,JHANZI WEST,False,13:47,spatial_holdout,0,False,0,False,0,False,0,False
749249,99999,HAILAKANDI NORTHWEST,IN,,,+24.717,+092.533,+0025.0,19440216,19440520,74924999999,24.717,92.533,25.0,True,HAILAKANDI NORTHWEST,False,12:46,spatial_holdout,0,False,0,False,0,False,0,False
749250,99999,MORAN SOUTHWEST,IN,,,+27.150,+094.900,+0100.0,19440220,19450228,74925099999,27.15,94.9,100.0,True,MORAN SOUTHWEST,False,13:47,spatial_holdout,0,False,0,False,0,False,0,False
749251,99999,SADIYA,IN,,,+27.850,+095.667,+0130.0,19431231,19440430,74925199999,27.85,95.667,130.0,True,SADIYA,False,13:47,spatial_holdout,0,False,0,False,0,False,0,False
749252,99999,DERGAON,IN,,,+26.717,+093.950,+0091.0,19440131,19450531,74925299999,26.717,93.95,91.0,True,DERGAON,False,13:46,development,0,False,0,False,0,False,0,False
